<?xml version="1.0" encoding="UTF-8"?>
<addon id="repository.GOAT4Real" name="GOAT4Real Repository" version="0.2.0" provider-name="GOAT4Real">
    <extension point="xbmc.addon.repository" name="GOAT4Real Repository">
    <dir>    
        <info compressed="false">https://raw.githubusercontent.com/GOAT4Real/GOAT4Real-Repo/master/_repo/addons.xml</info>
        <checksum>https://raw.githubusercontent.com/GOAT4Real/GOAT4Real-Repo/master/_repo/addons.xml.md5</checksum>
        <datadir zip="true">https://raw.githubusercontent.com/GOAT4Real/GOAT4Real-Repo/master/_repo/</datadir>
        <hashes>false</hashes>
    </dir>
    </extension>
    <extension point="xbmc.addon.metadata">
        <summary>GOAT4Real Repo</summary>
        <description>Modified Addons</description>
        <platform>all</platform>
    </extension>
</addon>