<?xml version="1.0" encoding="UTF-8"?>
<window>
	<defaultcontrol always="true">5550</defaultcontrol>
	<controls>
		<control type="button" id="5550">
			<visible allowhiddenfocus="true">False</visible>
			<onleft>Close</onleft>
			<onright>Close</onright>
			<onup>Close</onup>
			<ondown>Close</ondown>
			<onclick>Close</onclick>
		</control>
		<control type="group">
			<animation effect="slide" start="0,-634" end="0,0" time="300">WindowOpen</animation>
			<animation effect="slide" end="0,-634" start="0,0" time="300">WindowClose</animation>
			<left>1214</left>
			<top>0</top>
			<visible>!VideoPlayer.Content(livetv)</visible>
			<animation effect="fade" time="100">WindowClose</animation>
			<control type="image">
				<width>706</width>
				<height>634</height>
				<texture>background.png</texture>
				<colordiffuse>$VAR[ColorBackgroundVar]</colordiffuse>
			</control>
			<control type="grouplist">
				<left>38</left>
				<top>20</top>
				<width>630</width>
				<height>630</height>
				<itemgap>0</itemgap>
				<orientation>vertical</orientation>
				<include>VideoDebugContent</include>
			</control>
		</control>
		<control type="group">
			<animation effect="slide" start="0,-634" end="0,0" time="300">WindowOpen</animation>
			<animation effect="slide" end="0,-634" start="0,0" time="300">WindowClose</animation>
			<left>560</left>
			<top>0</top>
			<visible>VideoPlayer.Content(livetv)</visible>
			<animation effect="fade" time="100">WindowClose</animation>
			<control type="image">
				<width>1360</width>
				<height>634</height>
				<texture>background.png</texture>
				<colordiffuse>$VAR[ColorBackgroundVar]</colordiffuse>
			</control>
			<control type="grouplist">
				<left>38</left>
				<top>20</top>
				<width>630</width>
				<height>630</height>
				<itemgap>0</itemgap>
				<orientation>vertical</orientation>
				<include>VideoDebugContent</include>
			</control>
			<control type="grouplist">
				<left>698</left>
				<top>20</top>
				<width>630</width>
				<height>630</height>
				<itemgap>0</itemgap>
				<orientation>vertical</orientation>
				<control type="label">
					<height>50</height>
					<label>19005</label>
					<textcolor>$VAR[ColorHighlightVar]</textcolor>
					<font>font13_title</font>
				</control>
				<control type="label">
					<height>50</height>
					<label>$LOCALIZE[19012]: $INFO[PVR.ActStreamClient]</label>
				</control>
				<control type="label">
					<height>50</height>
					<label>$LOCALIZE[19006]: $INFO[PVR.ActStreamDevice]</label>
				</control>
				<control type="label">
					<height>50</height>
					<label>$LOCALIZE[19007]: $INFO[PVR.ActStreamStatus]</label>
				</control>
				<control type="label">
					<height>50</height>
					<label>$LOCALIZE[19010]: $INFO[PVR.ActStreamBER]</label>
				</control>
				<control type="label">
					<height>50</height>
					<label>$LOCALIZE[19011]: $INFO[PVR.ActStreamUNC]</label>
				</control>
				<control type="label">
					<height>50</height>
					<label>$LOCALIZE[19099]: $INFO[PVR.ActStreamServiceName]</label>
				</control>
				<control type="label">
					<height>50</height>
					<label>$LOCALIZE[19015]: $INFO[PVR.ActStreamEncryptionName]</label>
				</control>
				<control type="label">
					<height>50</height>
					<label>$LOCALIZE[19101]: $INFO[PVR.ActStreamProviderName]</label>
				</control>
				<!--<control type="label">
					<height>50</height>
					<label>$LOCALIZE[19100]: $INFO[PVR.ActStreamMux]</label>
				</control>-->
				<control type="label">
					<height>50</height>
					<label>$LOCALIZE[19008]: $INFO[PVR.ActStreamSignal]</label>
				</control>
				<control type="progress">
					<width>620</width>
					<height>14</height>
					<info>PVR.ActStreamProgrSignal</info>
				</control>
				<control type="label">
					<height>50</height>
					<label>$LOCALIZE[19009]: $INFO[PVR.ActStreamSNR]</label>
				</control>
				<control type="progress">
					<width>620</width>
					<height>14</height>
					<info>PVR.ActStreamProgrSNR</info>
				</control>
			</control>
		</control>
	</controls>
</window>
