<?xml version="1.0" encoding="UTF-8"?>
<window>
	<defaultcontrol always="true">8</defaultcontrol>
	<allowoverlay>no</allowoverlay>
	<onload>SendClick(9000,5)</onload>
	<controls>
		<include condition="System.HasAddon(script.extendedinfo)">HiddenActorList</include>
		<control type="group">
			<animation effect="fade" start="100" end="0" time="300" condition="Window.IsVisible(script-script.extendedinfo-DialogVideoInfo.xml) | Window.IsVisible(script-script.extendedinfo-DialogInfo.xml)">Conditional</animation>
			<include>FullscreenDimensions</include>
			<control type="image">
				<texture fallback="special://skin/backgrounds/default_bg.jpg">$INFO[Skin.String(CustomBackground)]</texture>
				<visible>String.IsEmpty(ListItem.Art(fanart))</visible>
			</control>
			<control type="image">
				<aspectratio align="center">scale</aspectratio>
				<texture background="true">$INFO[ListItem.Art(fanart)]</texture>
			</control>
			<control type="image">
				<texture>background.png</texture>
				<colordiffuse>$VAR[ColorBackgroundVar]</colordiffuse>
			</control>
		</control>
		<control type="group">
			<include>Animation.Common</include>
			<left>703</left>
			<control type="group">
				<top>60</top>
				<width>1150</width>
				<height>854</height>
				<control type="panel">
					<left>5</left>
					<top>118</top>
					<width>1150</width>
					<height>300</height>
					<orientation>horizontal</orientation>
					<pagecontrol>61</pagecontrol>
					<scrolltime tween="quadratic" easing="out">200</scrolltime>
					<itemlayout height="50" width="1150">
						<control type="label">
							<width>180</width>
							<height>50</height>
							<font>font15</font>
							<textcolor>$VAR[ColorHighlightVar]</textcolor>
							<label>$INFO[ListItem.Label2]</label>
						</control>
						<control type="label">
							<left>180</left>
							<width>970</width>
							<height>50</height>
							<font>font15</font>
							<label>$INFO[ListItem.Label]</label>
						</control>
					</itemlayout>
					<focusedlayout height="50" width="1150">
						<control type="label">
							<width>180</width>
							<height>50</height>
							<font>font15</font>
							<textcolor>$VAR[ColorHighlightVar]</textcolor>
							<label>$INFO[ListItem.Label2]</label>
						</control>
						<control type="label">
							<left>180</left>
							<width>970</width>
							<height>50</height>
							<font>font15</font>
							<label>$INFO[ListItem.Label]</label>
						</control>
					</focusedlayout>
					<content>
						<item>
							<label>$INFO[ListItem.Year]</label>
							<label2>$LOCALIZE[345]:</label2>
							<onclick>noop</onclick>
							<visible>!String.IsEmpty(ListItem.Year) + ![$EXP[isTvshow] | $EXP[isSeason] | $EXP[isEpisode]]</visible>
						</item>
						<item>
							<label>$INFO[ListItem.Premiered]</label>
							<label2>$LOCALIZE[20416]:</label2>
							<onclick>noop</onclick>
							<visible>!String.IsEmpty(ListItem.Premiered) + [$EXP[isTvshow] | $EXP[isSeason] | $EXP[isEpisode]]</visible>
						</item>
						<item>
							<label>$INFO[ListItem.mpaa]</label>
							<label2>$LOCALIZE[31189]:</label2>
							<onclick>noop</onclick>
							<visible>!String.IsEmpty(ListItem.mpaa)</visible>
						</item>
						<item>
							<label>$VAR[DurationVar] [LOWERCASE]$LOCALIZE[12391][/LOWERCASE]</label>
							<label2>$LOCALIZE[180]:</label2>
							<onclick>noop</onclick>
							<visible>![$EXP[isTvshow] + Skin.HasSetting(Disable.NextAired)]</visible>
							<visible>Integer.IsGreater(ListItem.Duration,0) | Integer.IsGreater(Window(Home).Property(NextAired.Runtime),0)</visible>
						</item>
						<item>
							<label>$INFO[ListItem.Top250,#]</label>
							<label2>$LOCALIZE[13409]:</label2>
							<onclick>noop</onclick>
							<visible>!String.IsEmpty(ListItem.Top250)</visible>
						</item>
						<item>
							<label>$INFO[ListItem.UserRating]</label>
							<label2>$LOCALIZE[38018]:</label2>
							<onclick>noop</onclick>
							<visible>!String.IsEmpty(ListItem.UserRating)</visible>
						</item>
						<item>
							<label>$INFO[ListItem.RatingAndVotes]</label>
							<label2>$LOCALIZE[563]:</label2>
							<onclick>noop</onclick>
							<visible>!String.IsEmpty(ListItem.Rating)</visible>
						</item>
						<item>
							<label>$INFO[ListItem.Genre]</label>
							<label2>$LOCALIZE[515]:</label2>
							<onclick>noop</onclick>
							<visible>!String.IsEmpty(ListItem.Genre)</visible>
						</item>
						<item>
							<label>$INFO[ListItem.Studio]</label>
							<label2>$LOCALIZE[572]:</label2>
							<onclick>noop</onclick>
							<visible>!String.IsEmpty(ListItem.Studio)</visible>
						</item>
						<item>
							<label>$INFO[Window(Home).Property(NextAired.NextNumber),, - ]$INFO[Window(Home).Property(NextAired.NextTitle)]</label>
							<label2>$LOCALIZE[31010]:</label2>
							<onclick>noop</onclick>
							<visible>$EXP[isTvshow] + !String.IsEmpty(Window(Home).Property(NextAired.NextDate))</visible>
						</item>
						<item>
							<label>$INFO[Window(Home).Property(NextAired.LatestNumber),, - ]$INFO[Window(Home).Property(NextAired.LatestTitle)]</label>
							<label2>$LOCALIZE[31011]:</label2>
							<onclick>noop</onclick>
							<visible>$EXP[isTvshow] + !String.IsEmpty(Window(Home).Property(NextAired.LatestDate)) + String.IsEmpty(Window(Home).Property(NextAired.NextDate))</visible>
						</item>
						<item>
							<label>$INFO[Window(Home).Property(NextAired.NextDate),, | ]$INFO[Window(Home).Property(NextAired.AirTime)]</label>
							<label2>$LOCALIZE[31012]:</label2>
							<onclick>noop</onclick>
							<visible>$EXP[isTvshow] + !String.IsEmpty(Window(Home).Property(NextAired.NextDate))</visible>
						</item>
						<item>
							<label>$INFO[ListItem.Director]</label>
							<label2>$LOCALIZE[20339]:</label2>
							<onclick>SendClick(2003,13)</onclick>
							<visible>!String.IsEmpty(ListItem.Director)</visible>
						</item>
						<item>
							<label>$INFO[ListItem.Writer]</label>
							<label2>$LOCALIZE[20417]:</label2>
							<onclick>noop</onclick>
							<visible>!String.IsEmpty(ListItem.Writer)</visible>
						</item>
						<item>
							<label>[UPPERCASE]$INFO[ListItem.Property(AudioLanguage.1)]$INFO[ListItem.Property(AudioLanguage.2),/]$INFO[ListItem.Property(AudioLanguage.3),/]$INFO[ListItem.Property(AudioLanguage.4),/]$INFO[ListItem.Property(AudioLanguage.5),/]$INFO[ListItem.Property(AudioLanguage.6),/]$INFO[ListItem.Property(AudioLanguage.7),/][/UPPERCASE]</label>
							<label2>$LOCALIZE[292]:</label2>
							<onclick>noop</onclick>
							<visible>!String.IsEmpty(ListItem.Property(AudioLanguage.1))</visible>
						</item>
						<item>
							<label>[UPPERCASE]$INFO[ListItem.Property(SubtitleLanguage.1)]$INFO[ListItem.Property(SubtitleLanguage.2),/]$INFO[ListItem.Property(SubtitleLanguage.3),/]$INFO[ListItem.Property(SubtitleLanguage.4),/]$INFO[ListItem.Property(SubtitleLanguage.5),/]$INFO[ListItem.Property(SubtitleLanguage.6),/]$INFO[ListItem.Property(SubtitleLanguage.7),/][/UPPERCASE]</label>
							<label2>$LOCALIZE[462]:</label2>
							<onclick>noop</onclick>
							<visible>!String.IsEmpty(ListItem.Property(SubtitleLanguage.1))</visible>
						</item>
						<item>
							<label>$INFO[ListItem.Country]</label>
							<label2>$LOCALIZE[574]:</label2>
							<onclick>noop</onclick>
							<visible>!String.IsEmpty(ListItem.Country)</visible>
						</item>
						<item>
							<label>$INFO[Window(Home).Property(NextAired.Country)]</label>
							<label2>$LOCALIZE[574]:</label2>
							<onclick>noop</onclick>
							<visible>$EXP[isTvshow] + !String.IsEmpty(Window(Home).Property(NextAired.Country))</visible>
						</item>
						<item>
							<label>$INFO[ListItem.PlayCount]</label>
							<label2>$LOCALIZE[567]:</label2>
							<onclick>noop</onclick>
							<visible>!String.IsEmpty(ListItem.PlayCount)</visible>
						</item>
						<item>
							<label>$INFO[ListItem.PercentPlayed,,%]</label>
							<label2 fallback="-">$LOCALIZE[575]:</label2>
							<onclick>noop</onclick>
							<visible>ListItem.IsResumable</visible>
						</item>
						<item>
							<label>$INFO[ListItem.LastPlayed]</label>
							<label2 fallback="-">$LOCALIZE[568]:</label2>
							<onclick>noop</onclick>
							<visible>!String.IsEmpty(ListItem.LastPlayed)</visible>
						</item>
						<item>
							<label>$INFO[ListItem.DateAdded]</label>
							<label2>$LOCALIZE[31190]:</label2>
							<onclick>noop</onclick>
							<visible>!String.IsEmpty(ListItem.DateAdded)</visible>
						</item>
						<item>
							<label>$INFO[ListItem.Path]</label>
							<label2>$LOCALIZE[573]:</label2>
							<onclick>noop</onclick>
							<visible>!String.IsEmpty(ListItem.Path)</visible>
						</item>
						<item>
							<label>$INFO[ListItem.Filename]</label>
							<label2>$LOCALIZE[21800]:</label2>
							<onclick>noop</onclick>
							<visible>!String.IsEmpty(ListItem.Filename)</visible>
						</item>
					</content>
				</control>
				<control type="scrollbar" id="61">
					<visible allowhiddenfocus="true">Control.HasFocus(61)</visible>
					<left>2</left>
					<top>430</top>
					<width>1145</width>
					<height>10</height>
					<onup>9000</onup>
					<ondown>9000</ondown>
					<onleft>61</onleft>
					<onright>61</onright>
					<orientation>horizontal</orientation>
				</control>
				<control type="textbox" id="4">
					<description>Plot</description>
					<include>HiddenObject</include>
				</control>
				<control type="textbox" id="400">
					<description>Plot</description>
					<animation effect="fade" time="300" start="0" end="100" delay="100">Visible</animation>
					<left>5</left>
					<top>545</top>
					<width>1120</width>
					<height>330</height>
					<font>font15_textbox</font>
					<label>$VAR[VideoInfoPlotVar]</label>
					<pagecontrol>60</pagecontrol>
					<autoscroll time="3000" delay="4000" repeat="5000">Skin.HasSetting(Enable.AutoScroll)</autoscroll>
					<visible>![Control.HasFocus(50) | Control.HasFocus(150) | Control.HasFocus(250) | Control.HasFocus(555) | Control.HasFocus(206) | Control.HasFocus(204) | Control.HasFocus(90019) | Control.HasFocus(61)] | [![ControlGroup(9000).HasFocus(555) | ControlGroup(9000).HasFocus(206) | ControlGroup(9000).HasFocus(204)] + Control.HasFocus(61)]</visible>
				</control>
				<control type="scrollbar" id="60">
					<visible allowhiddenfocus="true">Control.HasFocus(60) + [Container(400).HasNext | Container(400).HasPrevious]</visible>
					<left>1140</left>
					<top>545</top>
					<width>10</width>
					<height>330</height>
					<onleft>9000</onleft>
					<onright>9000</onright>
					<orientation>vertical</orientation>
				</control>
				<control type="group">
					<visible>![Control.IsVisible(150) | Control.IsVisible(250) | Control.HasFocus(206) | Control.IsVisible(90019)]</visible>
					<animation effect="fade" time="300" start="0" end="100" delay="100">Visible</animation>
					<include content="MediaFlags">
						<param name="left" value="0" />
						<param name="top" value="890" />
						<param name="align" value="left" />
						<param name="orientation" value="horizontal" />
					</include>
				</control>
				<control type="group">
					<visible>$EXP[isTvshow] + !Control.IsVisible(150) + !Control.IsVisible(90019)</visible>
					<animation effect="fade" time="300" start="0" end="100" delay="100">Visible</animation>
					<top>875</top>
					<control type="group">
						<visible>!String.IsEmpty(ListItem.Property(TotalSeasons))</visible>
						<width>200</width>
						<control type="label">
							<top>4</top>
							<width>200</width>
							<height>60</height>
							<align>center</align>
							<label>$INFO[ListItem.Property(TotalSeasons)]</label>
							<font>font16</font>
							<wrapmultiline>true</wrapmultiline>
						</control>
						<control type="label">
							<top>52</top>
							<width>200</width>
							<height>30</height>
							<align>center</align>
							<label>[LOWERCASE]$VAR[OneOrMoreSeasonsVar][/LOWERCASE]</label>
							<font>font12</font>
						</control>
					</control>
					<control type="group">
						<visible>!String.IsEmpty(ListItem.Property(TotalEpisodes))</visible>
						<animation effect="slide" time="0" start="0" end="-200" condition="String.IsEmpty(ListItem.Property(TotalSeasons))">Conditional</animation>
						<left>200</left>
						<width>200</width>
						<control type="label">
							<top>4</top>
							<width>200</width>
							<height>60</height>
							<align>center</align>
							<label>$INFO[ListItem.Property(TotalEpisodes)]</label>
							<font>font16</font>
							<wrapmultiline>true</wrapmultiline>
						</control>
						<control type="label">
							<top>52</top>
							<width>200</width>
							<height>30</height>
							<align>center</align>
							<label>[LOWERCASE]$VAR[OneOrMoreEpisodesVar][/LOWERCASE]</label>
							<font>font12</font>
						</control>
					</control>
					<control type="group">
						<visible>!String.IsEmpty(ListItem.Property(UnWatchedEpisodes))</visible>
						<animation effect="slide" time="0" start="0" end="-200" condition="String.IsEmpty(ListItem.Property(TotalSeasons))">Conditional</animation>
						<left>400</left>
						<width>200</width>
						<control type="label">
							<top>4</top>
							<width>200</width>
							<height>60</height>
							<align>center</align>
							<label>$INFO[ListItem.Property(UnWatchedEpisodes)]</label>
							<font>font16</font>
							<wrapmultiline>true</wrapmultiline>
						</control>
						<control type="label">
							<top>52</top>
							<width>200</width>
							<height>30</height>
							<align>center</align>
							<label>[LOWERCASE]$LOCALIZE[16101][/LOWERCASE]</label>
							<font>font12</font>
						</control>
					</control>
				</control>
				<control type="group">
	                <visible>Integer.IsGreater(Container(50).NumItems,0)</visible>
	                <animation effect="fade" time="320" delay="300">Visible</animation>
	                <control type="image">
	                	<visible>Control.HasFocus(50)</visible>
	                    <left>-9</left>
	                    <top>551</top>
	                    <width>301</width>
	                    <height>430</height>
	                    <animation effect="fade" time="320" delay="200">Visible</animation>
	                    <animation effect="fade" time="200">Hidden</animation>
	                    <texture colordiffuse="$VAR[ColorHighlightVar]">listselect_fo.png</texture>
	                    <animation effect="slide" end="289,0" time="300" tween="cubic" easing="inout" condition="Container(50).Column(3)">Conditional</animation>
	                    <animation effect="slide" end="289,0" time="300" tween="cubic" easing="inout" condition="Container(50).Column(3) | Container(50).Column(2)">Conditional</animation>
	                    <animation effect="slide" end="289,0" time="300" tween="cubic" easing="inout" condition="Container(50).Column(3) | Container(50).Column(2) | Container(50).Column(1)">Conditional</animation>
	                </control>
	            </control>
	            <control type="group">
	                <visible>Integer.IsGreater(Container(90019).NumItems,0)</visible>
	                <animation effect="fade" time="320" delay="300">Visible</animation>
	                <control type="image">
	                	<visible>Control.HasFocus(90019)</visible>
	                    <left>-9</left>
	                    <top>531</top>
	                    <width>301</width>
	                    <height>430</height>
	                    <animation effect="fade" time="320" delay="200">Visible</animation>
	                    <animation effect="fade" time="200">Hidden</animation>
	                    <texture colordiffuse="$VAR[ColorHighlightVar]">listselect_fo.png</texture>
	                    <animation effect="slide" end="289,0" time="300" tween="cubic" easing="inout" condition="Container(90019).Column(3)">Conditional</animation>
	                    <animation effect="slide" end="289,0" time="300" tween="cubic" easing="inout" condition="Container(90019).Column(3) | Container(90019).Column(2)">Conditional</animation>
	                    <animation effect="slide" end="289,0" time="300" tween="cubic" easing="inout" condition="Container(90019).Column(3) | Container(90019).Column(2) | Container(90019).Column(1)">Conditional</animation>
	                </control>
	            </control>
				<include condition="!System.HasAddon(script.extendedinfo)">DefaultActorList</include>
				<include condition="System.HasAddon(script.extendedinfo)">ExtendedActorList</include>
			</control>
			<!--<control type="group">
                <visible>Integer.IsGreater(Container(150).NumItems,0)</visible>
                <animation effect="fade" time="320" delay="300">Visible</animation>
                <control type="image">
                	<visible>Control.HasFocus(150)</visible>
                    <left>-9</left>
                    <top>571</top>
                    <width>590</width>
                    <height>396</height>
                    <animation effect="fade" time="320" delay="200">Visible</animation>
                    <animation effect="fade" time="200">Hidden</animation>
                    <texture colordiffuse="$VAR[ColorHighlightVar]">listselect_fo.png</texture>
                    <animation effect="slide" end="578,0" time="300" tween="cubic" easing="inout" condition="Container(150).Column(1)">Conditional</animation>
                </control>
            </control>
			<control type="panel" id="150">
                <description>YouTube Videos</description>
                <animation effect="fade" time="300" delay="0" tween="sine" easing="inout" start="0" end="100">Visible</animation>
                <left>-3</left>
				<top>545</top>
				<width>1156</width>
				<height>472</height>
				<onleft>150</onleft>
				<onright>150</onright>
				<onup>9000</onup>
                <ondown>9000</ondown>
				<orientation>horizontal</orientation>
                <preloaditems>2</preloaditems>
                <scrolltime tween="quadratic" easing="out">300</scrolltime>
                <visible>[ControlGroup(9000).HasFocus(204) | Control.HasFocus(150)] + System.HasAddon(script.extendedinfo)</visible>
                <itemlayout height="472" width="578">
                	<control type="group">
                		<top>32</top>
						<control type="image">
							<top>6</top>
							<left>6</left>
							<width>566</width>
	                        <height>372</height>
							<aspectratio>scale</aspectratio>
							<texture background="true">$INFO[ListItem.Art(thumb)]</texture>
						</control>
						<control type="image">
							<top>6</top>
							<left>6</left>
							<width>566</width>
							<height>372</height>
							<texture>thumbs/diffuse.png</texture>
						</control>
	                    <control type="image">
	                        <top>283</top>
	                        <left>6</left>
	                        <width>566</width>
	                        <height>95</height>
	                        <texture>black.png</texture>
	                        <colordiffuse>bbffffff</colordiffuse>
							<visible>!String.IsEmpty(ListItem.Label)</visible>							
	                    </control>					
						<control type="textbox">
	                        <left>16</left>
	                        <top>286</top>
	                        <width>546</width>
	                        <height>90</height>
							<font>font_Actor</font>
							<label>$INFO[ListItem.Label]</label>
						</control>
					</control>
				</itemlayout>
				<focusedlayout height="472" width="578">
                    <control type="group">
                    	<top>32</top>
                    	<include>PanelFocusedItemZoom</include>
						<control type="image">
							<top>6</top>
							<left>6</left>
							<width>566</width>
							<height>372</height>
							<aspectratio>scale</aspectratio>
							<texture background="true" fallback="blank.png">$INFO[ListItem.Art(thumb)]</texture>
						</control>
						<control type="image">
							<animation center="auto" condition="Control.HasFocus(150)" easing="inout" effect="fade" end="0" start="100" time="300" tween="sine">Focus</animation>
							<animation center="auto" condition="Control.HasFocus(150)" easing="inout" effect="fade" end="100" start="0" time="300" tween="sine">UnFocus</animation>
							<top>6</top>
							<left>6</left>
							<width>566</width>
							<height>372</height>
							<texture>thumbs/diffuse.png</texture>
						</control>							
                        <control type="image">
                            <top>283</top>
							<left>6</left>
                            <width>566</width>
                            <height>95</height>
                            <texture>black.png</texture>
                            <colordiffuse>bbffffff</colordiffuse>
							<visible>!String.IsEmpty(ListItem.Label)</visible>							
                        </control>						
						<control type="textbox">
                           <left>16</left>
                            <top>286</top>
                            <width>546</width>
                            <height>90</height>
							<font>font_Actor</font>
							<label>$INFO[ListItem.Label]</label>
							<autoscroll time="3000" delay="4000" repeat="5000">Skin.HasSetting(Enable.AutoScroll)</autoscroll>
						</control>
					</control>
				</focusedlayout>
				<content>$VAR[VideoInfoYoutubePath]</content>
            </control>-->
            <control type="group">
	            <visible>Integer.IsGreater(Container(250).NumItems,0)</visible>
	            <animation effect="fade" time="320" delay="300">Visible</animation>
	            <control type="image">
	            	<visible>Control.HasFocus(250)</visible>
	                <left>-9</left>
	                <top>571</top>
	                <width>301</width>
	                <height>433</height>
	                <animation effect="fade" time="320" delay="200">Visible</animation>
	                <animation effect="fade" time="200">Hidden</animation>
	                <texture colordiffuse="$VAR[ColorHighlightVar]">listselect_fo.png</texture>
	                <animation effect="slide" end="289,0" time="300" tween="cubic" easing="inout" condition="Container(250).Column(3)">Conditional</animation>
	                <animation effect="slide" end="289,0" time="300" tween="cubic" easing="inout" condition="Container(250).Column(3) | Container(250).Column(2)">Conditional</animation>
	                <animation effect="slide" end="289,0" time="300" tween="cubic" easing="inout" condition="Container(250).Column(3) | Container(250).Column(2) | Container(250).Column(1)">Conditional</animation>
	            </control>
	        </control>
	        <control type="panel" id="250">
	            <description>Set</description>
	            <left>-3</left>
				<top>545</top>
				<width>1156</width>
				<height>453</height>
	            <onleft>250</onleft>
	            <onright>250</onright>
	            <onup>9000</onup>
	            <ondown>9000</ondown>
	            <orientation>horizontal</orientation>
	            <scrolltime tween="quadratic" easing="out">300</scrolltime>
	            <visible>ControlGroup(9000).HasFocus(206) | Control.HasFocus(250)</visible>
	            <animation effect="fade" start="0" end="100" time="500" tween="sine" easing="inout">VisibleChange</animation>
	            <itemlayout height="453" width="289">
	            	<control type="group">
	            		<top>32</top>
						<control type="image">
							<top>6</top>
							<left>6</left>
							<width>277</width>
		                    <height>409</height>
							<aspectratio align="center" aligny="center">scale</aspectratio>
							<texture background="true">$INFO[ListItem.Art(thumb)]</texture>
						</control>
						<control type="image">
							<top>6</top>
							<left>6</left>
							<width>277</width>
		                    <height>409</height>
							<texture>thumbs/diffuse.png</texture>
						</control>
						<control type="image">
							<top>6</top>
							<left>243</left>
		                    <width>40</width>
		                    <height>40</height>
		                    <texture>WidgetIndicator.png</texture>								
							<visible>!String.IsEmpty(ListItem.Property(DBID))</visible>							
		                </control>
		            </control>
				</itemlayout>
				<focusedlayout height="453" width="289">
	                <control type="group">
	                	<top>32</top>
	                	<include>PanelFocusedItemZoom</include>
	                    <control type="image">
	                       	<top>6</top>
							<left>6</left>
							<width>277</width>
	                    	<height>409</height>
	                        <aspectratio align="center" aligny="center">scale</aspectratio>
	                        <texture background="true" fallback="default_Actor.png">$INFO[ListItem.Art(thumb)]</texture>
	                    </control>
	                    <control type="image">
	                    	<animation center="auto" condition="Control.HasFocus(250)" easing="inout" effect="fade" end="0" start="100" time="300" tween="sine">Focus</animation>
							<animation center="auto" condition="Control.HasFocus(250)" easing="inout" effect="fade" end="100" start="0" time="300" tween="sine">UnFocus</animation>
							<top>6</top>
							<left>6</left>
							<width>277</width>
	                        <height>409</height>
							<texture>thumbs/diffuse.png</texture>
						</control>
						<control type="image">
							<top>6</top>
							<left>243</left>
	                        <width>40</width>
	                        <height>40</height>
	                        <texture>WidgetIndicator.png</texture>								
							<visible>!String.IsEmpty(ListItem.Property(DBID))</visible>							
	                    </control>
	                </control>
				</focusedlayout>
				<content target="video">videodb://movies/sets/$INFO[ListItem.SetID]</content>
	        </control>
            <!--<control type="label">
            	<left>-3</left>
				<top>576</top>
				<width>1156</width>
				<height>440</height>
				<align>center</align>
            	<visible>ControlGroup(9000).HasFocus(204) + !Integer.IsGreater(Container(150).NumItems,0)</visible>
            	<label>31137</label>
            	<font>font16_title</font>
            	<animation effect="fade" time="400" tween="inout" easing="sine" start="0" end="100" delay="5000">Visible</animation>
            </control>
            <control type="label">
                <left>862</left>
                <top>1012</top>
                <width>300</width>
                <height>40</height>
                <font>font13_title</font>
                <textoffsetx>15</textoffsetx>
                <align>right</align>
                <aligny>top</aligny>
                <label>$INFO[Container(150).NumItems,, $LOCALIZE[31025] • ][COLOR $VAR[ColorHighlightVar]]$INFO[Container(150).CurrentPage]$INFO[Container(150).NumPages,/][/COLOR]</label>
                <visible>Integer.IsGreater(Container(150).NumItems,0) + [ControlGroup(9000).HasFocus(204) | Control.HasFocus(150)]</visible>
                <animation effect="fade" start="0" end="100" time="500" tween="sine" easing="inout">Visible</animation>
            </control>-->
            <control type="label">
                <left>-10</left>
                <top>1017</top>
                <width>800</width>
                <height>40</height>
                <font>font13_title</font>
                <textoffsetx>15</textoffsetx>
                <aligny>top</aligny>
                <label>$INFO[ListItem.Set]</label>
                <visible>Integer.IsGreater(Container(250).NumItems,0) + [ControlGroup(9000).HasFocus(206) | Control.HasFocus(250)]</visible>
                <animation effect="fade" start="0" end="100" time="500" tween="sine" easing="inout">Visible</animation>
            </control>
            <control type="label">
                <left>862</left>
                <top>1025</top>
                <width>300</width>
                <height>40</height>
                <font>font13_title</font>
                <textoffsetx>15</textoffsetx>
                <textcolor>disabled</textcolor>
                <align>right</align>
                <label>$INFO[Container(250).NumItems,, $LOCALIZE[31025] • ]$INFO[Container(250).CurrentPage]$INFO[Container(250).NumPages,/]</label>
                <visible>Integer.IsGreater(Container(250).NumItems,0) + [ControlGroup(9000).HasFocus(206) | Control.HasFocus(250)]</visible>
                <animation effect="fade" start="0" end="100" time="500" tween="sine" easing="inout">Visible</animation>
            </control>
            <control type="label">
                <left>862</left>
                <top>1025</top>
                <width>300</width>
                <height>40</height>
                <font>font13_title</font>
                <textoffsetx>15</textoffsetx>
                <textcolor>disabled</textcolor>
                <align>right</align>
                <label>$INFO[Container(50).NumItems,, $LOCALIZE[31025] • ]$INFO[Container(50).CurrentPage]$INFO[Container(50).NumPages,/]</label>
                <visible>Integer.IsGreater(Container(50).NumItems,0) + [ControlGroup(9000).HasFocus(555) | Control.HasFocus(50)] + !System.HasAddon(script.extendedinfo)</visible>
                <animation effect="fade" start="0" end="100" time="500" tween="sine" easing="inout">Visible</animation>
            </control>
            <control type="label">
                <left>862</left>
                <top>1025</top>
                <width>300</width>
                <height>40</height>
                <font>font13_title</font>
                <textoffsetx>15</textoffsetx>
                <textcolor>disabled</textcolor>
                <align>right</align>
                <label>$INFO[Container(90019).NumItems,, $LOCALIZE[31025] • ]$INFO[Container(90019).CurrentPage]$INFO[Container(90019).NumPages,/]</label>
                <visible>Integer.IsGreater(Container(90019).NumItems,0) + [ControlGroup(9000).HasFocus(555) | Control.HasFocus(90019)] + System.HasAddon(script.extendedinfo)</visible>
                <animation effect="fade" start="0" end="100" time="500" tween="sine" easing="inout">Visible</animation>
            </control>
            <control type="group">
                <include>VisibleFadeEffect</include>
                <visible>ControlGroup(9000).HasFocus()</visible>
                <height>30</height>
                <top>525</top>
                <left>-50</left>
                <control type="label">
                    <visible>Container(9000).HasPrevious</visible>
                    <width>30</width>
                    <height>30</height>
                    <align>center</align>
                    <label></label>
                    <font>IconTiny</font>
                    <textcolor>disabled</textcolor>
                </control>
                <control type="label">
                    <visible>Container(9000).HasNext</visible>
                    <left>1220</left>
                    <width>30</width>
                    <height>30</height>
                    <align>center</align>
                    <label></label>
                    <font>IconTiny</font>
                    <textcolor>disabled</textcolor>
                </control>
            </control>
			<control type="group">
				<left>2</left>
				<top>510</top>
				<control type="grouplist" id="9000">
					<width>1145</width>
					<height>60</height>
					<itemgap>10</itemgap>
					<onup>61</onup>
					<onleft>9000</onleft>
					<onright>9000</onright>
					<align>left</align>
					<ondown condition="Control.IsVisible(400) + [Container(400).HasNext | Container(400).HasPrevious]">60</ondown>
					<ondown condition="!System.HasAddon(script.extendedinfo) + Control.IsVisible(50)">50</ondown>
					<ondown condition="System.HasAddon(script.extendedinfo) + Control.IsVisible(90019)">90019</ondown>
					<ondown condition="Control.IsVisible(150)">150</ondown>
					<ondown condition="Control.IsVisible(250)">250</ondown>
					<orientation>horizontal</orientation>
					<control type="togglebutton" id="8">
						<description>Play/browse to Show</description>
						<include>ButtonInfoDialogsCommonValues</include>
						<label>208</label>
						<altlabel>1024</altlabel>
						<usealttexture>$EXP[isTvshow]</usealttexture>
					</control>
					<control type="button" id="5">
						<description>Cast/Plot</description>
						<include>ButtonInfoDialogsCommonValues</include>
						<label>206</label>
						<visible>False</visible>
					</control>
					<control type="button" id="555">
						<description>Cast</description>
						<include>ButtonInfoDialogsCommonValues</include>
						<label>206</label>
						<visible>$EXP[isMovie] | $EXP[isTvshow] | $EXP[isSeason] | $EXP[isEpisode]</visible>
					</control>
					<control type="button" id="206">
						<description>Sets list</description>
						<include>ButtonInfoDialogsCommonValues</include>
						<label>[CAPITALIZE]$LOCALIZE[36910][/CAPITALIZE]</label>
						<visible>$EXP[isMovie] + !String.IsEmpty(ListItem.SetID)</visible>
					</control>
					<control type="button" id="11">
						<description>Play Trailer</description>
						<include>ButtonInfoDialogsCommonValues</include>
						<label>20410</label>
						<visible>False</visible>
					</control>
					<!--<control type="button" id="204">
						<description>YouTube</description>
						<include>ButtonInfoDialogsCommonValues</include>
						<label>31070</label>
						<onclick>noop</onclick>
						<enable>System.HasAddon(script.extendedinfo)</enable>
						<visible>$EXP[isMovie] | $EXP[isTvshow] | $EXP[isSeason] | $EXP[isEpisode]</visible>
					</control>-->
					<control type="button" id="7">
						<description>User ratings</description>
						<include>ButtonInfoDialogsCommonValues</include>
						<label>38023</label>
					</control>
					<control type="button" id="10">
						<description>Get Thumb</description>
						<include>ButtonInfoDialogsCommonValues</include>
						<label>13511</label>
						<enable>!Skin.HasSetting(KioskMode.Enabled)</enable>
					</control>
					<control type="button" id="203">
						<description>Spacer</description>
						<include>ButtonInfoDialogsCommonValues</include>
						<enable>False</enable>
						<visible>[!$EXP[isMovie] + !System.HasAddon(script.extendedinfo)] | $EXP[isMusicvideo]</visible>
					</control>
					<control type="button" id="6">
						<description>Refresh</description>
						<include>ButtonInfoDialogsCommonValues</include>
						<label>184</label>
						<enable>!Skin.HasSetting(KioskMode.Enabled)</enable>
					</control>
					<control type="button" id="207">
						<description>Extras</description>
						<include>ButtonInfoDialogsCommonValues</include>
						<label>22082</label>
						<onclick>RunScript(script.mimic.extras)</onclick>
						<enable>!String.IsEmpty(ListItem.Art(fanart)) + !Skin.HasSetting(KioskMode.Enabled)</enable>
					</control>
				</control>
			</control>
		</control>
		<control type="group">
			<include>Animation.Common</include>
			<control type="image">
				<visible>$EXP[isMovie] | $EXP[isTvshow] | $EXP[isSeason] | $EXP[isEpisode]</visible>
				<top>190</top>
				<left>72</left>
				<width>560</width>
				<height>820</height>
				<aspectratio align="center" aligny="center">scale</aspectratio>
				<texture background="true">$VAR[PosterVar]</texture>
			</control>
			<control type="image">
				<visible>![$EXP[isMovie] | $EXP[isTvshow] | $EXP[isSeason] | $EXP[isEpisode]]</visible>
				<top>190</top>
				<left>72</left>
				<width>560</width>
				<height>820</height>
				<aspectratio align="center" aligny="top">keep</aspectratio>
				<texture background="true">$VAR[PosterVar]</texture>
			</control>
		</control>
		<include>Topbar</include>
		<control type="group">
			<visible allowhiddenfocus="true">Control.HasFocus(90400)</visible>
			<include>VisibleFadeEffect</include>
			<control type="button" id="90400">
				<description>FS Fanart button</description>
				<width>FullScreenWidth</width>
				<height>1080</height>
				<texturefocus>-</texturefocus>
				<texturenofocus>-</texturenofocus>
				<onclick>SetFocus(9000)</onclick>
				<onleft>SetFocus(9000)</onleft>
				<onright>SetFocus(9000)</onright>
				<onup>SetFocus(9000)</onup>
				<ondown>SetFocus(9000)</ondown>
				<label>-</label>
				<hitrect x="0" y="0" w="0" h="0"/>
			</control>
			<control type="image">
				<include>FullscreenDimensions</include>
				<texture>$INFO[ListItem.Art(fanart)]</texture>
			</control>
			<control type="image">
				<left>1400</left>
				<top>820</top>
				<width>400</width>
				<height>200</height>
				<aspectratio>keep</aspectratio>
				<texture background="true">$INFO[ListItem.Art(clearlogo)]</texture>
			</control>
		</control>
	</controls>
</window>