<?xml version="1.0" encoding="UTF-8"?>
<window>
	<defaultcontrol>5</defaultcontrol>
	<coordinates>
		<system>1</system>
		<left>361</left>
		<top>170</top>
	</coordinates>
	<include>dialogeffect</include>
	<controls>
		<include content="DialogBackgroundCommons">
			<param name="DialogBackgroundWidth" value="1198" />
			<param name="DialogBackgroundHeight" value="740" />
			<param name="DialogHeaderLabel" value="-" />
			<param name="DialogHeaderId" value="2" />
		</include>
		<control type="grouplist" id="5">
			<description>control area</description>
			<left>31</left>
			<top>88</top>
			<width>1138</width>
			<height>540</height>
			<itemgap>0</itemgap>
			<pagecontrol>6</pagecontrol>
			<onup>5</onup>
			<ondown>5</ondown>
			<onleft>9001</onleft>
			<onright>6</onright>
		</control>
		<control type="scrollbar" id="6">
			<left>1173</left>
			<top>88</top>
			<width>10</width>
			<height>540</height>
			<onleft>5</onleft>
			<onright>9001</onright>
			<orientation>vertical</orientation>
		</control>
		<control type="button" id="7">
			<description>Default Button</description>
		</control>
		<control type="radiobutton" id="8">
			<description>Default RadioButton</description>
		</control>
		<control type="spincontrolex" id="9">
			<description>Default SpinControlex</description>
		</control>
		<control type="edit" id="12">
			<description>Default Edit Control</description>
		</control>
		<control type="sliderex" id="13">
			<description>Default Slider</description>
		</control>
		<control type="label" id="14">
			<description>Default Label</description>
			<height>58</height>
			<font>font14</font>
			<align>center</align>
 		</control>
		<!-- button group -->
		<control type="grouplist" id="9001">
			<left>31</left>
			<top>648</top>
			<height>60</height>
			<width>1138</width>
			<onup>5</onup>
			<onleft>9001</onleft>
			<onright>9001</onright>
			<ondown>5</ondown>
			<align>center</align>
			<itemgap>0</itemgap>
			<orientation>horizontal</orientation>
			<control type="button" id="28">
				<description>Ok Button</description>
				<width>379</width>
				<label>-</label>
				<align>center</align>
				<font>font15_title</font>
			</control>
			<control type="button" id="29">
				<description>Cancel Button</description>
				<width>379</width>
				<label>-</label>
				<align>center</align>
				<font>font15_title</font>
			</control>
			<control type="button" id="30">
				<description>Clear/Settings Button</description>
				<width>379</width>
				<label>-</label>
				<align>center</align>
				<font>font15_title</font>
			</control>
		</control>
	</controls>
</window>