<?xml version="1.0" encoding="UTF-8"?>
<window>
	<defaultcontrol>1</defaultcontrol>
	<coordinates>
		<system>0</system>
		<left>785</left>
	</coordinates>
	<controls>
		<control type="group">
			<animation effect="slide" start="0,-60" end="0,0" time="200">WindowOpen</animation>
			<animation effect="slide" start="0,0" end="0,-60" time="200">WindowClose</animation>
			<animation effect="slide" start="0,0" end="0,-60" time="200">Hidden</animation>
			<control type="image">
				<width>350</width>
				<height>70</height>
				<texture flipy="true" border="12">button_border.png</texture>
				<colordiffuse>$VAR[ColorDialogVar]</colordiffuse>
			</control>
			<control type="togglebutton" id="90025">
				<left>12</left>
				<top>2</top>
				<label></label>
				<altlabel></altlabel>
				<onclick>Mute</onclick>
				<aligny>top</aligny>
				<textoffsety>2</textoffsety>
				<include>ButtonTopbarCommonvalues</include>
				<usealttexture>Player.Passthrough</usealttexture>
				<visible>!Player.Muted</visible>
			</control>
			<control type="label">
				<left>12</left>
				<top>2</top>
				<label></label>
				<aligny>top</aligny>
				<textoffsety>2</textoffsety>
				<include>ButtonTopbarCommonvalues</include>
				<visible>Player.Muted</visible>
			</control>
			<control type="progress" id="1">
				<left>65</left>
				<top>4</top>
				<width>256</width>
				<height>37</height>
				<info>Player.Volume</info>
			</control>
			<control type="label">
				<description>Line 1 Label</description>
				<top>-2</top>
				<width>311</width>
				<height>45</height>
				<font>font13_title</font>
				<align>right</align>
				<label>$INFO[Player.Volume]</label>
			</control>
		</control>
	</controls>
</window>