<?xml version="1.0" encoding="UTF-8"?>
<window>
	<coordinates>
		<left>560</left>
		<top>-12</top>
	</coordinates>
	<animation effect="slide" time="300" start="0,-140" end="0,0">WindowOpen</animation>
	<animation effect="slide" time="150" start="0,0" end="0,-140">WindowClose</animation>
	<controls>
		<control type="group">
			<visible>!Window.IsActive(fullscreenvideo) + !Window.IsActive(visualisation)</visible>
			<control type="image">
				<description>background image</description>
				<width>800</width>
				<height>140</height>
				<texture border="12">dialog_context.png</texture>
				<colordiffuse>$VAR[ColorDialogVar]</colordiffuse>
			</control>
			<control type="progress" id="32">
				<description>progress control</description>
				<left>30</left>
				<top>30</top>
				<width>740</width>
				<height>80</height>
			</control>
			<control type="label" id="31">
				<description>Header Label</description>
				<left>40</left>
				<top>27</top>
				<width>720</width>
				<height>45</height>
				<font>font13_title</font>
			</control>
			<control type="label">
				<description>Title Label</description>
				<left>40</left>
				<top>64</top>
				<width>720</width>
				<height>45</height>
				<font>font12</font>
				<label>$INFO[Control.GetLabel(30)]$INFO[Control.GetLabel(32),: ,%]</label>
			</control>
			<control type="label" id="30">
				<description>Header Label</description>
				<include>HiddenObject</include>
			</control>
		</control>
	</controls>
</window>