<?xml version="1.0" encoding="UTF-8"?>
<fonts>
	<fontset id="Default" idloc="31390">
		<!-- Normal Fonts -->
		<font>
			<name>font10</name>
			<filename>weblysleekuil.ttf</filename>
			<size>21</size>
		</font>
		<font>
			<name>font12</name>
			<filename>weblysleekuil.ttf</filename>
			<size>26</size>
		</font>
		<font>
			<name>font13</name>
			<filename>weblysleekuil.ttf</filename>
			<size>30</size>
		</font>
		<font>
			<name>font13_textbox2</name>
			<filename>weblysleekuil.ttf</filename>
			<size>30</size>
			<linespacing>1.0</linespacing>
		</font>
		<font>
			<name>font14_textbox</name>
			<filename>weblysleekuil.ttf</filename>
			<size>33</size>
			<linespacing>1.27</linespacing>
		</font>
		<font>
			<!--2 lines, BigList-->
			<name>font14_textbox2</name>
			<filename>weblysleekuil.ttf</filename>
			<size>33</size>
			<linespacing>1.2</linespacing>
		</font>
		<font>
			<!--3 lines, Showcase, EPG-->
			<name>font14_textbox3</name>
			<filename>weblysleekuil.ttf</filename>
			<size>33</size>
			<linespacing>1.2</linespacing>
		</font>
		<font>
			<!--4 lines, Music List, EPG Info-->
			<name>font14_textbox4</name>
			<filename>weblysleekuil.ttf</filename>
			<size>33</size>
			<linespacing>1.27</linespacing>
		</font>
		<font>
			<!--5 lines, Addon/Program List-->
			<name>font14_textbox5</name>
			<filename>weblysleekuil.ttf</filename>
			<size>33</size>
			<linespacing>1.27</linespacing>
		</font>
		<font>
			<!--Actor Info-->
			<name>font_Actor</name>
			<filename>weblysleekuil.ttf</filename>
			<size>30</size>
			<linespacing>1</linespacing>
		</font>
		<font>
			<name>font15_textbox</name>
			<filename>weblysleekuil.ttf</filename>
			<size>35</size>
			<linespacing>1.4</linespacing>
		</font>
		<font>
			<!--3 lines, Fanart-->
			<name>font15_textbox3</name>
			<filename>weblysleekuil.ttf</filename>
			<size>35</size>
			<linespacing>1.37</linespacing>
		</font>
		<font>
			<!--4 lines, Channel PVR-->
			<name>font15_textbox4</name>
			<filename>weblysleekuil.ttf</filename>
			<size>35</size>
			<linespacing>1.4</linespacing>
		</font>
		<font>
			<!--6 lines, Weather 36 Hour-->
			<name>font15_textbox6</name>
			<filename>weblysleekuil.ttf</filename>
			<size>35</size>
			<linespacing>1.2</linespacing>
		</font>
		<font>
			<name>font14</name>
			<filename>weblysleekuil.ttf</filename>
			<size>33</size>
		</font>
		<font>
			<name>font15</name>
			<filename>weblysleekuil.ttf</filename>
			<size>35</size>
		</font>
		<font>
			<name>font16</name>
			<filename>weblysleekuil.ttf</filename>
			<size>38</size>
		</font>
		<font>
			<name>font30</name>
			<filename>weblysleekuil.ttf</filename>
			<size>45</size>
		</font>
		<!-- Title Fonts -->
		<font>
			<name>font12_title</name>
			<filename>weblysleekuil.ttf</filename>
			<style>uppercase</style>
			<size>26</size>
		</font>
		<font>
			<name>font13_title</name>
			<filename>weblysleekuil.ttf</filename>
			<style>uppercase</style>
			<size>33</size>
		</font>
		<font>
			<name>topbar</name>
			<filename>weblysleekuil.ttf</filename>
			<style>uppercase</style>
			<size>32</size>
		</font>
		<font>
			<name>font15_title</name>
			<filename>weblysleekuil.ttf</filename>
			<style>uppercase</style>
			<size>35</size>
		</font>
		<font>
			<name>font16_title</name>
			<filename>weblysleekuil.ttf</filename>
			<style>uppercase</style>
			<size>38</size>
		</font>
		<font>
			<name>font28_title</name>
			<filename>weblysleekuil.ttf</filename>
			<style>uppercase</style>
			<size>42</size>
		</font>
		<font>
			<name>font30_title</name>
			<filename>weblysleekuil.ttf</filename>
			<style>uppercase</style>
			<size>45</size>
		</font>
		<font>
			<name>font35_title</name>
			<filename>weblysleekuil.ttf</filename>
			<style>uppercase</style>
			<size>52</size>
		</font>
		<font>
			<name>font_MainMenu</name>
			<filename>weblysleekuil.ttf</filename>
			<linespacing>0</linespacing>
			<style>uppercase</style>
			<size>55</size>
		</font>
		<font>
			<name>font_SubMenu</name>
			<filename>weblysleekuil.ttf</filename>
			<linespacing>0</linespacing>
			<style>uppercase</style>
			<size>40</size>
		</font>
		<font>
			<name>BigAssFont</name>
			<filename>weblysleekuil.ttf</filename>
			<size>600</size>
		</font>
		<font>
			<name>WeatherTemp</name>
			<filename>weblysleekuisb.ttf</filename>
			<size>120</size>
		</font>
		<!-- Icons -->
		<font>
			<name>IconTiny</name>
			<filename>webhostinghub-glyphs.ttf</filename>
			<size>20</size>
		</font>
		<font>
			<name>IconPlayer</name>
			<filename>webhostinghub-glyphs.ttf</filename>
			<size>24</size>
		</font>
		<font>
			<name>IconSmall</name>
			<filename>webhostinghub-glyphs.ttf</filename>
			<size>30</size>
		</font>
		<font>
			<name>IconMedium</name>
			<filename>webhostinghub-glyphs.ttf</filename>
			<size>36</size>
		</font>
	</fontset>
	<fontset id="WeblySleekUI" idloc="31945">
		<!-- Normal Fonts -->
		<font>
			<name>font10</name>
			<filename>weblysleekuisl.ttf</filename>
			<size>21</size>
		</font>
		<font>
			<name>font12</name>
			<filename>weblysleekuisl.ttf</filename>
			<size>26</size>
		</font>
		<font>
			<name>font13</name>
			<filename>weblysleekuisl.ttf</filename>
			<size>30</size>
		</font>
		<font>
			<name>font13_textbox2</name>
			<filename>weblysleekuisl.ttf</filename>
			<size>30</size>
			<linespacing>1.0</linespacing>
		</font>
		<font>
			<name>font14_textbox</name>
			<filename>weblysleekuisl.ttf</filename>
			<size>33</size>
			<linespacing>1.27</linespacing>
		</font>
		<font>
			<!--2 lines, BigList-->
			<name>font14_textbox2</name>
			<filename>weblysleekuisl.ttf</filename>
			<size>33</size>
			<linespacing>1.2</linespacing>
		</font>
		<font>
			<!--3 lines, Showcase, EPG-->
			<name>font14_textbox3</name>
			<filename>weblysleekuisl.ttf</filename>
			<size>33</size>
			<linespacing>1.2</linespacing>
		</font>
		<font>
			<!--4 lines, Music List, EPG Info-->
			<name>font14_textbox4</name>
			<filename>weblysleekuisl.ttf</filename>
			<size>33</size>
			<linespacing>1.27</linespacing>
		</font>
		<font>
			<!--5 lines, Addon/Program List-->
			<name>font14_textbox5</name>
			<filename>weblysleekuisl.ttf</filename>
			<size>33</size>
			<linespacing>1.27</linespacing>
		</font>
		<font>
			<!--Actor Info-->
			<name>font_Actor</name>
			<filename>weblysleekuisl.ttf</filename>
			<size>30</size>
			<linespacing>1</linespacing>
		</font>
		<font>
			<name>font15_textbox</name>
			<filename>weblysleekuisl.ttf</filename>
			<size>35</size>
			<linespacing>1.4</linespacing>
		</font>
		<font>
			<!--3 lines, Fanart-->
			<name>font15_textbox3</name>
			<filename>weblysleekuisl.ttf</filename>
			<size>35</size>
			<linespacing>1.37</linespacing>
		</font>
		<font>
			<!--4 lines, Channel PVR-->
			<name>font15_textbox4</name>
			<filename>weblysleekuisl.ttf</filename>
			<size>35</size>
			<linespacing>1.4</linespacing>
		</font>
		<font>
			<!--6 lines, Weather 36 Hour-->
			<name>font15_textbox6</name>
			<filename>weblysleekuisl.ttf</filename>
			<size>35</size>
			<linespacing>1.2</linespacing>
		</font>
		<font>
			<name>font14</name>
			<filename>weblysleekuisl.ttf</filename>
			<size>33</size>
		</font>
		<font>
			<name>font15</name>
			<filename>weblysleekuisl.ttf</filename>
			<size>35</size>
		</font>
		<font>
			<name>font16</name>
			<filename>weblysleekuisl.ttf</filename>
			<size>38</size>
		</font>
		<font>
			<name>font30</name>
			<filename>weblysleekuisl.ttf</filename>
			<size>45</size>
		</font>
		<!-- Title Fonts -->
		<font>
			<name>font12_title</name>
			<filename>weblysleekuisb.ttf</filename>
			<style>uppercase</style>
			<size>26</size>
		</font>
		<font>
			<name>font13_title</name>
			<filename>weblysleekuisb.ttf</filename>
			<style>uppercase</style>
			<size>33</size>
		</font>
		<font>
			<name>topbar</name>
			<filename>weblysleekuisb.ttf</filename>
			<style>uppercase</style>
			<size>32</size>
		</font>
		<font>
			<name>font15_title</name>
			<filename>weblysleekuisb.ttf</filename>
			<style>uppercase</style>
			<size>35</size>
		</font>
		<font>
			<name>font16_title</name>
			<filename>weblysleekuisb.ttf</filename>
			<style>uppercase</style>
			<size>38</size>
		</font>
		<font>
			<name>font28_title</name>
			<filename>weblysleekuisb.ttf</filename>
			<style>uppercase</style>
			<size>42</size>
		</font>
		<font>
			<name>font30_title</name>
			<filename>weblysleekuisb.ttf</filename>
			<style>uppercase</style>
			<size>45</size>
		</font>
		<font>
			<name>font35_title</name>
			<filename>weblysleekuisb.ttf</filename>
			<style>uppercase</style>
			<size>52</size>
		</font>
		<font>
			<name>font_MainMenu</name>
			<filename>weblysleekuil.ttf</filename>
			<linespacing>0</linespacing>
			<style>uppercase</style>
			<size>55</size>
		</font>
		<font>
			<name>font_SubMenu</name>
			<filename>weblysleekuil.ttf</filename>
			<linespacing>0</linespacing>
			<style>uppercase</style>
			<size>40</size>
		</font>
		<font>
			<name>BigAssFont</name>
			<filename>weblysleekuil.ttf</filename>
			<size>600</size>
		</font>
		<font>
			<name>WeatherTemp</name>
			<filename>weblysleekuisb.ttf</filename>
			<size>120</size>
		</font>
		<!-- Icons -->
		<font>
			<name>IconTiny</name>
			<filename>webhostinghub-glyphs.ttf</filename>
			<size>20</size>
		</font>
		<font>
			<name>IconPlayer</name>
			<filename>webhostinghub-glyphs.ttf</filename>
			<size>24</size>
		</font>
		<font>
			<name>IconSmall</name>
			<filename>webhostinghub-glyphs.ttf</filename>
			<size>30</size>
		</font>
		<font>
			<name>IconMedium</name>
			<filename>webhostinghub-glyphs.ttf</filename>
			<size>36</size>
		</font>
	</fontset>
	<fontset id="Roboto2014" idloc="31949">
		<!-- Normal Fonts -->
		<font>
			<name>font10</name>
			<filename>Roboto-Light.ttf</filename>
			<size>21</size>
		</font>
		<font>
			<name>font12</name>
			<filename>Roboto-Light.ttf</filename>
			<size>26</size>
		</font>
		<font>
			<name>font13</name>
			<filename>Roboto-Light.ttf</filename>
			<size>30</size>
		</font>
		<font>
			<name>font13_textbox2</name>
			<filename>Roboto-Light.ttf</filename>
			<size>30</size>
			<linespacing>1.18</linespacing>
		</font>
		<font>
			<name>font14_textbox</name>
			<filename>Roboto-Light.ttf</filename>
			<size>33</size>
			<linespacing>1.27</linespacing>
		</font>
		<font>
			<!--2 lines, BigList-->
			<name>font14_textbox2</name>
			<filename>Roboto-Light.ttf</filename>
			<size>33</size>
			<linespacing>1.27</linespacing>
		</font>
		<font>
			<!--3 lines, Showcase, Fanart, EPG-->
			<name>font14_textbox3</name>
			<filename>Roboto-Light.ttf</filename>
			<size>33</size>
			<linespacing>1.3</linespacing>
		</font>
		<font>
			<!--4 lines, Music List, EPG Info-->
			<name>font14_textbox4</name>
			<filename>Roboto-Light.ttf</filename>
			<size>33</size>
			<linespacing>1.49</linespacing>
		</font>
		<font>
			<!--5 lines, Addon/Program List-->
			<name>font14_textbox5</name>
			<filename>Roboto-Light.ttf</filename>
			<size>33</size>
			<linespacing>1.4</linespacing>
		</font>
		<font>
			<!--Actor Info-->
			<name>font_Actor</name>
			<filename>Roboto-Light.ttf</filename>
			<size>30</size>
			<linespacing>1.27</linespacing>
		</font>
		<font>
			<name>font15_textbox</name>
			<filename>Roboto-Light.ttf</filename>
			<size>35</size>
			<linespacing>1.4</linespacing>
		</font>
		<font>
			<!--3 lines, Fanart-->
			<name>font15_textbox3</name>
			<filename>Roboto-Light.ttf</filename>
			<size>35</size>
			<linespacing>1.6</linespacing>
		</font>
		<font>
			<!--4 lines, Channel PVR-->
			<name>font15_textbox4</name>
			<filename>Roboto-Light.ttf</filename>
			<size>35</size>
			<linespacing>1.6</linespacing>
		</font>
		<font>
			<!--6 lines, Weather 36 Hour-->
			<name>font15_textbox6</name>
			<filename>Roboto-Light.ttf</filename>
			<size>35</size>
			<linespacing>1.4</linespacing>
		</font>
		<font>
			<name>font14</name>
			<filename>Roboto-Light.ttf</filename>
			<size>33</size>
		</font>
		<font>
			<name>font15</name>
			<filename>Roboto-Light.ttf</filename>
			<size>35</size>
		</font>
		<font>
			<name>font16</name>
			<filename>Roboto-Light.ttf</filename>
			<size>38</size>
		</font>
		<font>
			<name>font30</name>
			<filename>Roboto-Light.ttf</filename>
			<size>45</size>
		</font>
		<!-- Title Fonts -->
		<font>
			<name>font12_title</name>
			<filename>Roboto-Medium.ttf</filename>
			<style>uppercase</style>
			<size>26</size>
		</font>
		<font>
			<name>font13_title</name>
			<filename>Roboto-Medium.ttf</filename>
			<style>uppercase</style>
			<size>33</size>
		</font>
		<font>
			<name>topbar</name>
			<filename>Roboto-Regular.ttf</filename>
			<style>uppercase</style>
			<size>32</size>
		</font>
		<font>
			<name>font15_title</name>
			<filename>Roboto-Medium.ttf</filename>
			<style>uppercase</style>
			<size>35</size>
		</font>
		<font>
			<name>font16_title</name>
			<filename>Roboto-Medium.ttf</filename>
			<style>uppercase</style>
			<size>38</size>
		</font>
		<font>
			<name>font28_title</name>
			<filename>Roboto-Medium.ttf</filename>
			<style>uppercase</style>
			<size>42</size>
		</font>
		<font>
			<name>font30_title</name>
			<filename>Roboto-Medium.ttf</filename>
			<style>uppercase</style>
			<size>45</size>
		</font>
		<font>
			<name>font35_title</name>
			<filename>Roboto-Medium.ttf</filename>
			<style>uppercase</style>
			<size>52</size>
		</font>
		<font>
			<name>font_MainMenu</name>
			<filename>RobotoCondensed-Light.ttf</filename>
			<linespacing>0</linespacing>
			<style>uppercase</style>
			<size>55</size>
		</font>
		<font>
			<name>font_SubMenu</name>
			<filename>RobotoCondensed-Light.ttf</filename>
			<linespacing>0</linespacing>
			<style>uppercase</style>
			<size>40</size>
		</font>
		<font>
			<name>BigAssFont</name>
			<filename>RobotoCondensed-Light.ttf</filename>
			<size>600</size>
		</font>
		<font>
			<name>WeatherTemp</name>
			<filename>Roboto-Medium.ttf</filename>
			<size>120</size>
		</font>
		<!-- Icons -->
		<font>
			<name>IconTiny</name>
			<filename>webhostinghub-glyphs.ttf</filename>
			<size>20</size>
		</font>
		<font>
			<name>IconPlayer</name>
			<filename>webhostinghub-glyphs.ttf</filename>
			<size>24</size>
		</font>
		<font>
			<name>IconSmall</name>
			<filename>webhostinghub-glyphs.ttf</filename>
			<size>30</size>
		</font>
		<font>
			<name>IconMedium</name>
			<filename>webhostinghub-glyphs.ttf</filename>
			<size>36</size>
		</font>
	</fontset>
	<fontset id="Arial" idloc="31948">
		<!-- Normal Fonts -->
		<font>
			<name>font10</name>
			<filename>arial.ttf</filename>
			<size>18</size>
		</font>
		<font>
			<name>font12</name>
			<filename>arial.ttf</filename>
			<size>23</size>
		</font>
		<font>
			<name>font13</name>
			<filename>arial.ttf</filename>
			<size>27</size>
		</font>
		<font>
			<name>font13_textbox2</name>
			<filename>arial.ttf</filename>
			<size>27</size>
			<linespacing>1.25</linespacing>
		</font>
		<font>
			<name>font14_textbox</name>
			<filename>arial.ttf</filename>
			<size>30</size>
			<linespacing>1.21</linespacing>
		</font>
		<font>
			<!--2 lines, BigList-->
			<name>font14_textbox2</name>
			<filename>arial.ttf</filename>
			<size>30</size>
			<linespacing>1.4</linespacing>
		</font>
		<font>
			<!--3 lines, Showcase, EPG-->
			<name>font14_textbox3</name>
			<filename>arial.ttf</filename>
			<size>30</size>
			<linespacing>1.4</linespacing>
		</font>
		<font>
			<!--4 lines, Music List, EPG Info-->
			<name>font14_textbox4</name>
			<filename>arial.ttf</filename>
			<size>30</size>
			<linespacing>1.6</linespacing>
		</font>
		<font>
			<!--5 lines, Addon/Program List-->
			<name>font14_textbox5</name>
			<filename>arial.ttf</filename>
			<size>30</size>
			<linespacing>1.55</linespacing>
		</font>
		<font>
			<!--Actor Info-->
			<name>font_Actor</name>
			<filename>arial.ttf</filename>
			<size>30</size>
			<linespacing>1.2</linespacing>
		</font>
		<font>
			<name>font15_textbox</name>
			<filename>arial.ttf</filename>
			<size>32</size>
			<linespacing>1.5</linespacing>
		</font>
		<font>
			<!--3 lines, Fanart-->
			<name>font15_textbox3</name>
			<filename>arial.ttf</filename>
			<size>32</size>
			<linespacing>1.7</linespacing>
		</font>
		<font>
			<!--4 lines, Channel PVR-->
			<name>font15_textbox4</name>
			<filename>arial.ttf</filename>
			<size>32</size>
			<linespacing>1.7</linespacing>
		</font>
		<font>
			<!--6 lines, Weather 36 Hour-->
			<name>font15_textbox6</name>
			<filename>arial.ttf</filename>
			<size>32</size>
			<linespacing>1.5</linespacing>
		</font>
		<font>
			<name>font14</name>
			<filename>arial.ttf</filename>
			<size>30</size>
		</font>
		<font>
			<name>topbar</name>
			<filename>arial.ttf</filename>
			<style>uppercase</style>
			<size>30</size>
		</font>
		<font>
			<name>font15</name>
			<filename>arial.ttf</filename>
			<size>32</size>
			<linespacing>1.1</linespacing>
		</font>
		<font>
			<name>font16</name>
			<filename>arial.ttf</filename>
			<size>35</size>
		</font>
		<font>
			<name>font30</name>
			<filename>arial.ttf</filename>
			<size>42</size>
		</font>
		<!-- Title Fonts -->
		<font>
			<name>font12_title</name>
			<filename>arial.ttf</filename>
			<style>uppercase</style>
			<size>23</size>
		</font>
		<font>
			<name>font13_title</name>
			<filename>arial.ttf</filename>
			<style>uppercase</style>
			<size>31</size>
		</font>
		<font>
			<name>font15_title</name>
			<filename>arial.ttf</filename>
			<style>uppercase</style>
			<size>32</size>
		</font>
		<font>
			<name>font16_title</name>
			<filename>arial.ttf</filename>
			<style>uppercase</style>
			<size>35</size>
		</font>
		<font>
			<name>font28_title</name>
			<filename>arial.ttf</filename>
			<style>uppercase</style>
			<size>39</size>
		</font>
		<font>
			<name>font30_title</name>
			<filename>arial.ttf</filename>
			<style>uppercase</style>
			<size>42</size>
		</font>
		<font>
			<name>font35_title</name>
			<filename>arial.ttf</filename>
			<style>uppercase</style>
			<size>49</size>
		</font>
		<font>
			<name>font_MainMenu</name>
			<filename>arial.ttf</filename>
			<linespacing>1.0</linespacing>
			<style>uppercase</style>
			<size>48</size>
		</font>
		<font>
			<name>font_SubMenu</name>
			<filename>arial.ttf</filename>
			<linespacing>0</linespacing>
			<style>uppercase</style>
			<size>37</size>
		</font>
		<font>
			<name>BigAssFont</name>
			<filename>arial.ttf</filename>
			<size>550</size>
		</font>
		<font>
			<name>WeatherTemp</name>
			<filename>arial.ttf</filename>
			<size>110</size>
		</font>
		<!-- Icons -->
		<font>
			<name>IconTiny</name>
			<filename>webhostinghub-glyphs.ttf</filename>
			<size>20</size>
		</font>
		<font>
			<name>IconPlayer</name>
			<filename>webhostinghub-glyphs.ttf</filename>
			<size>24</size>
		</font>
		<font>
			<name>IconSmall</name>
			<filename>webhostinghub-glyphs.ttf</filename>
			<size>30</size>
		</font>
		<font>
			<name>IconMedium</name>
			<filename>webhostinghub-glyphs.ttf</filename>
			<size>36</size>
		</font>
	</fontset>
	<fontset id="NotoSerif" idloc="31308">
		<!-- Normal Fonts -->
		<font>
			<name>font10</name>
			<filename>NotoSerif-Regular.ttf</filename>
			<size>18</size>
		</font>
		<font>
			<name>font12</name>
			<filename>NotoSerif-Regular.ttf</filename>
			<size>23</size>
		</font>
		<font>
			<name>font13</name>
			<filename>NotoSerif-Regular.ttf</filename>
			<size>27</size>
		</font>
		<font>
			<name>font13_textbox2</name>
			<filename>NotoSerif-Regular.ttf</filename>
			<size>27</size>
			<linespacing>1.15</linespacing>
		</font>
		<font>
			<name>font14_textbox</name>
			<filename>NotoSerif-Regular.ttf</filename>
			<size>30</size>
			<linespacing>1.2</linespacing>
		</font>
		<font>
			<!--2 lines, BigList-->
			<name>font14_textbox2</name>
			<filename>NotoSerif-Regular.ttf</filename>
			<size>30</size>
			<linespacing>1.3</linespacing>
		</font>
		<font>
			<!--3 lines, Showcase, EPG-->
			<name>font14_textbox3</name>
			<filename>NotoSerif-Regular.ttf</filename>
			<size>30</size>
			<linespacing>1.25</linespacing>
		</font>
		<font>
			<!--4 lines, Music List, EPG Info-->
			<name>font14_textbox4</name>
			<filename>NotoSerif-Regular.ttf</filename>
			<size>30</size>
			<linespacing>1.35</linespacing>
		</font>
		<font>
			<!--5 lines, Addon/Program List-->
			<name>font14_textbox5</name>
			<filename>NotoSerif-Regular.ttf</filename>
			<size>30</size>
			<linespacing>1.4</linespacing>
		</font>
		<font>
			<!--Actor Info-->
			<name>font_Actor</name>
			<filename>NotoSerif-Regular.ttf</filename>
			<size>30</size>
			<linespacing>1.1</linespacing>
		</font>
		<font>
			<name>font15_textbox</name>
			<filename>NotoSerif-Regular.ttf</filename>
			<size>32</size>
			<linespacing>1.48</linespacing>
		</font>
		<font>
			<!--3 lines, Fanart-->
			<name>font15_textbox3</name>
			<filename>NotoSerif-Regular.ttf</filename>
			<size>32</size>
			<linespacing>1.4</linespacing>
		</font>
		<font>
			<!--4 lines, Channel PVR-->
			<name>font15_textbox4</name>
			<filename>NotoSerif-Regular.ttf</filename>
			<size>32</size>
			<linespacing>1.30</linespacing>
		</font>
		<font>
			<!--6 lines, Weather 36 Hour-->
			<name>font15_textbox6</name>
			<filename>NotoSerif-Regular.ttf</filename>
			<size>32</size>
			<linespacing>1.3</linespacing>
		</font>
		<font>
			<name>font14</name>
			<filename>NotoSerif-Regular.ttf</filename>
			<size>30</size>
		</font>
		<font>
			<name>font15</name>
			<filename>NotoSerif-Regular.ttf</filename>
			<size>32</size>
		</font>
		<font>
			<name>font16</name>
			<filename>NotoSerif-Regular.ttf</filename>
			<size>35</size>
		</font>
		<font>
			<name>font30</name>
			<filename>NotoSerif-Regular.ttf</filename>
			<size>42</size>
		</font>
		<!-- Title Fonts -->
		<font>
			<name>font12_title</name>
			<filename>NotoSerif-Bold.ttf</filename>
			<style>uppercase</style>
			<size>26</size>
		</font>
		<font>
			<name>font13_title</name>
			<filename>NotoSerif-Bold.ttf</filename>
			<style>uppercase</style>
			<size>33</size>
		</font>
		<font>
			<name>topbar</name>
			<filename>NotoSerif-Regular.ttf</filename>
			<style>uppercase</style>
			<size>32</size>
		</font>
		<font>
			<name>font15_title</name>
			<filename>NotoSerif-Bold.ttf</filename>
			<style>uppercase</style>
			<size>35</size>
		</font>
		<font>
			<name>font16_title</name>
			<filename>NotoSerif-Bold.ttf</filename>
			<style>uppercase</style>
			<size>38</size>
		</font>
		<font>
			<name>font28_title</name>
			<filename>NotoSerif-Bold.ttf</filename>
			<style>uppercase</style>
			<size>42</size>
		</font>
		<font>
			<name>font30_title</name>
			<filename>NotoSerif-Bold.ttf</filename>
			<style>uppercase</style>
			<size>45</size>
		</font>
		<font>
			<name>font35_title</name>
			<filename>NotoSerif-Bold.ttf</filename>
			<style>uppercase</style>
			<size>52</size>
		</font>
		<font>
			<name>font_MainMenu</name>
			<filename>NotoSerif-Regular.ttf</filename>
			<linespacing>0</linespacing>
			<style>uppercase</style>
			<size>49</size>
		</font>
		<font>
			<name>font_SubMenu</name>
			<filename>NotoSerif-Regular.ttf</filename>
			<linespacing>0</linespacing>
			<style>uppercase</style>
			<size>37</size>
		</font>
		<font>
			<name>BigAssFont</name>
			<filename>NotoSerif-Regular.ttf</filename>
			<size>600</size>
		</font>
		<font>
			<name>WeatherTemp</name>
			<filename>NotoSerif-Bold.ttf</filename>
			<size>120</size>
		</font>
		<!-- Icons -->
		<font>
			<name>IconTiny</name>
			<filename>webhostinghub-glyphs.ttf</filename>
			<size>20</size>
		</font>
		<font>
			<name>IconPlayer</name>
			<filename>webhostinghub-glyphs.ttf</filename>
			<size>24</size>
		</font>
		<font>
			<name>IconSmall</name>
			<filename>webhostinghub-glyphs.ttf</filename>
			<size>30</size>
		</font>
		<font>
			<name>IconMedium</name>
			<filename>webhostinghub-glyphs.ttf</filename>
			<size>36</size>
		</font>
	</fontset>
	<fontset id="Sawasdee" idloc="31411">
		<!-- Normal Fonts -->
		<font>
			<name>font10</name>
			<filename>Sawasdee.ttf</filename>
			<size>20</size>
		</font>
		<font>
			<name>font12</name>
			<filename>Sawasdee.ttf</filename>
			<size>25</size>
		</font>
		<font>
			<name>font13</name>
			<filename>Sawasdee.ttf</filename>
			<size>30</size>
		</font>
		<font>
			<name>font13_textbox2</name>
			<filename>Sawasdee.ttf</filename>
			<size>30</size>
			<linespacing>0.92</linespacing>
		</font>
		<font>
			<name>font14_textbox</name>
			<filename>Sawasdee.ttf</filename>
			<size>30</size>
			<linespacing>1.25</linespacing>
		</font>
		<font>
			<!--2 lines, BigList-->
			<name>font14_textbox2</name>
			<filename>Sawasdee.ttf</filename>
			<size>30</size>
			<linespacing>1.1</linespacing>
		</font>
		<font>
			<!--3 lines, Showcase, EPG-->
			<name>font14_textbox3</name>
			<filename>Sawasdee.ttf</filename>
			<size>30</size>
			<linespacing>1.1</linespacing>
		</font>
		<font>
			<!--4 lines, Music List, EPG Info-->
			<name>font14_textbox4</name>
			<filename>Sawasdee.ttf</filename>
			<size>30</size>
			<linespacing>1.15</linespacing>
		</font>
		<font>
			<!--5 lines, Addon/Program List-->
			<name>font14_textbox5</name>
			<filename>Sawasdee.ttf</filename>
			<size>30</size>
			<linespacing>1.15</linespacing>
		</font>
		<font>
			<!--Actor Info-->
			<name>font_Actor</name>
			<filename>Sawasdee.ttf</filename>
			<size>27</size>
			<linespacing>1</linespacing>
		</font>
		<font>
			<name>font15_textbox</name>
			<filename>Sawasdee.ttf</filename>
			<size>32</size>
			<linespacing>1.35</linespacing>
		</font>
		<font>
			<!--3 lines, Fanart-->
			<name>font15_textbox3</name>
			<filename>Sawasdee.ttf</filename>
			<size>32</size>
			<linespacing>1.3</linespacing>
		</font>
		<font>
			<!--4 lines, Channel PVR-->
			<name>font15_textbox4</name>
			<filename>Sawasdee.ttf</filename>
			<size>32</size>
			<linespacing>1.4</linespacing>
		</font>
		<font>
			<!--6 lines, Weather 36 Hour-->
			<name>font15_textbox6</name>
			<filename>Sawasdee.ttf</filename>
			<size>32</size>
			<linespacing>1.2</linespacing>
		</font>
		<font>
			<name>font14</name>
			<filename>Sawasdee.ttf</filename>
			<size>30</size>
		</font>
		<font>
			<name>font15</name>
			<filename>Sawasdee.ttf</filename>
			<size>32</size>
		</font>
		<font>
			<name>font16</name>
			<filename>Sawasdee.ttf</filename>
			<size>38</size>
		</font>
		<font>
			<name>font30</name>
			<filename>Sawasdee.ttf</filename>
			<size>43</size>
		</font>
		<!-- Title Fonts -->
		<font>
			<name>font12_title</name>
			<filename>Sawasdee.ttf</filename>
			<style>uppercase</style>
			<size>25</size>
		</font>
		<font>
			<name>font13_title</name>
			<filename>Sawasdee.ttf</filename>
			<style>uppercase</style>
			<size>30</size>
		</font>
		<font>
			<name>topbar</name>
			<filename>Sawasdee.ttf</filename>
			<style>uppercase</style>
			<size>28</size>
		</font>
		<font>
			<name>font15_title</name>
			<filename>Sawasdee.ttf</filename>
			<style>uppercase</style>
			<size>35</size>
		</font>
		<font>
			<name>font16_title</name>
			<filename>Sawasdee.ttf</filename>
			<style>uppercase</style>
			<size>38</size>
		</font>
		<font>
			<name>font28_title</name>
			<filename>Sawasdee.ttf</filename>
			<style>uppercase</style>
			<size>40</size>
		</font>
		<font>
			<name>font30_title</name>
			<filename>Sawasdee.ttf</filename>
			<style>uppercase</style>
			<size>50</size>
		</font>
		<font>
			<name>font35_title</name>
			<filename>Sawasdee.ttf</filename>
			<style>uppercase</style>
			<size>57</size>
		</font>
		<font>
			<name>font_MainMenu</name>
			<filename>Sawasdee.ttf</filename>
			<linespacing>0</linespacing>
			<style>uppercase</style>
			<size>55</size>
		</font>
		<font>
			<name>font_SubMenu</name>
			<filename>Sawasdee.ttf</filename>
			<linespacing>0</linespacing>
			<style>uppercase</style>
			<size>40</size>
		</font>
		<font>
			<name>BigAssFont</name>
			<filename>Sawasdee.ttf</filename>
			<size>580</size>
		</font>
		<font>
			<name>WeatherTemp</name>
			<filename>Sawasdee.ttf</filename>
			<size>115</size>
		</font>
		<!-- Icons -->
		<font>
			<name>IconTiny</name>
			<filename>webhostinghub-glyphs.ttf</filename>
			<size>20</size>
		</font>
		<font>
			<name>IconPlayer</name>
			<filename>webhostinghub-glyphs.ttf</filename>
			<size>24</size>
		</font>
		<font>
			<name>IconSmall</name>
			<filename>webhostinghub-glyphs.ttf</filename>
			<size>30</size>
		</font>
		<font>
			<name>IconMedium</name>
			<filename>webhostinghub-glyphs.ttf</filename>
			<size>36</size>
		</font>
	</fontset>
</fonts>