<?xml version="1.0" encoding="UTF-8"?>
<window>
	<defaultcontrol always="true">10</defaultcontrol>
	<menucontrol>9051</menucontrol>
	<onload>SetProperty(Window.HasSettings,True,home)</onload>
	<onload>ClearProperty(MediaMenu,Home)</onload>
	<onunload>ClearProperty(MediaMenu,Home)</onunload>
	<onunload>ClearProperty(Window.HasSettings,Home)</onunload>
	<allowoverlay>no</allowoverlay>
	<views>10,11,12</views>
	<controls>
		<include>CommonBackground</include>
		<control type="group">
			<description>TV Guide Timeline</description>
			<visible>Control.IsVisible(10)</visible>
			<include>VisibleFadeEffect</include>
			<include>Animation.Common</include>
			<top>128</top>
			<control type="image">
				<top>58</top>
				<left>520</left>
				<width>1400</width>
				<height>634</height>
				<texture>thumbs/diffuse.png</texture>
				<colordiffuse>shadow</colordiffuse>
			</control>
			<control type="epggrid" id="10">
				<description>EPG Grid</description>
				<left>82</left>
				<top>0</top>
				<width>1838</width>
				<height>690</height>
				<pagecontrol>60</pagecontrol>
				<scrolltime tween="quadratic" easing="out">200</scrolltime>
				<timeblocks>20</timeblocks>
				<progresstexture colordiffuse="$VAR[ColorHighlightVar]" border="0,72,18,14">PVR-EpgProgressIndicator.png</progresstexture>
				<rulerunit>6</rulerunit>
				<onleft>SetProperty(MediaMenu,True,home)</onleft>
				<onleft>SetFocus(9050)</onleft>
				<onright>SetProperty(MediaMenu,True,home)</onright>
				<onright>SetFocus(9050)</onright>
				<onup>10</onup>
				<ondown>10</ondown>
				<onback>SetProperty(MediaMenu,True,home)</onback>
				<onback>SetFocus(9050)</onback>
				<viewtype label="19032">list</viewtype>
				<rulerlayout height="60" width="60">
					<control type="label" id="2">
						<left>0</left>
						<top>20</top>
						<width>60</width>
						<height>30</height>
						<textcolor>disabled</textcolor>
						<textoffsetx>5</textoffsetx>
						<selectedcolor>disabled</selectedcolor>
						<label>$INFO[ListItem.Label]</label>
					</control>
				</rulerlayout>
				<channellayout height="90" width="440">
					<control type="label">
						<left>5</left>
						<width>100</width>
						<height>90</height>
						<font>font15_title</font>
						<align>center</align>
						<label>$INFO[ListItem.ChannelNumberLabel]</label>
					</control>
					<control type="label">
						<left>110</left>
						<width>236</width>
						<height>90</height>
						<font>font15</font>
						<label>$INFO[ListItem.ChannelName]</label>
					</control>
				</channellayout>
				<focusedchannellayout height="90" width="440">
					<control type="image">
						<width>356</width>
						<height>90</height>
						<texture>listselect_fo.png</texture> 
						<colordiffuse>$VAR[ColorHighlightVar]</colordiffuse>
						<bordersize>0,3,0,3</bordersize>
					</control>
					<control type="label">
						<left>5</left>
						<width>100</width>
						<height>90</height>
						<font>font15_title</font>
						<align>center</align>
						<label>$INFO[ListItem.ChannelNumberLabel]</label>
					</control>
					<control type="label" id="1">
						<left>110</left>
						<width>236</width>
						<height>90</height>
						<font>font15</font>
						<label>$INFO[ListItem.ChannelName]</label>
					</control>
				</focusedchannellayout>
				<itemlayout height="90" width="120">
					<control type="image" id="2">
						<width>120</width>
						<height>90</height>
						<bordersize>3</bordersize>
						<texture fallback="pvr/genres/0.png">$INFO[ListItem.Property(GenreType),pvr/genres/,.png]</texture>
					</control>
					<control type="group">
						<visible>[ListItem.HasTimer | ListItem.IsRecording]</visible>
						<control type="label">
							<top>50</top>
							<width>120</width>
							<height>30</height>
							<font>IconSmall</font>
							<textoffsetx>15</textoffsetx>
							<label></label>
							<visible>ListItem.HasTimer</visible>
						</control>
						<control type="label">
							<animation effect="slide" time="0" start="0" end="45" condition="ListItem.HasTimer">Conditional</animation>
							<top>50</top>
							<width>120</width>
							<height>30</height>
							<font>IconSmall</font>
							<textoffsetx>15</textoffsetx>
							<label></label>
							<visible>ListItem.IsRecording</visible>
						</control>
					</control>
					<control type="label" id="1">
						<width>120</width>
						<height>90</height>
						<font>font15</font>
						<textoffsetx>15</textoffsetx>
						<label>$INFO[ListItem.Label]</label>
						<animation effect="slide" start="0,0" end="0,-20" time="100" tween="sine" easing="in" condition="[ListItem.HasTimer | ListItem.IsRecording]">Conditional</animation>
					</control>
				</itemlayout>
				<focusedlayout height="90" width="120">
					<control type="image" id="14">
						<width>120</width>
						<height>90</height>
						<texture>listselect_fo.png</texture>
						<bordersize>3</bordersize>
						<colordiffuse>$VAR[ColorHighlightVar]</colordiffuse>
					</control>
					<control type="group">
						<visible>[ListItem.HasTimer | ListItem.IsRecording]</visible>
						<control type="label">
							<top>50</top>
							<width>120</width>
							<height>30</height>
							<font>IconSmall</font>
							<textoffsetx>15</textoffsetx>
							<label></label>
							<visible>ListItem.HasTimer</visible>
						</control>
						<control type="label">
							<animation effect="slide" time="0" start="0" end="45" condition="ListItem.HasTimer">Conditional</animation>
							<top>50</top>
							<width>120</width>
							<height>30</height>
							<font>IconSmall</font>
							<textoffsetx>15</textoffsetx>
							<label></label>
							<visible>ListItem.IsRecording</visible>
						</control>
					</control>
					<control type="label" id="1">
						<width>120</width>
						<height>90</height>
						<font>font15</font>
						<textoffsetx>15</textoffsetx>
						<label>$INFO[ListItem.Label]</label>
						<animation effect="slide" start="0,0" end="0,-20" time="100" tween="sine" easing="in" condition="[ListItem.HasTimer | ListItem.IsRecording]">Conditional</animation>
					</control>
				</focusedlayout>
			</control>
			<control type="scrollbar" id="60">
				<left>476</left>
				<top>64</top>
				<height>625</height>
				<width>10</width>
				<onleft>10</onleft>
				<onright>10</onright>
				<ondown>60</ondown>
				<onup>60</onup>
			</control>
			<control type="image">
				<left>82</left>
				<top>714</top>
				<width>356</width>
				<height>180</height>
				<aspectratio aligny="center" align="center">keep</aspectratio>
				<texture>$INFO[Container(10).ListItem.Icon]</texture>
			</control>
			<control type="group">
				<left>510</left>
				<top>695</top>
				<control type="label">
					<left>0</left>
					<top>15</top>
					<width>1316</width>
					<height>30</height>
					<font>font14</font>
					<textoffsetx>15</textoffsetx>
					<label>[COLOR $VAR[ColorHighlightVar]]$INFO[ListItem.StartTime]$INFO[ListItem.EndTime, - ,: ][/COLOR]$INFO[ListItem.Title]</label>
				</control>
				<control type="label">
					<top>58</top>
					<width>1316</width>
					<height>30</height>
					<font>font14</font>
					<textoffsetx>15</textoffsetx>
					<label>[COLOR $VAR[ColorHighlightVar]]$LOCALIZE[515]:[/COLOR] [CAPITALIZE]$INFO[ListItem.Genre][/CAPITALIZE]</label>
				</control>
				<control type="textbox" id="81">
					<label>$INFO[ListItem.Plot]</label>
					<left>15</left>
					<top>105</top>
					<width>1286</width>
					<height>108</height>
					<font>font14_textbox2</font>
					<include>ShowCaseInfoPanelButtonsValues</include>
					<autoscroll time="3000" delay="4000" repeat="5000">Skin.HasSetting(Enable.AutoScroll)</autoscroll>
				</control>
			</control>
		</control>
		<control type="group">
			<description>TV Guide Now</description>
			<visible>Control.IsVisible(11)</visible>
			<include>VisibleFadeEffect</include>
			<control type="group">
				<include>Animation.Common</include>
				<left>0</left>
				<top>180</top>
				<control type="list" id="11">
					<left>82</left>
					<top>0</top>
					<width>1756</width>
					<height>630</height>
					<onup>11</onup>
					<ondown>11</ondown>
					<onleft>SetProperty(MediaMenu,True,home)</onleft>
					<onleft>SetFocus(9050)</onleft>
					<onright>60</onright>
					<pagecontrol>60</pagecontrol>
					<scrolltime tween="quadratic">200</scrolltime>
					<viewtype label="19030">list</viewtype>
					<itemlayout height="90">
						<control type="label">
							<left>5</left>
							<width>100</width>
							<height>90</height>
							<font>font15_title</font>
							<align>center</align>
							<selectedcolor>$VAR[ColorHighlightVar]</selectedcolor>
							<label>$INFO[ListItem.ChannelNumberLabel]</label>
						</control>
						<control type="label">
							<left>110</left>
							<width>315</width>
							<height>90</height>
							<font>font15</font>
							<selectedcolor>$VAR[ColorHighlightVar]</selectedcolor>
							<label>$INFO[ListItem.ChannelName]</label>
						</control>
						<control type="image">
							<left>440</left>
							<width>1316</width>
							<height>90</height>
							<bordersize>3</bordersize>
							<texture>thumbs/diffuse.png</texture>
						</control>
						<control type="image" id="2">
							<left>440</left>
							<width>1316</width>
							<height>90</height>
							<bordersize>3</bordersize>
							<texture>$INFO[ListItem.Property(GenreType),pvr/genres/,.png]</texture>
						</control>
						<control type="label">
							<left>440</left>
							<width>1000</width>
							<height>90</height>
							<font>font15</font>
							<textoffsetx>15</textoffsetx>
							<selectedcolor>$VAR[ColorHighlightVar]</selectedcolor>
							<label>$INFO[ListItem.Label]</label>
						</control>
						<control type="label">
							<left>1356</left>
							<width>400</width>
							<height>90</height>
							<align>right</align>
							<font>font15</font>
							<textoffsetx>15</textoffsetx>
							<selectedcolor>$VAR[ColorHighlightVar]</selectedcolor>
							<label>$INFO[ListItem.Date]</label>
							<animation effect="slide" start="0" end="-60" time="100" tween="sine" easing="in" condition="[ListItem.HasTimer | ListItem.IsRecording]">Conditional</animation>
						</control>
						<control type="group">
							<visible>[ListItem.HasTimer | ListItem.IsRecording]</visible>
							<left>1756</left>
							<control type="label">
								<top>30</top>
								<width>120</width>
								<height>30</height>
								<font>IconSmall</font>
								<textoffsetx>15</textoffsetx>
								<align>right</align>
								<selectedcolor>$VAR[ColorHighlightVar]</selectedcolor>
								<label></label>
								<visible>ListItem.HasTimer</visible>
							</control>
							<control type="label">
								<top>30</top>
								<width>120</width>
								<height>30</height>
								<font>IconSmall</font>
								<textoffsetx>15</textoffsetx>
								<align>right</align>
								<selectedcolor>$VAR[ColorHighlightVar]</selectedcolor>
								<label></label>
								<visible>ListItem.IsRecording</visible>
							</control>
						</control>
					</itemlayout>
					<focusedlayout height="90">
						<control type="image">
							<width>356</width>
							<height>90</height>
							<texture>listselect_fo.png</texture>
							<colordiffuse>$VAR[ColorHighlightVar]</colordiffuse>
							<visible>Control.HasFocus(11)</visible>
							<include>VisibleFadeEffect</include>
							<bordersize>0,3,0,3</bordersize>
						</control>
						<control type="image">
							<left>440</left>
							<width>1316</width>
							<height>90</height>
							<bordersize>3</bordersize>
							<texture>thumbs/diffuse.png</texture>
						</control>
						<control type="image">
							<left>440</left>
							<width>1316</width>
							<height>90</height>
							<bordersize>3</bordersize>
							<texture>listselect_fo.png</texture>
							<colordiffuse>$VAR[ColorHighlightVar]</colordiffuse>
							<visible>Control.HasFocus(11)</visible>
							<include>VisibleFadeEffect</include>
						</control>
						<control type="image">
							<left>440</left>
							<width>1316</width>
							<height>90</height>
							<bordersize>3</bordersize>
							<texture>$INFO[ListItem.Property(GenreType),pvr/genres/,.png]</texture>
						</control>
						<control type="label">
							<left>5</left>
							<width>100</width>
							<height>90</height>
							<font>font15_title</font>
							<align>center</align>
							<label>$INFO[ListItem.ChannelNumberLabel]</label>
						</control>
						<control type="label">
							<left>110</left>
							<width>315</width>
							<height>90</height>
							<font>font15</font>
							<label>$INFO[ListItem.ChannelName]</label>
						</control>
						<control type="label">
							<left>440</left>
							<width>1000</width>
							<height>90</height>
							<font>font15</font>
							<textoffsetx>15</textoffsetx>
							<label>$INFO[ListItem.Label]</label>
						</control>
						<control type="label">
							<left>1356</left>
							<width>400</width>
							<height>90</height>
							<align>right</align>
							<font>font15</font>
							<textoffsetx>15</textoffsetx>
							<label>$INFO[ListItem.Date]</label>
							<animation effect="slide" start="0" end="-60" time="100" tween="sine" easing="in" condition="[ListItem.HasTimer | ListItem.IsRecording]">Conditional</animation>
						</control>
						<control type="group">
							<visible>[ListItem.HasTimer | ListItem.IsRecording]</visible>
							<left>1756</left>
							<control type="label">
								<top>30</top>
								<width>120</width>
								<height>30</height>
								<font>IconSmall</font>
								<textoffsetx>15</textoffsetx>
								<align>right</align>
								<label></label>
								<visible>ListItem.HasTimer</visible>
							</control>
							<control type="label">
								<top>30</top>
								<width>120</width>
								<height>30</height>
								<font>IconSmall</font>
								<textoffsetx>15</textoffsetx>
								<align>right</align>
								<label></label>
								<visible>ListItem.IsRecording</visible>
							</control>
						</control>
					</focusedlayout>
				</control>
				<control type="image">
					<left>82</left>
					<top>654</top>
					<width>356</width>
					<height>180</height>
					<aspectratio aligny="center" align="center">keep</aspectratio>
					<texture>$INFO[ListItem.Icon]</texture>
				</control>
				<control type="group">
					<left>510</left>
					<top>632</top>
					<control type="label">
						<left>0</left>
						<top>15</top>
						<width>1316</width>
						<height>30</height>
						<font>font14</font>
						<textoffsetx>15</textoffsetx>
						<label>[COLOR $VAR[ColorHighlightVar]]$INFO[Container(11).ListItem.StartTime]$INFO[Container(11).ListItem.EndTime, - ,: ][/COLOR]$INFO[Container(11).ListItem.Title]</label>
					</control>
					<control type="label">
						<left>0</left>
						<top>58</top>
						<width>1316</width>
						<height>30</height>
						<font>font14</font>
						<textoffsetx>15</textoffsetx>
						<label>[COLOR $VAR[ColorHighlightVar]]$LOCALIZE[515]:[/COLOR] [CAPITALIZE]$INFO[Container(11).ListItem.Genre][/CAPITALIZE]</label>
					</control>
					<control type="textbox" id="83">
						<label>$INFO[Container(11).ListItem.Plot]</label>
						<left>15</left>
						<top>105</top>
						<width>1286</width>
						<height>108</height>
						<font>font14_textbox2</font>
						<include>ShowCaseInfoPanelButtonsValues</include>
						<autoscroll time="3000" delay="4000" repeat="5000">Skin.HasSetting(Enable.AutoScroll)</autoscroll>
					</control>
				</control>
			</control>
			<control type="scrollbar" id="60">
				<visible allowhiddenfocus="true">Control.HasFocus(60) | Container.Scrolling</visible>
				<left>1910</left>
				<top>120</top>
				<width>10</width>
				<height>960</height>
				<orientation>vertical</orientation>
				<onleft>11</onleft>
				<onright>SetProperty(MediaMenu,True,home)</onright>
				<onright>SetFocus(9050)</onright>
			</control>
		</control>
		<control type="group">
			<description>TV Guide Next</description>
			<visible>Control.IsVisible(12)</visible>
			<include>VisibleFadeEffect</include>
			<control type="group">
				<include>Animation.Common</include>
				<left>0</left>
				<top>180</top>
				<control type="list" id="12">
					<left>82</left>
					<top>0</top>
					<width>1756</width>
					<height>630</height>
					<onup>12</onup>
					<ondown>12</ondown>
					<onleft>SetProperty(MediaMenu,True,home)</onleft>
					<onleft>SetFocus(9050)</onleft>
					<onright>60</onright>
					<pagecontrol>60</pagecontrol>
					<scrolltime tween="quadratic">200</scrolltime>
					<viewtype label="19031">list</viewtype>
					<itemlayout height="90">
						<control type="label">
							<left>5</left>
							<width>100</width>
							<height>90</height>
							<font>font15_title</font>
							<align>center</align>
							<selectedcolor>$VAR[ColorHighlightVar]</selectedcolor>
							<label>$INFO[ListItem.ChannelNumberLabel]</label>
						</control>
						<control type="label">
							<left>110</left>
							<width>315</width>
							<height>90</height>
							<font>font15</font>
							<selectedcolor>$VAR[ColorHighlightVar]</selectedcolor>
							<label>$INFO[ListItem.ChannelName]</label>
						</control>
						<control type="image">
							<left>440</left>
							<width>1316</width>
							<height>90</height>
							<bordersize>3</bordersize>
							<texture>thumbs/diffuse.png</texture>
						</control>
						<control type="image">
							<left>440</left>
							<width>1316</width>
							<height>90</height>
							<bordersize>3</bordersize>
							<texture>$INFO[ListItem.Property(GenreType),pvr/genres/,.png]</texture>
						</control>
						<control type="label">
							<left>440</left>
							<width>1000</width>
							<height>90</height>
							<font>font15</font>
							<textoffsetx>15</textoffsetx>
							<selectedcolor>$VAR[ColorHighlightVar]</selectedcolor>
							<label>$INFO[ListItem.Label]</label>
						</control>
						<control type="label">
							<left>1356</left>
							<width>400</width>
							<height>90</height>
							<align>right</align>
							<font>font15</font>
							<textoffsetx>15</textoffsetx>
							<selectedcolor>$VAR[ColorHighlightVar]</selectedcolor>
							<label>$INFO[ListItem.Date]</label>
							<animation effect="slide" start="0" end="-60" time="100" tween="sine" easing="in" condition="[ListItem.HasTimer | ListItem.IsRecording]">Conditional</animation>
						</control>
						<control type="group">
							<visible>[ListItem.HasTimer | ListItem.IsRecording]</visible>
							<left>1756</left>
							<control type="label">
								<top>30</top>
								<width>120</width>
								<height>30</height>
								<font>IconSmall</font>
								<textoffsetx>15</textoffsetx>
								<align>right</align>
								<selectedcolor>$VAR[ColorHighlightVar]</selectedcolor>
								<label></label>
								<visible>ListItem.HasTimer</visible>
							</control>
							<control type="label">
								<top>30</top>
								<width>120</width>
								<height>30</height>
								<font>IconSmall</font>
								<textoffsetx>15</textoffsetx>
								<align>right</align>
								<selectedcolor>$VAR[ColorHighlightVar]</selectedcolor>
								<label></label>
								<visible>ListItem.IsRecording</visible>
							</control>
						</control>
					</itemlayout>
					<focusedlayout height="90">
						<control type="group">
							<visible>Control.HasFocus(12) + !String.IsEmpty(ListItem.ChannelName)</visible>
							<control type="image">
								<width>356</width>
								<height>90</height>
								<texture>listselect_fo.png</texture>
								<colordiffuse>$VAR[ColorHighlightVar]</colordiffuse>
								<include>VisibleFadeEffect</include>
								<bordersize>0,3,0,3</bordersize>
							</control>
						</control>
						<control type="image">
							<left>440</left>
							<width>1316</width>
							<height>90</height>
							<bordersize>3</bordersize>
							<texture>thumbs/diffuse.png</texture>
						</control>
						<control type="image">
							<left>440</left>
							<width>1316</width>
							<height>90</height>
							<bordersize>3</bordersize>
							<texture>listselect_fo.png</texture>
							<colordiffuse>$VAR[ColorHighlightVar]</colordiffuse>
							<visible>Control.HasFocus(12)</visible>
							<include>VisibleFadeEffect</include>
						</control>
						<control type="image">
							<left>440</left>
							<width>1316</width>
							<height>90</height>
							<bordersize>3</bordersize>
							<texture>$INFO[ListItem.Property(GenreType),pvr/genres/,.png]</texture>
						</control>
						<control type="label">
							<left>5</left>
							<width>100</width>
							<height>90</height>
							<font>font15_title</font>
							<align>center</align>
							<label>$INFO[ListItem.ChannelNumberLabel]</label>
						</control>
						<control type="label">
							<left>110</left>
							<width>315</width>
							<height>90</height>
							<font>font15</font>
							<label>$INFO[ListItem.ChannelName]</label>
						</control>
						<control type="label">
							<left>440</left>
							<width>1000</width>
							<height>90</height>
							<font>font15</font>
							<textoffsetx>15</textoffsetx>
							<label>$INFO[ListItem.Label]</label>
						</control>
						<control type="label">
							<left>1356</left>
							<width>400</width>
							<height>90</height>
							<align>right</align>
							<font>font15</font>
							<textoffsetx>15</textoffsetx>
							<label>$INFO[ListItem.Date]</label>
							<animation effect="slide" start="0" end="-60" time="100" tween="sine" easing="in" condition="[ListItem.HasTimer | ListItem.IsRecording]">Conditional</animation>
						</control>
						<control type="group">
							<visible>[ListItem.HasTimer | ListItem.IsRecording]</visible>
							<left>1756</left>
							<control type="label">
								<top>30</top>
								<width>120</width>
								<height>30</height>
								<font>IconSmall</font>
								<textoffsetx>15</textoffsetx>
								<align>right</align>
								<label></label>
								<visible>ListItem.HasTimer</visible>
							</control>
							<control type="label">
								<top>30</top>
								<width>120</width>
								<height>30</height>
								<font>IconSmall</font>
								<textoffsetx>15</textoffsetx>
								<align>right</align>
								<label></label>
								<visible>ListItem.IsRecording</visible>
							</control>
						</control>
					</focusedlayout>
				</control>
				<control type="image">
					<left>82</left>
					<top>654</top>
					<width>356</width>
					<height>180</height>
					<aspectratio aligny="center" align="center">keep</aspectratio>
					<texture>$INFO[ListItem.Icon]</texture>
				</control>
				<control type="group">
					<left>510</left>
					<top>632</top>
					<control type="label">
						<top>15</top>
						<width>1316</width>
						<height>30</height>
						<align>left</align>
						<font>font14</font>
						<textoffsetx>15</textoffsetx>
						<label>[COLOR $VAR[ColorHighlightVar]]$INFO[Container(12).ListItem.StartTime]$INFO[Container(12).ListItem.EndTime, - ,: ][/COLOR]$INFO[Container(12).ListItem.Title]</label>
					</control>
					<control type="label">
						<top>58</top>
						<width>1316</width>
						<height>30</height>
						<font>font14</font>
						<textoffsetx>15</textoffsetx>
						<label>[COLOR $VAR[ColorHighlightVar]]$LOCALIZE[515]: [/COLOR][CAPITALIZE]$INFO[Container(12).ListItem.Genre][/CAPITALIZE]</label>
						<visible>!String.IsEmpty(Container(12).ListItem.Genre)</visible>
					</control>
					<control type="textbox" id="83">
						<label>$INFO[Container(12).ListItem.Plot]</label>
						<left>15</left>
						<top>105</top>
						<width>1286</width>
						<height>108</height>
						<font>font14_textbox2</font>
						<include>ShowCaseInfoPanelButtonsValues</include>
						<autoscroll time="3000" delay="4000" repeat="5000">Skin.HasSetting(Enable.AutoScroll)</autoscroll>
					</control>
				</control>
			</control>
			<control type="scrollbar" id="60">
				<visible allowhiddenfocus="true">Control.HasFocus(60) | Container.Scrolling</visible>
				<left>1910</left>
				<top>120</top>
				<width>10</width>
				<height>960</height>
				<orientation>vertical</orientation>
				<onleft>12</onleft>
				<onright>SetProperty(MediaMenu,True,home)</onright>
				<onright>SetFocus(9050)</onright>
			</control>
		</control>
		<include>Topbar</include>
		<include>PVRMediaMenu</include>
	</controls>
</window>