<?xml version="1.0" encoding="UTF-8"?>
<window>
    <defaultcontrol always="true">4012</defaultcontrol>
    <controls>
        <control type="label" id="4000"><visible>false</visible></control>

        <control type="group">
            <include>Animation.Common</include>
            <top>760</top>
            <left>1390</left>
            <width>480</width>
            <height>270</height>
            <control type="label" description="text">
                <top>-64</top>
                <right>20</right>
                <height>64</height>
                <font>font30</font>
                <label>$ADDON[service.nextup.notification 30010]</label>
                <shadowcolor>ff000000</shadowcolor>
            </control>

            <control type="image" description="fanart">
                <width>100%</width>
                <height>100%</height>
                <fadetime>350</fadetime>
                <aspectratio scalediffuse="false">scale</aspectratio>
                <texture>$INFO[Player.Art(fanart)]</texture>
            </control>

            <control type="image" description="blackline">
                <width>100%</width>
                <height>64</height>
                <top>206</top>
                <aspectratio scalediffuse="false">scale</aspectratio>
                <texture colordiffuse="$VAR[ColorBackgroundVar]">black.png</texture>
            </control>

            <control type="image" description="blackline">
                <top>85</top>
                <left>190</left>
                <height>100</height>
                <width>100</width>
                <aspectratio scalediffuse="false">keep</aspectratio>
                <texture colordiffuse="$VAR[ColorHighlightVar]">overlays/overlaybg.png</texture>
            </control>
            <control type="label">
                <description>Remaining</description>
                <top>103</top>
                <left>208</left>
                <width>885</width>
                <font>font14</font>
                <align>center</align>
                <label>[B]$INFO[Player.TimeRemaining(ss)][/B]</label>
            </control>


            <control type="label" description="text">
                <left>20</left>
                <right>120</right>
                <height>64</height>
                <top>206</top>
                <font>font13</font>
                <label>$INFO[Control.GetLabel(4000)]</label>
            </control>

            <control type="button" id="4012">
                <description>Play</description>
                <left>352</left>
                <top>206</top>
                <width>64</width>
                <height>64</height>
                <label></label>
                <align>center</align>
                <textoffsetx>0</textoffsetx>
                <onleft>4013</onleft>
                <onright>4013</onright>
                <font>IconMedium</font>
            </control>
            <control type="button" id="4013">
                <description>Cancel</description>
                <left>416</left>
                <top>206</top>
                <width>64</width>
                <height>64</height>
                <label></label>
                <align>center</align>
                <textoffsetx>0</textoffsetx>
                <onleft>4012</onleft>
                <onright>4012</onright>
                <font>IconMedium</font>
            </control>
        </control>
    </controls>
</window>