<window>
    <coordinates>
        <system>1</system>
        <left>0</left>
        <top>0</top>
    </coordinates>
    
    <animation type="WindowOpen" reversible="false">
        <effect type="zoom" start="80" end="100" center="auto" delay="160" tween="back" time="240" />
        <effect type="fade" delay="160" end="100" time="240" />
    </animation>
    <animation type="WindowClose" reversible="false">
        <effect type="zoom" start="100" end="80" center="auto" easing="in" tween="back" time="240" />
        <effect type="fade" start="100" end="0" time="240" />
    </animation>
    
    <controls>
        <control type="group" id="5000">
            <left>733</left>
            <top>0</top> 
            
            <control type="image" id="5001">
                <description>background image</description>
                <width>454</width>
                <height>0</height>
                <texture border="12">dialog_context.png</texture>
                <colordiffuse>$VAR[ColorDialogVar]</colordiffuse>
            </control>
            
            <control type="list" id="3000">
                <description>List to hold 'buttons'</description>
                <left>27</left>
                <top>29</top>
                <width>400</width>
                <height>628</height>
                <onright>3001</onright>
                <onleft>3001</onleft>  
                
                <itemlayout width="300" height="38">                
                    <control type="label">
                        <width>400</width>
                        <height>38</height>
                        <font>font12</font>
                        <info>ListItem.Label</info>
                        <textoffsetx>10</textoffsetx>
                    </control>
                </itemlayout>
            
                <focusedlayout width="300" height="38">
                    <control type="image">
                        <visible>Control.HasFocus(3000)</visible>
                        <left>0</left>
                        <top>0</top>
                        <width>400</width>
                        <height>38</height>                                        
                        <texture colordiffuse="$VAR[ColorHighlightVar]">listselect_fo.png</texture>
                    </control>
                    <control type="label">
                        <top>0</top>
                        <width>400</width>
                        <height>38</height>
                        <font>font12</font>
                        <info>ListItem.Label</info>
                        <textoffsetx>10</textoffsetx>
                    </control>
                </focusedlayout>
            </control>                    
        </control>        
    </controls>
</window>