<?xml version="1.0" encoding="UTF-8"?>
<window>
	<defaultcontrol always="true">9000</defaultcontrol>
	<menucontrol>9051</menucontrol>
	<onload>SetProperty(Window.HasSettings,True,home)</onload>
	<onload>ClearProperty(MediaMenu,Home)</onload>
	<onunload>ClearProperty(Window.HasSettings,Home)</onunload>
	<onunload>RunScript(script.skinshortcuts,type=buildxml&amp;mode=single&amp;options=clonewidgets&amp;mainmenuID=9000&amp;group=mainmenu|quicknav)</onunload>
	<controls>
		<include>CommonBackground</include>
		<control type="group">
			<left>0</left>
			<top>180</top>
			<include>Animation.Common</include>
			<control type="list" id="9000">
				<left>82</left>
				<top>0</top>
				<width>356</width>
				<height>840</height>
				<onleft>SetProperty(MediaMenu,True,home)</onleft>
				<onleft>SetFocus(9050,7)</onleft>
				<!--<onright condition="Container(9000).HasFocus(9)">60</onright>-->
				<onright condition="!Container(9000).HasFocus(9)">9010</onright>
				<onup>9000</onup>
				<ondown>9000</ondown>
				<pagecontrol>-</pagecontrol>
				<scrolltime tween="quadratic" easing="out">200</scrolltime>
				<visible>!Window.IsActive(script-skinshortcuts.xml)</visible>
				<include>SettingsFadeEffect</include>
				<itemlayout height="90" width="356">
					<control type="label">
						<width>356</width>
						<height>90</height>
						<font>font15</font>
						<textoffsetx>20</textoffsetx>
						<selectedcolor>$VAR[ColorHighlightVar]</selectedcolor>
						<align>right</align>
						<label>$INFO[ListItem.Label]</label>
					</control>
				</itemlayout>
				<focusedlayout height="90" width="356">
					<control type="image">
						<animation effect="fade" time="50" start="100" end="50" condition="!Control.HasFocus(9000)">Conditional</animation>
						<width>356</width>
						<height>90</height>
						<texture>listselect_fo.png</texture>
						<colordiffuse>$VAR[ColorHighlightVar]</colordiffuse>
						<include>VisibleFadeEffect</include>
					</control>
					<control type="label">
						<width>356</width>
						<height>90</height>
						<font>font15</font>
						<textoffsetx>20</textoffsetx>
						<align>right</align>
						<label>$INFO[ListItem.Label]</label>
					</control>
				</focusedlayout>
				<content>
					<item id="1">
						<label>513</label>
						<onclick>noop</onclick>
						<icon>-</icon>
					</item>
					<item id="2">
						<label>31311</label>
						<onclick>noop</onclick>
						<icon>-</icon>
					</item>
					<item id="3">
						<label>33069</label>
						<onclick>noop</onclick>
						<icon>-</icon>
					</item>
					<item id="4">
						<label>16000</label>
						<onclick>noop</onclick>
						<icon>-</icon>
					</item>
					<item id="5">
						<label>31009</label>
						<onclick>noop</onclick>
						<icon>-</icon>
					</item>
					<item id="6">
						<label>31014</label>
						<onclick>noop</onclick>
						<icon>-</icon>
					</item>
					<item id="7">
						<label>10038</label>
						<onclick>noop</onclick>
						<icon>-</icon>
					</item>
					<item id="8">
						<label>31195</label>
						<onclick>noop</onclick>
						<icon>-</icon>
					</item>
				</content>
			</control>
			<control type="textbox">
				<description>description area</description>
				<left>552</left>
				<top>742</top>
				<width>1256</width>
				<height>140</height>
				<font>font15_textbox</font>
				<textcolor>$VAR[ColorHighlightVar]</textcolor>
				<label>$VAR[SkinSettingsDescriptionVar]</label>
				<autoscroll time="3000" delay="4000" repeat="5000">true</autoscroll>
				<animation effect="fade" start="0" end="100" time="300" tween="sine" easing="inout">Visible</animation>
				<animation effect="fade" start="100" end="0" time="0" tween="sine" easing="inout">Hidden</animation>
				<visible>!Window.IsActive(script-skinshortcuts.xml)</visible>
			</control>
			<control type="group" id="9010">
				<visible>!Window.IsActive(script-skinshortcuts.xml)</visible>
				<include>SettingsFadeEffect</include>
				<control type="grouplist" id="9001">
					<description>Home window control area</description>
					<left>522</left>
					<top>0</top>
					<width>1316</width>
					<height>720</height>
					<itemgap>0</itemgap>
					<pagecontrol>60</pagecontrol>
					<onleft>9000</onleft>
					<onright>60</onright>
					<onup>9001</onup>
					<ondown>9001</ondown>
					<visible>Container(9000).HasFocus(1)</visible>
					<control type="button" id="108">
						<width>1316</width>
						<height>90</height>
						<textoffsetx>30</textoffsetx>
						<font>font15</font>
						<label>31018</label>
						<label2>$INFO[Skin.String(HomeLayout.label)]</label2>
						<onclick>RunScript(script.skin.helper.service,action=setskinsetting,setting=HomeLayout,header=$LOCALIZE[31018])</onclick>
					</control>
					<control type="radiobutton" id="111">
						<width>1316</width>
						<height>90</height>
						<textoffsetx>30</textoffsetx>
						<font>font15</font>
						<label>- $LOCALIZE[31201]</label>
						<onclick>Skin.ToggleSetting(Enable.CenteredMenu)</onclick>
						<selected>Skin.HasSetting(Enable.CenteredMenu)</selected>
						<visible>!String.IsEqual(Skin.String(HomeLayout),2) + !String.IsEqual(Skin.String(HomeLayout),3)</visible>
						<enable>!Skin.HasSetting(Enable.WideMenuItems)</enable>
					</control>
					<control type="radiobutton" id="112">
						<width>1316</width>
						<height>90</height>
						<textoffsetx>30</textoffsetx>
						<font>font15</font>
						<label>- $LOCALIZE[31202]</label>
						<onclick>Skin.ToggleSetting(Enable.WideMenuItems)</onclick>
						<selected>Skin.HasSetting(Enable.WideMenuItems)</selected>
						<visible>!String.IsEqual(Skin.String(HomeLayout),2) + !String.IsEqual(Skin.String(HomeLayout),3)</visible>
						<enable>!Skin.HasSetting(Enable.CenteredMenu)</enable>
					</control>
					<control type="radiobutton" id="115">
						<width>1316</width>
						<height>90</height>
						<textoffsetx>30</textoffsetx>
						<font>font15</font>
						<label>31240</label>
						<onclick>Skin.ToggleSetting(Enable.MenuIcons)</onclick>
						<onclick>ReloadSkin()</onclick>
						<selected>Skin.HasSetting(Enable.MenuIcons)</selected>
						<visible>String.IsEqual(Skin.String(HomeLayout),3)</visible>
					</control>
					<control type="radiobutton" id="114">
						<width>1316</width>
						<height>90</height>
						<textoffsetx>30</textoffsetx>
						<font>font15</font>
						<label>31231</label>
						<onclick>Skin.ToggleSetting(Enable.CombineMenus)</onclick>
						<selected>Skin.HasSetting(Enable.CombineMenus)</selected>
						<visible>String.IsEqual(Skin.String(HomeLayout),3)</visible>
					</control>
					<control type="radiobutton" id="113">
						<width>1316</width>
						<height>90</height>
						<textoffsetx>30</textoffsetx>
						<font>font15</font>
						<label>- Show header</label>
						<onclick>Skin.ToggleSetting(Enable.HomeTopbar)</onclick>
						<selected>Skin.HasSetting(Enable.HomeTopbar)</selected>
						<visible>!String.IsEqual(Skin.String(HomeLayout),2)</visible>
					</control>
					<control type="button" id="100">
						<width>1316</width>
						<height>90</height>
						<textoffsetx>30</textoffsetx>
						<font>font15</font>
						<label>31911</label>
						<onclick>RunScript(script.skinshortcuts,type=manage&amp;group=mainmenu)</onclick>
					</control>
					<control type="radiobutton" id="109">
						<width>1316</width>
						<height>90</height>
						<textoffsetx>30</textoffsetx>
						<font>font15</font>
						<label>31112</label>
						<onclick>Skin.ToggleSetting(Disable.SubmenuSlide)</onclick>
						<selected>Skin.HasSetting(Disable.SubmenuSlide)</selected>
						<enable>!String.IsEqual(Skin.String(HomeLayout),3)</enable>
					</control>
					<control type="radiobutton" id="102">
						<width>1316</width>
						<height>90</height>
						<textoffsetx>30</textoffsetx>
						<font>font15</font>
						<label>31509</label>
						<onclick>Skin.ToggleSetting(Disable.Musicinfo)</onclick>
						<selected>!Skin.HasSetting(Disable.Musicinfo)</selected>
						<enable>!Skin.HasSetting(Enable.HomeTopbar) | String.IsEqual(Skin.String(HomeLayout),2)</enable>
					</control>
					<control type="radiobutton" id="103">
						<width>1316</width>
						<height>90</height>
						<textoffsetx>30</textoffsetx>
						<font>font15</font>
						<label>31510</label>
						<onclick>Skin.ToggleSetting(Disable.Videoinfo)</onclick>
						<selected>!Skin.HasSetting(Disable.Videoinfo)</selected>
						<enable>!Skin.HasSetting(Enable.HomeTopbar) | String.IsEqual(Skin.String(HomeLayout),2)</enable>
					</control>
					<control type="radiobutton" id="104">
						<width>1316</width>
						<height>90</height>
						<textoffsetx>30</textoffsetx>
						<font>font15</font>
						<label>31002</label>
						<onclick>Skin.ToggleSetting(Disable.WeatherClockDate)</onclick>
						<selected>!Skin.HasSetting(Disable.WeatherClockDate)</selected>
						<enable>!Skin.HasSetting(Enable.HomeTopbar) | String.IsEqual(Skin.String(HomeLayout),2)</enable>
					</control>
					<control type="radiobutton" id="101">
						<width>1316</width>
						<height>90</height>
						<textoffsetx>30</textoffsetx>
						<font>font15</font>
						<label>31187</label>
						<enable>![String.IsEqual(Skin.String(HomeLayout),1) + Skin.HasSetting(Enable.CenteredMenu)] + !Skin.HasSetting(Disable.WeatherClockDate) + [!Skin.HasSetting(Enable.HomeTopbar) | String.IsEqual(Skin.String(HomeLayout),2)]</enable>
						<onclick>Skin.ToggleSetting(Enable.WeatherInMenu)</onclick>
						<selected>Skin.HasSetting(Enable.WeatherInMenu)</selected>
					</control>
					<control type="radiobutton" id="106">
						<width>1316</width>
						<height>90</height>
						<textoffsetx>30</textoffsetx>
						<font>font15</font>
						<label>31101</label>
						<onclick>Skin.ToggleSetting(Enable.HomeFanartOverlay)</onclick>
						<selected>Skin.HasSetting(Enable.HomeFanartOverlay)</selected>
					</control>
				</control>
				<control type="grouplist" id="9007">
					<description>Widgets control area</description>
					<left>522</left>
					<top>0</top>
					<width>1316</width>
					<height>720</height>
					<itemgap>0</itemgap>
					<pagecontrol>60</pagecontrol>
					<onleft>9000</onleft>
					<onright>60</onright>
					<onup>9007</onup>
					<ondown>9007</ondown>
					<visible>Container(9000).HasFocus(2)</visible>
					<control type="button" id="700">
						<width>1316</width>
						<height>90</height>
						<textoffsetx>30</textoffsetx>
						<font>font15</font>
						<label>31233</label>
						<label2>$VAR[WidgetStyleVar]</label2>
						<onclick>Skin.ToggleSetting(WidgetStyle)</onclick>
					</control>
					<control type="button" id="701">
						<width>1316</width>
						<height>90</height>
						<textoffsetx>30</textoffsetx>
						<font>font15</font>
						<label>- $LOCALIZE[31915]</label>
						<label2>$VAR[HorizontalListNavVar]</label2>
						<onclick>Skin.ToggleSetting(HorizontalListNav)</onclick>
						<enable>!Skin.HasSetting(WidgetStyle) + !String.IsEqual(Skin.String(HomeLayout),3)</enable>
					</control>
					<control type="radiobutton" id="702">
						<width>1316</width>
						<height>90</height>
						<textoffsetx>30</textoffsetx>
						<font>font15</font>
						<label>31939</label>
						<onclick>Skin.ToggleSetting(Enable.PersistentWidgets)</onclick>
						<selected>Skin.HasSetting(Enable.PersistentWidgets)</selected>
					</control>
					<control type="radiobutton" id="703">
						<width>1316</width>
						<height>90</height>
						<textoffsetx>30</textoffsetx>
						<font>font15</font>
						<label>31967</label>
						<enable>Skin.HasSetting(Enable.PersistentWidgets) + !String.IsEqual(Skin.String(HomeLayout),3)</enable>
						<onclick>Skin.ToggleSetting(Disable.WidgetAutoScroll)</onclick>
						<selected>Skin.HasSetting(Disable.WidgetAutoScroll)</selected>
					</control>
					<control type="radiobutton" id="704">
						<width>1316</width>
						<height>90</height>
						<textoffsetx>30</textoffsetx>
						<font>font15</font>
						<label>31236</label>
						<onclick>Skin.ToggleSetting(Enable.WidgetLimit)</onclick>
						<selected>Skin.HasSetting(Enable.WidgetLimit)</selected>
					</control>
				</control>
				<control type="grouplist" id="9006">
					<description>Backgrounds control area</description>
					<left>522</left>
					<top>0</top>
					<width>1316</width>
					<height>720</height>
					<itemgap>0</itemgap>
					<pagecontrol>60</pagecontrol>
					<onleft>9000</onleft>
					<onright>60</onright>
					<onup>9006</onup>
					<ondown>9006</ondown>
					<visible>Container(9000).HasFocus(3)</visible>
					<control type="button" id="600">
						<width>1316</width>
						<height>90</height>
						<textoffsetx>30</textoffsetx>
						<font>font15</font>
						<label>31947</label>
						<onclick>ActivateWindow(1128)</onclick>
					</control>
					<control type="button" id="601">
						<width>1316</width>
						<height>90</height>
						<textoffsetx>30</textoffsetx>
						<font>font15</font>
						<label>31115</label>
						<label2>$INFO[Skin.String(CustomBackground)]</label2>
						<onclick>Skin.SetImage(CustomBackground,special://skin/backgrounds)</onclick>
					</control>
					<control type="button" id="604">
						<width>1316</width>
						<height>90</height>
						<textoffsetx>30</textoffsetx>
						<font>font15</font>
						<label>- $LOCALIZE[10035]</label>
						<onclick>Skin.Reset(CustomBackground)</onclick>
						<visible>!String.IsEmpty(Skin.String(CustomBackground))</visible>
					</control>
					<control type="button" id="605">
						<width>1316</width>
						<height>90</height>
						<textoffsetx>30</textoffsetx>
						<font>font15</font>
						<label>31163</label>
						<label2>$INFO[Skin.String(CustomHomeSlideshow)]</label2>
						<onclick>Skin.SetPath(CustomHomeSlideshow)</onclick>
					</control>
					<control type="button" id="606">
						<width>1316</width>
						<height>90</height>
						<textoffsetx>30</textoffsetx>
						<font>font15</font>
						<label>- $LOCALIZE[10035]</label>
						<onclick>Skin.Reset(CustomHomeSlideshow)</onclick>
						<visible>!String.IsEmpty(Skin.String(CustomHomeSlideshow))</visible>
					</control>
					<control type="radiobutton" id="602">
						<width>1316</width>
						<height>90</height>
						<textoffsetx>30</textoffsetx>
						<font>font15</font>
						<label>31124</label>
						<onclick>Skin.ToggleSetting(Disable.ShowBackgroundVideo)</onclick>
						<selected>!Skin.HasSetting(Disable.ShowBackgroundVideo)</selected>
					</control>
					<control type="radiobutton" id="603">
						<width>1316</width>
						<height>90</height>
						<textoffsetx>30</textoffsetx>
						<font>font15</font>
						<label>31125</label>
						<onclick>Skin.ToggleSetting(Disable.ShowBackgroundVis)</onclick>
						<selected>!Skin.HasSetting(Disable.ShowBackgroundVis)</selected>
					</control>
				</control>
				<control type="grouplist" id="9002">
					<description>General control area</description>
					<left>522</left>
					<top>0</top>
					<width>1316</width>
					<height>720</height>
					<itemgap>0</itemgap>
					<pagecontrol>60</pagecontrol>
					<onleft>9000</onleft>
					<onright>60</onright>
					<onup>9002</onup>
					<ondown>9002</ondown>
					<visible>Container(9000).HasFocus(4)</visible>
					<control type="radiobutton" id="200">
						<width>1316</width>
						<height>90</height>
						<textoffsetx>30</textoffsetx>
						<font>font15</font>
						<label>20189</label>
						<onclick>Skin.ToggleSetting(Enable.AutoScroll)</onclick>
						<selected>Skin.HasSetting(Enable.AutoScroll)</selected>
					</control>
					<control type="button" id="201">
						<width>1316</width>
						<height>90</height>
						<textoffsetx>30</textoffsetx>
						<font>font15</font>
						<label>31931</label>
						<label2>$VAR[VideoPlotLocalizeVar]</label2>
						<onclick>Skin.ToggleSetting(VideoInfoPlotToggle)</onclick>
					</control>
					<control type="radiobutton" id="202">
						<width>1316</width>
						<height>90</height>
						<textoffsetx>30</textoffsetx>
						<font>font15</font>
						<label>31238</label>
						<onclick>Skin.ToggleSetting(Enable.MediaFlags)</onclick>
						<selected>Skin.HasSetting(Enable.MediaFlags)</selected>
					</control>
					<control type="radiobutton" id="207">
						<width>1316</width>
						<height>90</height>
						<textoffsetx>30</textoffsetx>
						<font>font15</font>
						<label>31250</label>
						<onclick>Skin.ToggleSetting(Disable.Quicknav)</onclick>
						<selected>!Skin.HasSetting(Disable.Quicknav)</selected>
					</control>
					<control type="radiobutton" id="208">
						<width>1316</width>
						<height>90</height>
						<textoffsetx>30</textoffsetx>
						<font>font15</font>
						<label>31251</label>
						<onclick>Skin.ToggleSetting(Disable.MainQuicknav)</onclick>
						<selected>!Skin.HasSetting(Disable.MainQuicknav)</selected>
						<enable>!Skin.HasSetting(Disable.Quicknav)</enable>
					</control>
					<control type="button" id="203">
						<width>1316</width>
						<height>90</height>
						<textoffsetx>30</textoffsetx>
						<font>font15</font>
						<label>31943</label>
						<onclick>ActivateWindow(1127)</onclick>
					</control>
					<control type="button" id="204">
						<description>Busy Loader Image</description>
                        <width>1316</width>
						<height>90</height>
						<textoffsetx>30</textoffsetx>
						<font>font15</font>
                        <label>31130</label>
                        <label2>$INFO[Skin.String(busyloader)]</label2>
                        <onclick>Skin.SetImage(busyloader,special://skin/extras/spinners)</onclick>
                    </control>
                    <control type="button" id="205">
						<width>1316</width>
						<height>90</height>
						<textoffsetx>30</textoffsetx>
						<font>font15</font>
						<label>$LOCALIZE[31110]</label>
						<label2>$INFO[Skin.String(MusicLibraryPath)]</label2>
						<onclick>Skin.SetPath(MusicLibraryPath)</onclick>
					</control>
					<control type="button" id="206">
						<width>1316</width>
						<height>90</height>
						<textoffsetx>30</textoffsetx>
						<font>font15</font>
						<label>- $LOCALIZE[10035]</label>
						<onclick>Skin.Reset(MusicLibraryPath)</onclick>
						<visible>!String.IsEmpty(Skin.String(MusicLibraryPath))</visible>
					</control>
				</control>
				<control type="grouplist" id="9005">
					<description>Colors control area</description>
					<left>522</left>
					<top>0</top>
					<width>1316</width>
					<height>720</height>
					<itemgap>0</itemgap>
					<pagecontrol>60</pagecontrol>
					<onleft>9000</onleft>
					<onright>60</onright>
					<onup>9005</onup>
					<ondown>9005</ondown>
					<visible>Container(9000).HasFocus(5)</visible>
					<control type="radiobutton" id="502">
						<width>1316</width>
						<height>90</height>
						<textoffsetx>30</textoffsetx>
						<font>font15</font>
						<label>31211</label>
						<onclick>Skin.ToggleSetting(ColorCustomizer.Enabled)</onclick>
						<selected>Skin.HasSetting(ColorCustomizer.Enabled)</selected>
					</control>
					<control type="button" id="503">
						<width>1316</width>
						<height>90</height>
						<textoffsetx>30</textoffsetx>
						<font>font15</font>
						<label>31212</label>
						<onclick>RunScript(script.skin.helper.service,action=colorpicker,skinstring=highlightcolor.name,header=$LOCALIZE[31216])</onclick>
						<enable>Skin.HasSetting(ColorCustomizer.Enabled)</enable>
					</control>
					<control type="button" id="504">
						<width>1316</width>
						<height>90</height>
						<textoffsetx>30</textoffsetx>
						<font>font15</font>
						<label>31213</label>
						<onclick>RunScript(script.skin.helper.service,action=colorpicker,skinstring=backgroundcolor.name,header=$LOCALIZE[31217])</onclick>
						<enable>Skin.HasSetting(ColorCustomizer.Enabled)</enable>
					</control>
					<control type="button" id="505">
						<width>1316</width>
						<height>90</height>
						<textoffsetx>30</textoffsetx>
						<font>font15</font>
						<label>31214</label>
						<onclick>RunScript(script.skin.helper.service,action=colorpicker,skinstring=dialogcolor.name,header=$LOCALIZE[31218])</onclick>
						<enable>Skin.HasSetting(ColorCustomizer.Enabled)</enable>
					</control>
					<control type="button" id="506">
						<width>1316</width>
						<height>90</height>
						<textoffsetx>30</textoffsetx>
						<font>font15</font>
						<label>31145</label>
						<onclick>RunScript(script.skin.helper.service,action=colorpicker,skinstring=textcolor.name,header=$LOCALIZE[31146])</onclick>
						<enable>Skin.HasSetting(ColorCustomizer.Enabled)</enable>
					</control>
					<control type="button" id="507">
						<width>1316</width>
						<height>90</height>
						<textoffsetx>30</textoffsetx>
						<font>font15</font>
						<label>31147</label>
						<onclick>RunScript(script.skin.helper.service,action=colorpicker,skinstring=menucolor.name,header=$LOCALIZE[31148])</onclick>
						<enable>Skin.HasSetting(ColorCustomizer.Enabled)</enable>
					</control>
					<control type="button" id="508">
						<width>1316</width>
						<height>90</height>
						<textoffsetx>30</textoffsetx>
						<font>font15</font>
						<label>- $LOCALIZE[10035]</label>
						<onclick>Skin.SetString(highlightcolor.name,FF23729B)</onclick>
						<onclick>Skin.SetString(backgroundcolor.name,FF0A1F2A)</onclick>
						<onclick>Skin.SetString(dialogcolor.name,FF57A4CB)</onclick>
						<onclick>Skin.SetString(textcolor.name,FFE8E8E8)</onclick>
						<onclick>Skin.SetString(menucolor.name,FFE8E8E8)</onclick>
						<visible>Skin.HasSetting(ColorCustomizer.Enabled)</visible>
					</control>
				</control>
				<control type="grouplist" id="90050">
					<description>control area</description>
					<left>1761</left>
					<top>103</top>
					<width>64</width>
					<height>720</height>
					<itemgap>26</itemgap>
					<visible>Container(9000).HasFocus(5) + Skin.HasSetting(ColorCustomizer.Enabled)</visible>
					<animation effect="fade" time="400" tween="" easing="" start="0" end="100">Visible</animation>
					<control type="image" id="5050">
						<width>64</width>
						<height>64</height>
						<texture>white.png</texture>
						<colordiffuse>$INFO[Skin.String(highlightcolor.name)]</colordiffuse>
					</control>
					<control type="image" id="5051">
						<width>64</width>
						<height>64</height>
						<texture>white.png</texture>
						<colordiffuse>$INFO[Skin.String(backgroundcolor.name)]</colordiffuse>
					</control>
					<control type="image" id="5052">
						<width>64</width>
						<height>64</height>
						<texture>white.png</texture>
						<colordiffuse>$INFO[Skin.String(dialogcolor.name)]</colordiffuse>
					</control>
					<control type="image" id="5053">
						<width>64</width>
						<height>64</height>
						<texture>white.png</texture>
						<colordiffuse>$INFO[Skin.String(textcolor.name)]</colordiffuse>
					</control>
					<control type="image" id="5054">
						<width>64</width>
						<height>64</height>
						<texture>white.png</texture>
						<colordiffuse>$INFO[Skin.String(menucolor.name)]</colordiffuse>
					</control>
				</control>
				<control type="grouplist" id="9003">
					<description>Extras control area</description>
					<left>522</left>
					<top>0</top>
					<width>1316</width>
					<height>720</height>
					<itemgap>0</itemgap>
					<pagecontrol>60</pagecontrol>
					<onleft>9000</onleft>
					<onright>60</onright>
					<onup>9003</onup>
					<ondown>9003</ondown>
					<visible>Container(9000).HasFocus(6)</visible>
					<control type="radiobutton" id="306">
						<description>Startup Playlist Path</description>
						<width>1316</width>
						<height>90</height>
						<textoffsetx>30</textoffsetx>
						<font>font15</font>
						<label>31254</label>
						<onclick>Skin.ToggleSetting(Use_Startup_Playlist)</onclick>
						<selected>Skin.HasSetting(Use_Startup_Playlist)</selected>
					</control>
					<control type="button" id="307">
						<description>Startup Playlist Path</description>
						<width>1316</width>
						<height>90</height>
						<textoffsetx>30</textoffsetx>
						<font>font15</font>
						<label>15311</label>
						<label2>$INFO[Skin.String(Startup_Playlist_Path)]</label2>
						<onclick>Skin.SetFile(Startup_Playlist_Path,,special://MusicPlaylists/)</onclick>
						<enable>Skin.HasSetting(Use_Startup_Playlist)</enable>
					</control>
					<control type="radiobutton" id="305">
						<width>1316</width>
						<height>90</height>
						<textoffsetx>30</textoffsetx>
						<font>font15</font>
						<label>31083</label>
						<onclick>Skin.ToggleSetting(Disable.NextAired)</onclick>
						<selected>!Skin.HasSetting(Disable.NextAired)</selected>
						<onclick condition="!System.HasAddon(script.tv.show.next.aired)">InstallAddon(script.tv.show.next.aired)</onclick>
					</control>
					<control type="radiobutton" id="312">
						<width>1316</width>
						<height>90</height>
						<textoffsetx>30</textoffsetx>
						<font>font15</font>
						<label>31135</label>
						<onclick>Skin.ToggleSetting(Disable.AutoComplete)</onclick>
						<onclick condition="!System.HasAddon(plugin.program.autocompletion)">InstallAddon(plugin.program.autocompletion)</onclick>
						<selected>!Skin.HasSetting(Disable.AutoComplete)</selected>
					</control>
					<control type="button" id="303">
						<width>1316</width>
						<height>90</height>
						<textoffsetx>30</textoffsetx>
						<font>font15</font>
						<label>31119</label>
						<onclick condition="System.HasAddon(script.toolbox)">RunScript(script.toolbox,info=extrafanartmovie)</onclick>
						<onclick condition="!System.HasAddon(script.toolbox)">InstallAddon(script.toolbox)</onclick>
					</control>
					<control type="button" id="304">
						<width>1316</width>
						<height>90</height>
						<textoffsetx>30</textoffsetx>
						<font>font15</font>
						<label>31120</label>
						<onclick condition="System.HasAddon(script.toolbox)">RunScript(script.toolbox,info=extrafanarttvshow)</onclick>
						<onclick condition="!System.HasAddon(script.toolbox)">InstallAddon(script.toolbox)</onclick>
					</control>
				</control>
				<control type="grouplist" id="9004">
					<description>Advanced control area</description>
					<left>522</left>
					<top>0</top>
					<width>1316</width>
					<height>720</height>
					<itemgap>0</itemgap>
					<pagecontrol>60</pagecontrol>
					<onleft>9000</onleft>
					<onright>60</onright>
					<onup>9004</onup>
					<ondown>9004</ondown>
					<visible>Container(9000).HasFocus(7)</visible>
					<control type="button" id="406">
						<width>1316</width>
						<height>90</height>
						<textoffsetx>30</textoffsetx>
						<font>font15</font>
						<label>31223</label>
						<onclick>ActivateWindow(1121)</onclick>
					</control>
					<control type="radiobutton" id="402">
						<width>1316</width>
						<height>90</height>
						<textoffsetx>30</textoffsetx>
						<font>font15</font>
						<label>31941</label>
						<onclick>Skin.ToggleSetting(KioskMode.Enabled)</onclick>
						<selected>Skin.HasSetting(KioskMode.Enabled)</selected>
					</control>
					<control type="radiobutton" id="403">
						<width>1316</width>
						<height>90</height>
						<textoffsetx>30</textoffsetx>
						<font>font15</font>
						<label>20191</label>
						<onclick>Skin.ToggleSetting(Skin.ToggleDebug)</onclick>
						<onclick>Skin.ToggleDebug</onclick>
						<selected>Skin.HasSetting(Skin.ToggleDebug)</selected>
					</control>
					<control type="button" id="408">
						<width>1316</width>
						<height>90</height>
						<textoffsetx>30</textoffsetx>
						<font>font15</font>
						<label>31043</label>
						<onclick condition="System.HasAddon(script.skin.helper.service)">RunScript(script.skin.helper.service,action=backup)</onclick>
						<onclick condition="!System.HasAddon(script.skin.helper.service)">InstallAddon(script.skin.helper.service)</onclick>
					</control>
					<control type="button" id="409">
						<width>1316</width>
						<height>90</height>
						<textoffsetx>30</textoffsetx>
						<font>font15</font>
						<label>31128</label>
						<onclick condition="System.HasAddon(script.skin.helper.service)">RunScript(script.skin.helper.service,action=restore)</onclick>
						<onclick condition="!System.HasAddon(script.skin.helper.service)">InstallAddon(script.skin.helper.service)</onclick>
					</control>
					<control type="button" id="407">
						<width>1316</width>
						<height>90</height>
						<textoffsetx>30</textoffsetx>
						<font>font15</font>
						<label>31109</label>
						<onclick condition="System.HasAddon(script.skin.helper.service)">RunScript(script.skin.helper.service,action=reset)</onclick>
						<onclick condition="!System.HasAddon(script.skin.helper.service)">InstallAddon(script.skin.helper.service)</onclick>
					</control>
				</control>
				<control type="grouplist" id="9008">
					<description>About control area</description>
					<left>522</left>
					<top>0</top>
					<width>1316</width>
					<height>840</height>
					<itemgap>0</itemgap>
					<pagecontrol>60</pagecontrol>
					<onleft>9000</onleft>
					<onright>60</onright>
					<onup>9009</onup>
					<ondown>9008</ondown>
					<usecontrolcoords>true</usecontrolcoords>
					<visible>Container(9000).HasFocus(8)</visible>
					<control type="label">
						<width>1316</width>
						<height>120</height>
						<textoffsetx>30</textoffsetx>
						<font>WeatherTemp</font>
						<label>31196</label>
					</control>
					<control type="label">
						<width>1316</width>
						<height>45</height>
						<textoffsetx>30</textoffsetx>
						<textcolor>$VAR[ColorHighlightVar]</textcolor>
						<font>font15</font>
						<label>31197</label>
					</control>
					<control type="label">
						<width>1316</width>
						<height>45</height>
						<textoffsetx>30</textoffsetx>
						<textcolor>$VAR[ColorHighlightVar]</textcolor>
						<font>font15</font>
						<label>31198</label>
					</control>
					<control type="textbox">
						<top>30</top>
						<left>30</left>
						<width>1286</width>
						<height>600</height>
						<font>font13</font>
						<label>31199</label>
					</control>
				</control>
			</control>
		</control>
		<control type="scrollbar" id="60">
			<visible allowhiddenfocus="true">![Control.HasFocus(9000) | ControlGroup(9050).HasFocus | Window.IsActive(script-skinshortcuts.xml) | Control.HasFocus(9013) | Control.HasFocus(9014)] | Container(9000).HasFocus(9)</visible>
			<animation effect="fade" time="300" tween="sine" easing="inout" start="0" end="100">Visible</animation>
			<left>1910</left>
			<top>120</top>
			<width>10</width>
			<height>960</height>
			<onleft condition="Container(9000).HasFocus(9)">9000</onleft>
			<onleft condition="!Container(9000).HasFocus(9)">9010</onleft>
			<onright>9000</onright>
			<ondown>60</ondown>
			<onup>60</onup>
		</control>
		<include>Topbar</include>
		<include>SettingsMediaMenu</include>
	</controls>
</window>