<?xml version="1.0" encoding="UTF-8"?>
<window>
	<defaultcontrol always="true">9001</defaultcontrol>
	<allowoverlay>no</allowoverlay>
	<coordinates>
		<system>1</system>
		<left>359</left>
		<top>210</top>
	</coordinates>
	<include>dialogeffect</include>
	<controls>
		<include content="DialogBackgroundCommons">
			<param name="DialogBackgroundWidth" value="1202" />
			<param name="DialogBackgroundHeight" value="660" />
			<param name="DialogHeaderLabel" value="$LOCALIZE[21421]" />
			<param name="DialogHeaderId" value="2" />
		</include>
		<control type="button">
			<description>rules label</description>
			<left>32</left>
			<top>88</top>
			<width>1138</width>
			<height>60</height>
			<align>left</align>
			<label>21422</label>
			<font>font13_title</font>
			<textoffsetx>15</textoffsetx>
			<disabledcolor>$VAR[ColorHighlightVar]</disabledcolor>
			<enable>no</enable>
			<texturefocus />
		</control>
		<control type="group" id="9001">
			<control type="button" id="15">
				<description>Rule Field</description>
				<left>32</left>
				<top>148</top>
				<width>569</width>
				<height>60</height>
				<font />
				<onright>16</onright>
				<onleft>9000</onleft>
				<onup>17</onup>
				<ondown>17</ondown>
			</control>
			<control type="label">
				<description>Rule Field label</description>
				<left>32</left>
				<top>148</top>
				<width>569</width>
				<height>60</height>
				<font>font14</font>
				<textoffsetx>15</textoffsetx>
				<label>$INFO[Control.GetLabel(15)]</label>
				<visible>!Control.HasFocus(15)</visible>
			</control>
			<control type="label">
				<description>Rule Field label</description>
				<left>32</left>
				<top>148</top>
				<width>569</width>
				<height>60</height>
				<font>font14</font>
				<textoffsetx>15</textoffsetx>
				<label>$INFO[Control.GetLabel(15)]</label>
				<visible>Control.HasFocus(15)</visible>
			</control>
			<control type="button" id="16">
				<description>Rule operator</description>
				<left>600</left>
				<top>148</top>
				<width>570</width>
				<height>60</height>
				<font />
				<onright>9000</onright>
				<onleft>15</onleft>
				<onup>17</onup>
				<ondown>17</ondown>
			</control>
			<control type="label">
				<description>Rule Field label</description>
				<left>600</left>
				<top>148</top>
				<width>570</width>
				<height>60</height>
				<font>font14</font>
				<textoffsetx>15</textoffsetx>
				<label>$INFO[Control.GetLabel(16)]</label>
				<visible>!Control.HasFocus(16)</visible>
			</control>
			<control type="label">
				<description>Rule Field label</description>
				<left>600</left>
				<top>148</top>
				<width>570</width>
				<height>60</height>
				<font>font14</font>
				<textoffsetx>15</textoffsetx>
				<label>$INFO[Control.GetLabel(16)]</label>
				<visible>Control.HasFocus(16)</visible>
			</control>
			<control type="edit" id="17">
				<description>Value Button</description>
				<left>32</left>
				<top>208</top>
				<width>828</width>
				<label />
				<onup>15</onup>
				<onleft>9000</onleft>
				<onright>20</onright>
				<ondown>15</ondown>
			</control>
			<control type="button" id="20">
				<description>Browse Button</description>
				<left>860</left>
				<top>208</top>
				<width>310</width>
				<label>1024</label>
				<onup>16</onup>
				<onleft>17</onleft>
				<onright>9000</onright>
				<ondown>15</ondown>
			</control>
		</control>
		<control type="grouplist" id="9000">
 			<left>32</left>
 			<top>568</top>
 			<width>1138</width>
 			<height>60</height>
 			<onup>9001</onup>
 			<ondown>9001</ondown>
 			<align>center</align>
 			<itemgap>14</itemgap>
 			<orientation>horizontal</orientation>
			<control type="button" id="18">
				<description>OK button</description>
				<width>562</width>
				<label>186</label>
				<font>font15_title</font>
				<align>center</align>
				<texturenofocus colordiffuse="33787878" border="5">listselect_fo.png</texturenofocus>
			</control>
			<control type="button" id="19">
				<description>Cancel button</description>
				<width>562</width>
				<label>222</label>
				<font>font15_title</font>
				<align>center</align>
				<texturenofocus colordiffuse="33787878" border="5">listselect_fo.png</texturenofocus>
			</control>
		</control>
	</controls>
</window>