<?xml version="1.0" encoding="UTF-8"?>
<window>
	<coordinates>
		<system>1</system>
		<left>0</left>
		<top>0</top>
	</coordinates>
	<onload condition="VideoPlayer.Content(livetv)">SetFocus(808)</onload>
	<onload condition="!VideoPlayer.Content(livetv)">SetFocus(602)</onload>
	<controls>
		<control type="slider">
			<description>Seek Slider</description>
			<left>30</left>
			<top>1014</top>
			<width>1860</width>
			<height>37</height>
			<texturesliderbar>-</texturesliderbar>
			<textureslidernib>-</textureslidernib>
			<textureslidernibfocus>-</textureslidernibfocus>
			<action>seek</action>
			<visible>!VideoPlayer.Content(LiveTV)</visible>
		</control>
		<control type="group">
			<animation effect="slide" end="0,-420" time="240" tween="quadratic" condition="Window.IsVisible(PVROSDGuide) | Window.IsVisible(PVROSDTeletext) | Window.IsVisible(PVROSDChannels) | Window.IsVisible(OSDVideoSettings) | Window.IsVisible(OSDAudioSettings) | Window.IsVisible(VideoBookmarks)">Conditional</animation>
			<animation effect="slide" start="0,-420" end="0,0" time="240" tween="quadratic">WindowOpen</animation>
			<animation effect="slide" end="0,-420" start="0,0" time="240" tween="quadratic">WindowClose</animation>
			<top>0</top>
			<control type="image">
				<width>FullScreenWidth</width>
				<height>110</height>
				<texture>background.png</texture>
				<colordiffuse>$VAR[ColorBackgroundVar]</colordiffuse>
			</control>
			<control type="grouplist" id="202">
				<top>20</top>
				<height>144</height>
				<width>FullScreenWidth</width>
				<align>center</align>
				<itemgap>0</itemgap>
				<scrolltime tween="sine">200</scrolltime>
				<orientation>horizontal</orientation>
				<onup>701</onup>
				<ondown condition="!Control.HasFocus(703)">703</ondown>
				<ondown condition="Control.HasFocus(703)">12000</ondown>
				<onleft>202</onleft>
				<onright>202</onright>
				<visible>!VideoPlayer.Content(livetv)</visible>
				<control type="button" id="700">
					<texturefocus colordiffuse="$VAR[ColorHighlightVar]">osd/button_bg.png</texturefocus>
					<texturenofocus colordiffuse="22ffffff">osd/button_bg.png</texturenofocus>
					<label></label>
					<align>center</align>
					<width>100</width>
					<height>64</height>
					<font>IconMedium</font>
					<onclick>ActivateWindow(videobookmarks)</onclick>
				</control>
				<control type="button" id="701">
					<texturefocus colordiffuse="$VAR[ColorHighlightVar]">osd/button_bg.png</texturefocus>
					<texturenofocus colordiffuse="22ffffff">osd/button_bg.png</texturenofocus>
					<label></label>
					<align>center</align>
					<width>100</width>
					<height>64</height>
					<font>IconMedium</font>
					<onclick>ActivateWindow(osdaudiosettings)</onclick>
				</control>
				<control type="button" id="702">
					<texturefocus colordiffuse="$VAR[ColorHighlightVar]">osd/button_bg.png</texturefocus>
					<texturenofocus colordiffuse="22ffffff">osd/button_bg.png</texturenofocus>
					<label></label>
					<align>center</align>
					<width>100</width>
					<height>64</height>
					<font>IconMedium</font>
					<onclick>ActivateWindow(osdvideosettings)</onclick>
				</control>
				<control type="button" id="600">
					<texturefocus colordiffuse="$VAR[ColorHighlightVar]">osd/button_bg.png</texturefocus>
					<texturenofocus colordiffuse="22ffffff">osd/button_bg.png</texturenofocus>
					<label></label>
					<align>center</align>
					<width>100</width>
					<height>64</height>
					<font>IconSmall</font>
					<onclick>PlayerControl(Previous)</onclick>
				</control>
				<control type="button" id="601">
					<texturefocus colordiffuse="$VAR[ColorHighlightVar]">osd/button_bg.png</texturefocus>
					<texturenofocus colordiffuse="22ffffff">osd/button_bg.png</texturenofocus>
					<label></label>
					<textoffsetx>32</textoffsetx>
					<width>100</width>
					<height>64</height>
					<font>IconSmall</font>
					<onclick>PlayerControl(Rewind)</onclick>
				</control>
				<control type="togglebutton" id="602">
					<texturefocus colordiffuse="$VAR[ColorHighlightVar]">osd/button_bg.png</texturefocus>
					<texturenofocus colordiffuse="22ffffff">osd/button_bg.png</texturenofocus>
					<alttexturefocus colordiffuse="$VAR[ColorHighlightVar]">osd/button_bg.png</alttexturefocus>
					<alttexturenofocus colordiffuse="22ffffff">osd/button_bg.png</alttexturenofocus>
					<label></label>
					<altlabel></altlabel>
					<align>center</align>
					<width>100</width>
					<height>64</height>
					<font>IconSmall</font>
					<usealttexture>Player.Paused | Player.Forwarding | Player.Rewinding</usealttexture>
					<onclick>PlayerControl(Play)</onclick>
				</control>
				<control type="button" id="603">
					<texturefocus colordiffuse="$VAR[ColorHighlightVar]">osd/button_bg.png</texturefocus>
					<texturenofocus colordiffuse="22ffffff">osd/button_bg.png</texturenofocus>
					<label></label>
					<align>center</align>
					<width>100</width>
					<height>64</height>
					<font>IconSmall</font>
					<onclick>PlayerControl(Stop)</onclick>
				</control>
				<control type="button" id="604">
					<texturefocus colordiffuse="$VAR[ColorHighlightVar]">osd/button_bg.png</texturefocus>
					<texturenofocus colordiffuse="22ffffff">osd/button_bg.png</texturenofocus>
					<label></label>
					<align>right</align>
					<textoffsetx>32</textoffsetx>
					<width>100</width>
					<height>64</height>
					<font>IconSmall</font>
					<onclick>PlayerControl(Forward)</onclick>
				</control>
				<control type="button" id="605">
					<texturefocus colordiffuse="$VAR[ColorHighlightVar]">osd/button_bg.png</texturefocus>
					<texturenofocus colordiffuse="22ffffff">osd/button_bg.png</texturenofocus>
					<label></label>
					<align>center</align>
					<width>100</width>
					<height>64</height>
					<font>IconSmall</font>
					<onclick>PlayerControl(Next)</onclick>
				</control>
				<control type="button" id="606">
					<texturefocus colordiffuse="$VAR[ColorHighlightVar]">osd/button_bg.png</texturefocus>
					<texturenofocus colordiffuse="22ffffff">osd/button_bg.png</texturenofocus>
					<label></label>
					<align>center</align>
					<width>100</width>
					<height>64</height>
					<font>IconMedium</font>
					<onclick>PlayerControl(tempodown)</onclick>
					<enable>Player.TempoEnabled</enable>
					<visible>Player.TempoEnabled</visible>
				</control>
				<control type="button" id="607">
					<texturefocus colordiffuse="$VAR[ColorHighlightVar]">osd/button_bg.png</texturefocus>
					<texturenofocus colordiffuse="22ffffff">osd/button_bg.png</texturenofocus>
					<label></label>
					<align>center</align>
					<width>100</width>
					<height>64</height>
					<font>IconMedium</font>
					<onclick>PlayerControl(tempoup)</onclick>
					<enable>Player.TempoEnabled</enable>
					<visible>Player.TempoEnabled</visible>
				</control>
				<control type="button" id="703">
					<texturefocus colordiffuse="$VAR[ColorHighlightVar]">osd/button_bg.png</texturefocus>
					<texturenofocus colordiffuse="22ffffff">osd/button_bg.png</texturenofocus>
					<label></label>
					<align>center</align>
					<width>100</width>
					<height>64</height>
					<font>IconMedium</font>
				</control>
				<control type="button" id="704">
					<texturefocus colordiffuse="$VAR[ColorHighlightVar]">osd/button_bg.png</texturefocus>
					<texturenofocus colordiffuse="22ffffff">osd/button_bg.png</texturenofocus>
					<label></label>
					<align>center</align>
					<width>100</width>
					<height>64</height>
					<font>IconSmall</font>
					<onclick>PlayerControl(ShowVideoMenu)</onclick>
					<visible>VideoPlayer.HasMenu</visible>
				</control>
				<control type="button" id="705">
					<texturefocus colordiffuse="$VAR[ColorHighlightVar]">osd/button_bg.png</texturefocus>
					<texturenofocus colordiffuse="22ffffff">osd/button_bg.png</texturenofocus>
					<label></label>
					<align>center</align>
					<width>100</width>
					<height>64</height>
					<font>IconMedium</font>
					<onclick>StereoMode</onclick>
					<visible>VideoPlayer.IsStereoscopic</visible>
				</control>
				<control type="button" id="706">
					<texturefocus colordiffuse="$VAR[ColorHighlightVar]">osd/button_bg.png</texturefocus>
					<texturenofocus colordiffuse="22ffffff">osd/button_bg.png</texturenofocus>
					<label></label>
					<align>center</align>
					<width>100</width>
					<height>64</height>
					<font>IconMedium</font>
					<onclick>Close</onclick>
					<onclick>ActivateWindow(fullscreeninfo)</onclick>
					<visible>VideoPlayer.Content(movies) | VideoPlayer.Content(episodes) | VideoPlayer.Content(files)</visible>
				</control>
			</control>
			<control type="label">
				<top>30</top>
				<left>1800</left>
				<width>100</width>
				<height>40</height>
				<font>font16</font>
				<label>$INFO[Player.Playspeed,,x]</label>
				<visible>Player.IsTempo</visible>
			</control>
			<control type="group" id="12000">
				<left>1110</left>
				<top>130</top>
				<visible>Control.HasFocus(703) | ControlGroup(12000).HasFocus</visible>
				<animation effect="fade" time="100">WindowClose</animation>
				<animation effect="slide" time="0" end="50" condition="VideoPlayer.HasMenu">Conditional</animation>
				<animation effect="slide" time="0" end="50" condition="VideoPlayer.IsStereoscopic">Conditional</animation>
				<animation effect="slide" time="0" end="100" condition="Player.TempoEnabled">Conditional</animation>
				<control type="image">
					<width>510</width>
					<height>280</height>
					<texture>background.png</texture>
					<colordiffuse>$VAR[ColorBackgroundVar]</colordiffuse>
				</control>
				<control type="grouplist" id="12100">
					<left>20</left>
					<top>20</top>
					<width>470</width>
					<height>260</height>
					<itemgap>0</itemgap>
					<onleft>703</onleft>
					<onright>703</onright>
					<onup>12100</onup>
					<ondown>12100</ondown>
					<orientation>vertical</orientation>
					<control type="button" id="12101">
						<description>Download with Subtitles script</description>
						<width>470</width>
						<label>33003</label>
						<!--<onclick>Close</onclick>-->
						<onclick>Dialog.Close(VideoOSD)</onclick>
						<onclick>ActivateWindow(SubtitleSearch)</onclick>
						<enable>!VideoPlayer.Content(LiveTV)</enable>
					</control>
					<control type="button" id="12102">
						<width>470</width>
						<label>$LOCALIZE[22006]</label>
						<onclick>SubtitleDelay</onclick>
						<enable>VideoPlayer.HasSubtitles + VideoPlayer.SubtitlesEnabled</enable>
					</control>
					<control type="button" id="12103">
						<width>470</width>
						<label>$LOCALIZE[21448]</label>
						<label2>[UPPERCASE]$INFO[VideoPlayer.SubtitlesLanguage][/UPPERCASE]</label2>
						<onclick>CycleSubtitle</onclick>
						<enable>VideoPlayer.HasSubtitles + VideoPlayer.SubtitlesEnabled</enable>
					</control>
					<control type="radiobutton" id="12104">
						<width>470</width>
						<label>$LOCALIZE[449]</label>
						<radioposx>350</radioposx>
						<onclick>ShowSubtitles</onclick>
						<selected>VideoPlayer.SubtitlesEnabled + VideoPlayer.HasSubtitles</selected>
						<enable>VideoPlayer.HasSubtitles</enable>
					</control>
				</control>
			</control>
			<control type="grouplist" id="202">
				<top>20</top>
				<height>144</height>
				<width>FullScreenWidth</width>
				<align>center</align>
				<itemgap>0</itemgap>
				<scrolltime tween="sine">200</scrolltime>
				<orientation>horizontal</orientation>
				<onup>800</onup>
				<ondown>807</ondown>
				<onleft>202</onleft>
				<onright>202</onright>
				<visible>VideoPlayer.Content(livetv)</visible>
				<control type="button" id="800">
					<texturefocus colordiffuse="$VAR[ColorHighlightVar]">osd/button_bg.png</texturefocus>
					<texturenofocus colordiffuse="22ffffff">osd/button_bg.png</texturenofocus>
					<label></label>
					<align>center</align>
					<width>100</width>
					<height>64</height>
					<font>IconMedium</font>
					<onclick>ActivateWindow(osdaudiosettings)</onclick>
				</control>
				<control type="button" id="801">
					<texturefocus colordiffuse="$VAR[ColorHighlightVar]">osd/button_bg.png</texturefocus>
					<texturenofocus colordiffuse="22ffffff">osd/button_bg.png</texturenofocus>
					<label></label>
					<align>center</align>
					<width>100</width>
					<height>64</height>
					<font>IconMedium</font>
					<onclick>ActivateWindow(osdvideosettings)</onclick>
				</control>
				<control type="button" id="802">
					<texturefocus colordiffuse="$VAR[ColorHighlightVar]">osd/button_bg.png</texturefocus>
					<texturenofocus colordiffuse="22ffffff">osd/button_bg.png</texturenofocus>
					<label></label>
					<align>center</align>
					<width>100</width>
					<height>64</height>
					<font>IconMedium</font>
					<onclick>PlayerControl(Previous)</onclick>
				</control>
				<control type="button" id="803">
					<texturefocus colordiffuse="$VAR[ColorHighlightVar]">osd/button_bg.png</texturefocus>
					<texturenofocus colordiffuse="22ffffff">osd/button_bg.png</texturenofocus>
					<label></label>
					<align>center</align>
					<width>100</width>
					<height>64</height>
					<font>IconMedium</font>
					<onclick>PlayerControl(Next)</onclick>
				</control>
				<control type="button" id="804">
					<texturefocus colordiffuse="$VAR[ColorHighlightVar]">osd/button_bg.png</texturefocus>
					<texturenofocus colordiffuse="22ffffff">osd/button_bg.png</texturenofocus>
					<label></label>
					<textoffsetx>32</textoffsetx>
					<width>100</width>
					<height>64</height>
					<font>IconSmall</font>
					<onclick>PlayerControl(Rewind)</onclick>
					<enable>Player.PauseEnabled</enable>
					<enable>Player.SeekEnabled</enable>
				</control>
				<control type="togglebutton" id="812">
					<texturefocus colordiffuse="$VAR[ColorHighlightVar]">osd/button_bg.png</texturefocus>
					<texturenofocus colordiffuse="22ffffff">osd/button_bg.png</texturenofocus>
					<alttexturefocus colordiffuse="$VAR[ColorHighlightVar]">osd/button_bg.png</alttexturefocus>
					<alttexturenofocus colordiffuse="22ffffff">osd/button_bg.png</alttexturenofocus>
					<label></label>
					<altlabel></altlabel>
					<align>center</align>
					<width>100</width>
					<height>64</height>
					<font>IconSmall</font>
					<usealttexture>Player.Paused | Player.Forwarding | Player.Rewinding</usealttexture>
					<onclick>PlayerControl(Play)</onclick>
				</control>
				<control type="button" id="805">
					<texturefocus colordiffuse="$VAR[ColorHighlightVar]">osd/button_bg.png</texturefocus>
					<texturenofocus colordiffuse="22ffffff">osd/button_bg.png</texturenofocus>
					<label></label>
					<align>center</align>
					<width>100</width>
					<height>64</height>
					<font>IconSmall</font>
					<onclick>PlayerControl(Stop)</onclick>
				</control>
				<control type="button" id="806">
					<texturefocus colordiffuse="$VAR[ColorHighlightVar]">osd/button_bg.png</texturefocus>
					<texturenofocus colordiffuse="22ffffff">osd/button_bg.png</texturenofocus>
					<label></label>
					<align>right</align>
					<textoffsetx>32</textoffsetx>
					<width>100</width>
					<height>64</height>
					<font>IconSmall</font>
					<onclick>PlayerControl(Forward)</onclick>
					<enable>Player.SeekEnabled</enable>
				</control>
				<control type="togglebutton" id="10">
					<texturefocus colordiffuse="$VAR[ColorHighlightVar]">osd/button_bg.png</texturefocus>
					<texturenofocus colordiffuse="22ffffff">osd/button_bg.png</texturenofocus>
					<alttexturefocus colordiffuse="$VAR[ColorHighlightVar]">osd/button_bg.png</alttexturefocus>
					<alttexturenofocus colordiffuse="22ffffff">osd/button_bg.png</alttexturenofocus>
					<label></label>
					<altlabel></altlabel>
					<textcolor>$VAR[ColorRecordingVar]</textcolor>
					<align>center</align>
					<width>100</width>
					<height>64</height>
					<font>IconMedium</font>
					<onclick>PlayerControl(Record)</onclick>
					<enable>Player.CanRecord</enable>
					<usealttexture>Player.Recording</usealttexture>
				</control>
				<control type="button" id="807">
					<texturefocus colordiffuse="$VAR[ColorHighlightVar]">osd/button_bg.png</texturefocus>
					<texturenofocus colordiffuse="22ffffff">osd/button_bg.png</texturenofocus>
					<label></label>
					<align>center</align>
					<width>100</width>
					<height>64</height>
					<font>IconMedium</font>
					<onclick>ActivateWindow(PVROSDChannels)</onclick>
					<onclick>Dialog.Close(VideoOSD)</onclick>
				</control>
				<control type="button" id="808">
					<texturefocus colordiffuse="$VAR[ColorHighlightVar]">osd/button_bg.png</texturefocus>
					<texturenofocus colordiffuse="22ffffff">osd/button_bg.png</texturenofocus>
					<label></label>
					<align>center</align>
					<width>100</width>
					<height>64</height>
					<font>IconSmall</font>
					<onclick>Close</onclick>
            		<onclick>ActivateWindow(tvguide,,return)</onclick>
				</control>
				<control type="button" id="809">
					<texturefocus colordiffuse="$VAR[ColorHighlightVar]">osd/button_bg.png</texturefocus>
					<texturenofocus colordiffuse="22ffffff">osd/button_bg.png</texturenofocus>
					<label></label>
					<align>center</align>
					<width>100</width>
					<height>64</height>
					<font>IconMedium</font>
					<onclick>ToggleStereoMode</onclick>
					<visible>VideoPlayer.IsStereoscopic</visible>
				</control>
				<control type="button" id="810">
					<texturefocus colordiffuse="$VAR[ColorHighlightVar]">osd/button_bg.png</texturefocus>
					<texturenofocus colordiffuse="22ffffff">osd/button_bg.png</texturenofocus>
					<label></label>
					<align>center</align>
					<width>100</width>
					<height>64</height>
					<font>IconSmall</font>
					<onclick>ActivateWindow(Teletext)</onclick>
				</control>
				<control type="button" id="811">
					<texturefocus colordiffuse="$VAR[ColorHighlightVar]">osd/button_bg.png</texturefocus>
					<texturenofocus colordiffuse="22ffffff">osd/button_bg.png</texturenofocus>
					<label></label>
					<align>center</align>
					<width>100</width>
					<height>64</height>
					<font>IconMedium</font>
					<onclick>Close</onclick>
					<onclick>ActivateWindow(fullscreeninfo)</onclick>
				</control>
			</control>
		</control>
	</controls>
</window>