<?xml version="1.0" encoding="UTF-8"?>
<includes>
	<include name="View_54_ShowCase">
		<control type="group">
			<visible>Control.IsVisible(54) + !Window.IsActive(addoninformation)</visible>
			<camera x="960" y="810" />
			<include>Animation.Common</include>
			<top>-40</top>
			<control type="group" id="7007">
				<top>580</top>
				<visible>Container.OnNext</visible>
				<animation effect="slide" end="-150,0" time="200" reversible="false">Hidden</animation>
				<control type="group">
					<left>75</left>
					<visible>Container.OnNext</visible>
					<animation effect="fade" start="100" end="0" time="200" reversible="false">Hidden</animation>
					<animation effect="rotatey" center="-75" start="-65" end="-65" time="0" condition="true">Conditional</animation>
					<include>MusicShowcaseItem-6</include>
				</control>
				<control type="group">
					<left>225</left>
					<animation effect="rotatey" center="75" start="-65" end="-65" time="0" condition="true">Conditional</animation>
					<include>MusicShowcaseItem-5</include>
				</control>
				<control type="group">
					<left>375</left>
					<animation effect="rotatey" center="225" start="-65" end="-65" time="0" condition="true">Conditional</animation>
					<include>MusicShowcaseItem-4</include>
				</control>
				<control type="group">
					<left>525</left>
					<animation effect="rotatey" center="375" start="-65" end="-65" time="0" condition="true">Conditional</animation>
					<include>MusicShowcaseItem-3</include>
				</control>
				<control type="group">
					<left>675</left>
					<animation effect="rotatey" center="525" start="-65" end="-65" time="0" condition="true">Conditional</animation>
					<include>MusicShowcaseItem-2</include>
				</control>
				<control type="group">
					<left>1590</left>
					<visible>!Container.OnNext</visible>
					<animation effect="fade" end="100" time="200" reversible="false">Visible</animation>
					<animation effect="rotatey" center="2145" start="65" end="65" time="0" condition="true">Conditional</animation>
					<include>MusicShowcaseItem5</include>
				</control>
				<control type="group">
					<left>1440</left>
					<animation effect="rotatey" center="1995" start="65" end="65" time="0" condition="true">Conditional</animation>
					<include>MusicShowcaseItem4</include>
				</control>
				<control type="group">
					<left>1290</left>
					<animation effect="rotatey" center="1845" start="65" end="65" time="0" condition="true">Conditional</animation>
					<include>MusicShowcaseItem3</include>
				</control>
				<control type="group">
					<left>1140</left>
					<animation effect="rotatey" center="1695" start="65" end="65" time="0" condition="true">Conditional</animation>
					<include>MusicShowcaseItem2</include>
				</control>
				<control type="group">
					<left>990</left>
					<animation effect="rotatey" center="1545" start="65" end="65" time="0" condition="true">Conditional</animation>
					<include>MusicShowcaseItem1</include>
				</control>
				<control type="group">
					<visible>Container.OnNext</visible>
					<animation effect="slide" end="68,0" time="200" reversible="false">Hidden</animation>
					<control type="group">
						<left>840</left>
						<visible>Container.OnNext</visible>
						<animation effect="rotatey" center="1395" end="-65" time="200" reversible="false" tween="quadratic" easing="in">Hidden</animation>
						<animation effect="rotatey" center="1395" start="65" end="65" time="0" condition="true">Conditional</animation>
						<include>MusicShowcaseItem0</include>
					</control>
					<control type="group">
						<left>758</left>
						<visible>Container.OnNext</visible>
						<animation effect="rotatey" center="608" end="-65" time="200" reversible="false" tween="quadratic">Hidden</animation>
						<include>MusicShowcaseItem-1</include>
					</control>
				</control>
			</control>
			<control type="group" id="7002">
				<top>580</top>
				<visible>Container.OnPrevious</visible>
				<animation effect="slide" end="150,0" time="200" reversible="false">Hidden</animation>
				<control type="group">
					<left>1440</left>
					<visible>Container.OnPrevious</visible>
					<animation effect="fade" start="100" end="0" time="200" reversible="false">Hidden</animation>
					<animation effect="rotatey" center="1995" start="65" end="65" time="0" condition="true">Conditional</animation>
					<include>MusicShowcaseItem6</include>
				</control>
				<control type="group">
					<left>1290</left>
					<animation effect="rotatey" center="1845" start="65" end="65" time="0" condition="true">Conditional</animation>
					<include>MusicShowcaseItem5</include>
				</control>
				<control type="group">
					<left>1140</left>
					<animation effect="rotatey" center="1695" start="65" end="65" time="0" condition="true">Conditional</animation>
					<include>MusicShowcaseItem4</include>
				</control>
				<control type="group">
					<left>990</left>
					<animation effect="rotatey" center="1545" start="65" end="65" time="0" condition="true">Conditional</animation>
					<include>MusicShowcaseItem3</include>
				</control>
				<control type="group">
					<left>840</left>
					<animation effect="rotatey" center="1395" start="65" end="65" time="0" condition="true">Conditional</animation>
					<include>MusicShowcaseItem2</include>
				</control>
				<control type="group">
					<left>-75</left>
					<visible>!Container.OnPrevious</visible>
					<animation effect="fade" end="100" time="200" reversible="false">Visible</animation>
					<animation effect="rotatey" center="-225" start="-65" end="-65" time="0" condition="true">Conditional</animation>
					<include>MusicShowcaseItem-5</include>
				</control>
				<control type="group">
					<left>75</left>
					<animation effect="rotatey" center="-75" start="-65" end="-65" time="0" condition="true">Conditional</animation>
					<include>MusicShowcaseItem-4</include>
				</control>
				<control type="group">
					<left>225</left>
					<animation effect="rotatey" center="75" start="-65" end="-65" time="0" condition="true">Conditional</animation>
					<include>MusicShowcaseItem-3</include>
				</control>
				<control type="group">
					<left>375</left>
					<animation effect="rotatey" center="225" start="-65" end="-65" time="0" condition="true">Conditional</animation>
					<include>MusicShowcaseItem-2</include>
				</control>
				<control type="group">
					<left>525</left>
					<animation effect="rotatey" center="375" start="-65" end="-65" time="0" condition="true">Conditional</animation>
					<include>MusicShowcaseItem-1</include>
				</control>
				<control type="group">
					<visible>Container.OnPrevious</visible>
					<animation effect="slide" end="-68,0" time="200" reversible="false">Hidden</animation>
					<control type="group">
						<left>675</left>
						<visible>Container.OnPrevious</visible>
						<animation effect="rotatey" center="525" end="65" time="200" reversible="false" tween="quadratic" easing="in">Hidden</animation>
						<animation effect="rotatey" center="525" start="-65" end="-65" time="0" condition="true">Conditional</animation>
						<include>MusicShowcaseItem0</include>
					</control>
					<control type="group">
						<left>758</left>
						<visible>Container.OnPrevious</visible>
						<animation effect="rotatey" center="1312" end="65" time="200" reversible="false" tween="quadratic">Hidden</animation>
						<include>MusicShowcaseItem1</include>
					</control>
				</control>
			</control>
			<control type="group" id="7003">
				<top>580</top>
				<visible>!Control.IsVisible(7007) + !Control.IsVisible(7002)</visible>
				<control type="group">
					<left>75</left>
					<animation effect="rotatey" center="-75" start="-65" end="-65" time="0" condition="true">Conditional</animation>
					<include>MusicShowcaseItem-5</include>
				</control>
				<control type="group">
					<left>225</left>
					<animation effect="rotatey" center="75" start="-65" end="-65" time="0" condition="true">Conditional</animation>
					<include>MusicShowcaseItem-4</include>
				</control>
				<control type="group">
					<left>375</left>
					<animation effect="rotatey" center="225" start="-65" end="-65" time="0" condition="true">Conditional</animation>
					<include>MusicShowcaseItem-3</include>
				</control>
				<control type="group">
					<left>525</left>
					<animation effect="rotatey" center="375" start="-65" end="-65" time="0" condition="true">Conditional</animation>
					<include>MusicShowcaseItem-2</include>
				</control>
				<control type="group">
					<left>675</left>
					<animation effect="rotatey" center="525" start="-65" end="-65" time="0" condition="true">Conditional</animation>
					<include>MusicShowcaseItem-1</include>
				</control>
				<control type="group">
					<left>1440</left>
					<animation effect="rotatey" center="1995" start="65" end="65" time="0" condition="true">Conditional</animation>
					<include>MusicShowcaseItem5</include>
				</control>
				<control type="group">
					<left>1290</left>
					<animation effect="rotatey" center="1845" start="65" end="65" time="0" condition="true">Conditional</animation>
					<include>MusicShowcaseItem4</include>
				</control>
				<control type="group">
					<left>1140</left>
					<animation effect="rotatey" center="1695" start="65" end="65" time="0" condition="true">Conditional</animation>
					<include>MusicShowcaseItem3</include>
				</control>
				<control type="group">
					<left>990</left>
					<animation effect="rotatey" center="1545" start="65" end="65" time="0" condition="true">Conditional</animation>
					<include>MusicShowcaseItem2</include>
				</control>
				<control type="group">
					<left>840</left>
					<animation effect="rotatey" center="1395" start="65" end="65" time="0" condition="true">Conditional</animation>
					<include>MusicShowcaseItem1</include>
				</control>
				<control type="group">
					<left>758</left>
					<control type="group">
						<control type="image">
							<texture background="true" fallback="DefaultAudio.png">$VAR[MusicShowcaseItem0Var]</texture>
							<include>MusicShowcaseThumb</include>
						</control>
						<control type="image">
							<animation center="auto" easing="inout" effect="fade" condition="![Control.HasFocus(60) | ControlGroup(9050).HasFocus(0)]" delay="100" end="0" start="100" time="300" tween="sine">Conditional</animation>
							<left>11</left>
							<top>11</top>
							<width>383</width>
							<height>383</height>
							<fadetime>0</fadetime>
							<bordersize>16</bordersize>
							<texture>thumbs/diffuse.png</texture>
						</control>
						<control type="image">
							<texture background="true" flipy="true" diffuse="thumbs/cdcover_mask_reflect.png" fallback="DefaultAudio.png">$VAR[MusicShowcaseItem0Var]</texture>
							<include>MusicShowcaseThumbReflection</include>
						</control>
					</control>
				</control>
			</control>
			<control type="list" id="54">
				<left>-368</left>
				<top>580</top>
				<width>2655</width>
				<height>525</height>
				<onleft>54</onleft>
				<onright>54</onright>
				<onup>SetProperty(MediaMenu,True,home)</onup>
				<onup>SetFocus(9050)</onup>
				<ondown>60</ondown>
				<viewtype label="31077">bigwrap</viewtype>
				<pagecontrol>60</pagecontrol>
				<scrolltime tween="quadratic" easing="out">200</scrolltime>
				<orientation>horizontal</orientation>
				<preloaditems>2</preloaditems>
				<itemlayout height="525" width="375" />
				<focusedlayout height="525" width="375" />
			</control>
		</control>
		<control type="group">
			<visible>Control.IsVisible(54) + !Window.IsActive(addoninformation)</visible>
			<top>-15</top>
			<include>Scrollbar_Horizontal</include>
		</control>
		<control type="group">
			<include>Animation.Common</include>
			<visible>Control.IsVisible(54)</visible>
			<top>940</top>
			<control type="group">
				<left>410</left>
				<width>1100</width>
				<control type="label">
					<width>1100</width>
					<height>42</height>
					<aligny>top</aligny>
					<align>center</align>
					<font>font28_title</font>
					<scroll>true</scroll>
					<label>$INFO[ListItem.Label]</label>
					<textoffsety>-2</textoffsety>
					<textoffsetx>30</textoffsetx>
				</control>
				<control type="label">
					<top>50</top>
					<width>1100</width>
					<height>30</height>
					<align>center</align>
					<font>font13_title</font>
					<textcolor>$VAR[ColorHighlightVar]</textcolor>
					<label>$VAR[FloorLabel2Var]</label>
					<textoffsetx>30</textoffsetx>
				</control>
			</control>
			<control type="group">
				<left>0</left>
				<width>FullScreenWidth</width>
				<align>center</align>
				<visible>Container.Content(albums)</visible>
				<control type="group">
					<left>120</left>
					<control type="label">
						<left>-10</left>
						<width>155</width>
						<height>90</height>
						<align>center</align>
						<label>$INFO[ListItem.Year]</label>
						<font>font35_title</font>
						<wrapmultiline>true</wrapmultiline>
					</control>
				</control>
				<control type="image">
					<left>1600</left>
					<width>200</width>
					<fadetime>50</fadetime>
					<include>MediaFlagVars</include>
					<texture>$VAR[StarRatingVar]</texture>
				</control>
			</control>
		</control>
	</include>
	<include name="MusicShowcaseThumb">
		<left>11</left>
		<top>11</top>
		<width>383</width>
		<height>383</height>
		<aspectratio scalediffuse="false">scale</aspectratio>
		<fadetime>0</fadetime>
		<bordersize>16</bordersize>
	</include>
	<include name="MusicShowcaseDiffuse">
		<control type="image">
			<left>11</left>
			<top>11</top>
			<width>383</width>
			<height>383</height>
			<fadetime>0</fadetime>
			<bordersize>16</bordersize>
			<texture>thumbs/diffuse.png</texture>
		</control>
	</include>
	<include name="MusicShowcaseThumbReflectionDimensions">
		<left>27</left>
		<top>378</top>
		<width>351</width>
		<height>351</height>
	</include>
	<include name="MusicShowcaseThumbReflection">
		<aspectratio scalediffuse="false" aligny="top">scale</aspectratio>
		<fadetime>0</fadetime>
		<include>MusicShowcaseThumbReflectionDimensions</include>
		<colordiffuse>d1FFFFFF</colordiffuse>
		<animation effect="fade" start="70" end="70" time="0" condition="true">Conditional</animation>
	</include>
	<!-- Music Showcase Items-->
	<include name="MusicShowcaseItem-6">
		<control type="group">
			<visible>!String.IsEmpty(Container(54).ListItemNoWrap(-6).FolderPath) | Skin.HasSetting(Enable.ShowcaseWrap)</visible>
			<control type="image">
				<texture background="true" fallback="DefaultAudio.png">$VAR[MusicShowcaseItem-6Var]</texture>
				<include>MusicShowcaseThumb</include>
			</control>
			<include>MusicShowcaseDiffuse</include>
			<control type="image">
				<texture background="true" flipy="true" diffuse="thumbs/cdcover_mask_reflect.png" fallback="DefaultAudio.png">$VAR[MusicShowcaseItem-6Var]</texture>
				<include>MusicShowcaseThumbReflection</include>
			</control>
		</control>
	</include>
	<include name="MusicShowcaseItem-5">
		<control type="group">
			<visible>!String.IsEmpty(Container(54).ListItemNoWrap(-5).FolderPath) | Skin.HasSetting(Enable.ShowcaseWrap)</visible>
			<control type="image">
				<texture background="true" fallback="DefaultAudio.png">$VAR[MusicShowcaseItem-5Var]</texture>
				<include>MusicShowcaseThumb</include>
			</control>
			<include>MusicShowcaseDiffuse</include>
			<control type="image">
				<aspectratio scalediffuse="false" aligny="top" align="left">scale</aspectratio>
				<width>150</width>
				<texture background="true" flipy="true" diffuse="thumbs/cdcover_mask_reflect.png" fallback="DefaultAudio.png">$VAR[MusicShowcaseItem-5Var]</texture>
				<include>MusicShowcaseThumbReflection</include>
			</control>
		</control>
	</include>
	<include name="MusicShowcaseItem-4">
		<control type="group">
			<visible>!String.IsEmpty(Container(54).ListItemNoWrap(-4).FolderPath) | Skin.HasSetting(Enable.ShowcaseWrap)</visible>
			<control type="image">
				<texture background="true" fallback="DefaultAudio.png">$VAR[MusicShowcaseItem-4Var]</texture>
				<include>MusicShowcaseThumb</include>
			</control>
			<include>MusicShowcaseDiffuse</include>
			<control type="image">
				<aspectratio scalediffuse="false" aligny="top" align="left">scale</aspectratio>
				<width>168</width>
				<texture background="true" flipy="true" diffuse="thumbs/cdcover_mask_reflect.png" fallback="DefaultAudio.png">$VAR[MusicShowcaseItem-4Var]</texture>
				<include>MusicShowcaseThumbReflection</include>
			</control>
		</control>
	</include>
	<include name="MusicShowcaseItem-3">
		<control type="group">
			<visible>!String.IsEmpty(Container(54).ListItemNoWrap(-3).FolderPath) | Skin.HasSetting(Enable.ShowcaseWrap)</visible>
			<control type="image">
				<texture background="true" fallback="DefaultAudio.png">$VAR[MusicShowcaseItem-3Var]</texture>
				<include>MusicShowcaseThumb</include>
			</control>
			<include>MusicShowcaseDiffuse</include>
			<control type="image">
				<aspectratio scalediffuse="false" aligny="top" align="left">scale</aspectratio>
				<width>192</width>
				<texture background="true" flipy="true" diffuse="thumbs/cdcover_mask_reflect.png" fallback="DefaultAudio.png">$VAR[MusicShowcaseItem-3Var]</texture>
				<include>MusicShowcaseThumbReflection</include>
			</control>
		</control>
	</include>
	<include name="MusicShowcaseItem-2">
		<control type="group">
			<visible>!String.IsEmpty(Container(54).ListItemNoWrap(-2).FolderPath) | Skin.HasSetting(Enable.ShowcaseWrap)</visible>
			<control type="image">
				<texture background="true" fallback="DefaultAudio.png">$VAR[MusicShowcaseItem-2Var]</texture>
				<include>MusicShowcaseThumb</include>
			</control>
			<include>MusicShowcaseDiffuse</include>
			<control type="image">
				<aspectratio scalediffuse="false" aligny="top" align="left">scale</aspectratio>
				<width>220</width>
				<texture background="true" flipy="true" diffuse="thumbs/cdcover_mask_reflect.png" fallback="DefaultAudio.png">$VAR[MusicShowcaseItem-2Var]</texture>
				<include>MusicShowcaseThumbReflection</include>
			</control>
		</control>
	</include>
	<include name="MusicShowcaseItem-1">
		<control type="group">
			<visible>!String.IsEmpty(Container(54).ListItemNoWrap(-1).FolderPath) | Skin.HasSetting(Enable.ShowcaseWrap)</visible>
			<control type="image">
				<texture background="true" fallback="DefaultAudio.png">$VAR[MusicShowcaseItem-1Var]</texture>
				<include>MusicShowcaseThumb</include>
			</control>
			<include>MusicShowcaseDiffuse</include>
			<control type="image">
				<aspectratio scalediffuse="false" aligny="top" align="left">scale</aspectratio>
				<width>284</width>
				<texture background="true" flipy="true" diffuse="thumbs/cdcover_mask_reflect.png" fallback="DefaultAudio.png">$VAR[MusicShowcaseItem-1Var]</texture>
				<include>MusicShowcaseThumbReflection</include>
			</control>
		</control>
	</include>
	<include name="MusicShowcaseItem0">
		<control type="group">
			<visible>!String.IsEmpty(Container(54).ListItemNoWrap(0).FolderPath) | Skin.HasSetting(Enable.ShowcaseWrap)</visible>
			<control type="image">
				<texture background="true" fallback="DefaultAudio.png">$VAR[MusicShowcaseItem0Var]</texture>
				<include>MusicShowcaseThumb</include>
			</control>
			<control type="image">
				<animation center="auto" easing="inout" effect="fade" condition="![Control.HasFocus(60) | ControlGroup(9050).HasFocus(0)]" delay="100" end="0" start="100" time="300" tween="sine">Conditional</animation>
				<left>11</left>
				<top>11</top>
				<width>383</width>
				<height>383</height>
				<fadetime>0</fadetime>
				<bordersize>16</bordersize>
				<texture>thumbs/diffuse.png</texture>
			</control>
			<control type="image">
				<texture background="true" flipy="true" diffuse="thumbs/cdcover_mask_reflect.png" fallback="DefaultAudio.png">$VAR[MusicShowcaseItem0Var]</texture>
				<include>MusicShowcaseThumbReflection</include>
			</control>
		</control>
	</include>
	<include name="MusicShowcaseItem1">
		<control type="group">
			<visible>!String.IsEmpty(Container(54).ListItemNoWrap(1).FolderPath) | Skin.HasSetting(Enable.ShowcaseWrap)</visible>
			<control type="image">
				<texture background="true" fallback="DefaultAudio.png">$VAR[MusicShowcaseItem1Var]</texture>
				<include>MusicShowcaseThumb</include>
			</control>
			<include>MusicShowcaseDiffuse</include>
			<control type="image">
				<aspectratio scalediffuse="false" aligny="top" align="right">scale</aspectratio>
				<left>93</left>
				<width>284</width>
				<texture background="true" flipy="true" diffuse="thumbs/cdcover_mask_reflect.png" fallback="DefaultAudio.png">$VAR[MusicShowcaseItem1Var]</texture>
				<include>MusicShowcaseThumbReflection</include>
			</control>
		</control>
	</include>
	<include name="MusicShowcaseItem2">
		<control type="group">
			<visible>!String.IsEmpty(Container(54).ListItemNoWrap(2).FolderPath) | Skin.HasSetting(Enable.ShowcaseWrap)</visible>
			<control type="image">
				<texture background="true" fallback="DefaultAudio.png">$VAR[MusicShowcaseItem2Var]</texture>
				<include>MusicShowcaseThumb</include>
			</control>
			<include>MusicShowcaseDiffuse</include>
			<control type="image">
				<aspectratio scalediffuse="false" aligny="top" align="right">scale</aspectratio>
				<left>158</left>
				<width>220</width>
				<texture background="true" flipy="true" diffuse="thumbs/cdcover_mask_reflect.png" fallback="DefaultAudio.png">$VAR[MusicShowcaseItem2Var]</texture>
				<include>MusicShowcaseThumbReflection</include>
			</control>
		</control>
	</include>
	<include name="MusicShowcaseItem3">
		<control type="group">
			<visible>!String.IsEmpty(Container(54).ListItemNoWrap(3).FolderPath) | Skin.HasSetting(Enable.ShowcaseWrap)</visible>
			<control type="image">
				<texture background="true" fallback="DefaultAudio.png">$VAR[MusicShowcaseItem3Var]</texture>
				<include>MusicShowcaseThumb</include>
			</control>
			<include>MusicShowcaseDiffuse</include>
			<control type="image">
				<aspectratio scalediffuse="false" aligny="top" align="right">scale</aspectratio>
				<left>186</left>
				<width>192</width>
				<texture background="true" flipy="true" diffuse="thumbs/cdcover_mask_reflect.png" fallback="DefaultAudio.png">$VAR[MusicShowcaseItem3Var]</texture>
				<include>MusicShowcaseThumbReflection</include>
			</control>
		</control>
	</include>
	<include name="MusicShowcaseItem4">
		<control type="group">
			<visible>!String.IsEmpty(Container(54).ListItemNoWrap(4).FolderPath) | Skin.HasSetting(Enable.ShowcaseWrap)</visible>
			<control type="image">
				<texture background="true" fallback="DefaultAudio.png">$VAR[MusicShowcaseItem4Var]</texture>
				<include>MusicShowcaseThumb</include>
			</control>
			<include>MusicShowcaseDiffuse</include>
			<control type="image">
				<aspectratio scalediffuse="false" aligny="top" align="right">scale</aspectratio>
				<left>210</left>
				<width>168</width>
				<texture background="true" flipy="true" diffuse="thumbs/cdcover_mask_reflect.png" fallback="DefaultAudio.png">$VAR[MusicShowcaseItem4Var]</texture>
				<include>MusicShowcaseThumbReflection</include>
			</control>
		</control>
	</include>
	<include name="MusicShowcaseItem5">
		<control type="group">
			<visible>!String.IsEmpty(Container(54).ListItemNoWrap(5).FolderPath) | Skin.HasSetting(Enable.ShowcaseWrap)</visible>
			<control type="image">
				<texture background="true" fallback="DefaultAudio.png">$VAR[MusicShowcaseItem5Var]</texture>
				<include>MusicShowcaseThumb</include>
			</control>
			<include>MusicShowcaseDiffuse</include>
			<control type="image">
				<aspectratio scalediffuse="false" aligny="top" align="right">scale</aspectratio>
				<left>227</left>
				<width>150</width>
				<texture background="true" flipy="true" diffuse="thumbs/cdcover_mask_reflect.png" fallback="DefaultAudio.png">$VAR[MusicShowcaseItem5Var]</texture>
				<include>MusicShowcaseThumbReflection</include>
			</control>
		</control>
	</include>
	<include name="MusicShowcaseItem6">
		<control type="group">
			<visible>!String.IsEmpty(Container(54).ListItemNoWrap(6).FolderPath) | Skin.HasSetting(Enable.ShowcaseWrap)</visible>
			<control type="image">
				<texture background="true" fallback="DefaultAudio.png">$VAR[MusicShowcaseItem6Var]</texture>
				<include>MusicShowcaseThumb</include>
			</control>
			<include>MusicShowcaseDiffuse</include>
			<control type="image">
				<texture background="true" flipy="true" diffuse="thumbs/cdcover_mask_reflect.png" fallback="DefaultAudio.png">$VAR[MusicShowcaseItem6Var]</texture>
				<include>MusicShowcaseThumbReflection</include>
			</control>
		</control>
	</include>
	<variable name="MusicShowcaseItem-6Var">
		<value>$INFO[ListItem(-6).Icon]</value>
	</variable>
	<variable name="MusicShowcaseItem-5Var">
		<value>$INFO[ListItem(-5).Icon]</value>
	</variable>
	<variable name="MusicShowcaseItem-4Var">
		<value>$INFO[ListItem(-4).Icon]</value>
	</variable>
	<variable name="MusicShowcaseItem-3Var">
		<value>$INFO[ListItem(-3).Icon]</value>
	</variable>
	<variable name="MusicShowcaseItem-2Var">
		<value>$INFO[ListItem(-2).Icon]</value>
	</variable>
	<variable name="MusicShowcaseItem-1Var">
		<value>$INFO[ListItem(-1).Icon]</value>
	</variable>
	<variable name="MusicShowcaseItem0Var">
		<value>$INFO[ListItem.Icon]</value>
	</variable>
	<variable name="MusicShowcaseItem1Var">
		<value>$INFO[ListItem(1).Icon]</value>
	</variable>
	<variable name="MusicShowcaseItem2Var">
		<value>$INFO[ListItem(2).Icon]</value>
	</variable>
	<variable name="MusicShowcaseItem3Var">
		<value>$INFO[ListItem(3).Icon]</value>
	</variable>
	<variable name="MusicShowcaseItem4Var">
		<value>$INFO[ListItem(4).Icon]</value>
	</variable>
	<variable name="MusicShowcaseItem5Var">
		<value>$INFO[ListItem(5).Icon]</value>
	</variable>
	<variable name="MusicShowcaseItem6Var">
		<value>$INFO[ListItem(6).Icon]</value>
	</variable>
	<include name="ShowCaseMusicInfoPanel">
		<visible>!Skin.HasSetting(Disable.ShowcaseInfopanel) + !ListItem.IsParentFolder</visible>
		<include>Animation.Common</include>
		<control type="group" id="12001">	
			<control type="group">
				<control type="grouplist">
					<left>137</left>
					<top>180</top>
					<visible>Container.Content(albums)</visible>
					<control type="button">
						<label>[COLOR $VAR[ColorHighlightVar]]$LOCALIZE[515]:[/COLOR][CR]$INFO[ListItem.Genre]</label>
						<width>486</width>
						<include>ShowCaseInfoPanelButtonsValues</include>
						<visible>!String.IsEmpty(ListItem.Genre)</visible>
					</control>
					<control type="button">
						<label>[COLOR $VAR[ColorHighlightVar]]$LOCALIZE[515]:[/COLOR][CR]$LOCALIZE[31103]</label>
						<width>486</width>
						<include>ShowCaseInfoPanelButtonsValues</include>
						<visible>String.IsEmpty(ListItem.Genre)</visible>
					</control>
					<control type="button">
						<label>[COLOR $VAR[ColorHighlightVar]]$LOCALIZE[21899]:[/COLOR][CR]$INFO[ListItem.Property(Album_Label)]</label>
						<width>486</width>
						<include>ShowCaseInfoPanelButtonsValues</include>
						<visible>!String.IsEmpty(ListItem.Property(Album_Label))</visible>
					</control>
					<control type="button">
						<label>[COLOR $VAR[ColorHighlightVar]]$LOCALIZE[21899]:[/COLOR][CR]$LOCALIZE[31103]</label>
						<width>486</width>
						<include>ShowCaseInfoPanelButtonsValues</include>
						<visible>String.IsEmpty(ListItem.Property(Album_Label))</visible>
					</control>
				</control>
				<control type="grouplist">
					<left>625</left>
					<top>180</top>
					<visible>Container.Content(albums)</visible>
					<control type="button">
						<label>[COLOR $VAR[ColorHighlightVar]]$LOCALIZE[175]:[/COLOR][CR]$INFO[ListItem.Property(Album_Mood)]</label>
						<include>ShowCaseInfoPanelButtonsValues</include>
						<visible>!String.IsEmpty(ListItem.Property(Album_Mood))</visible>
					</control>
					<control type="button">
						<label>[COLOR $VAR[ColorHighlightVar]]$LOCALIZE[175]:[/COLOR][CR]$LOCALIZE[31103]</label>
						<include>ShowCaseInfoPanelButtonsValues</include>
						<visible>String.IsEmpty(ListItem.Property(Album_Mood))</visible>
					</control>
					<control type="button">
						<label>[COLOR $VAR[ColorHighlightVar]]$LOCALIZE[176]:[/COLOR][CR]$INFO[ListItem.Property(Album_Style)]</label>
						<include>ShowCaseInfoPanelButtonsValues</include>
						<visible>!String.IsEmpty(ListItem.Property(Album_Style))</visible>
					</control>
					<control type="button">
						<label>[COLOR $VAR[ColorHighlightVar]]$LOCALIZE[176]:[/COLOR][CR]$LOCALIZE[31103]</label>
						<include>ShowCaseInfoPanelButtonsValues</include>
						<visible>String.IsEmpty(ListItem.Property(Album_Style))</visible>
					</control>
				</control>
				<control type="textbox">
					<label>$VAR[OtherPlotVar]</label>
					<top>370</top>
					<left>152</left>
					<width>970</width>
					<height>160</height>
					<font>font14_textbox3</font>
					<autoscroll time="3000" delay="4000" repeat="5000">true</autoscroll>
					<include>ShowCaseInfoPanelButtonsValues</include>
					<visible>Container.Content(albums)</visible>
				</control>
				<control type="textbox">
					<label>$VAR[OtherPlotVar]</label>
					<top>180</top>
					<left>152</left>
					<width>940</width>
					<height>345</height>
					<font>font14_textbox</font>
					<autoscroll time="3000" delay="4000" repeat="5000">true</autoscroll>
					<include>ShowCaseInfoPanelButtonsValues</include>
					<visible>Container.Content(artists)</visible>
				</control>
				<control type="image">
					<left>1183</left>
					<top>183</top>
					<width>604</width>
					<height>340</height>
					<fadetime>400</fadetime>
					<texture background="true">$INFO[ListItem.Art(fanart)]</texture>
				</control>
			</control>
		</control>
	</include>
</includes>