<?xml version="1.0" encoding="UTF-8"?>
<includes>
	<!--BIG LIST-->
    <include name="View_507_BigList">
        <control type="group">
            <visible>Control.IsVisible(507)</visible>
    		<include>Animation.Common</include>
            <control type="group">
                <control type="group">
                    <visible>Integer.IsGreater(Container(507).NumItems,0)</visible>
                    <control type="image">
                        <left>65</left>
                        <top>142</top>
                        <width>1798</width>
                        <height>221</height>
                        <visible>Control.HasFocus(507)</visible>
                        <animation effect="fade" time="320" delay="200">Visible</animation>
                        <animation effect="fade" time="50">Hidden</animation>
                        <texture colordiffuse="$VAR[ColorHighlightVar]">listselect_fo.png</texture>
                        <animation effect="slide" end="0,221" time="300" tween="cubic" easing="inout" condition="Integer.IsGreater(Container(507).Row,2)">Conditional</animation>
                        <animation effect="slide" end="0,221" time="300" tween="cubic" easing="inout" condition="Integer.IsGreater(Container(507).Row,1)">Conditional</animation>
                        <animation effect="slide" end="0,221" time="300" tween="cubic" easing="inout" condition="Integer.IsGreater(Container(507).Row,0)">Conditional</animation>
                    </control>
                </control>
                <!--container-->
                <control type="panel" id="507">
                    <viewtype label="31052">list</viewtype>
                    <left>60</left>
                    <top>142</top>
                    <width>1808</width>
                    <height>884</height>
                    <onleft>SetProperty(MediaMenu,True,home)</onleft>
    				<onleft>SetFocus(9050)</onleft>
                    <onright>60</onright>
                    <onup>507</onup>
                    <ondown>507</ondown>
                    <pagecontrol>60</pagecontrol>
                    <preloaditems>2</preloaditems>
                    <orientation>vertical</orientation>
                    <scrolltime tween="quadratic" easing="out">300</scrolltime>
                    <itemlayout width="1808" height="221" condition="Container.Content(episodes) | ![Skin.HasSetting(Enable.BigListThumb) | Skin.HasSetting(Enable.BigListPoster) | Container.Content(albums)]">
                        <include>view_BigList-LandscapeCommons</include>
                        <control type="group">
                            <left>382</left>
                            <top>12</top>
                            <control type="label">
                                <width>1380</width>
                                <height>70</height>
                                <label>$INFO[ListItem.Label]</label>
                                <font>font30</font>
                            </control>
                            <control type="label">
                                <top>51</top>
                                <width>1380</width>
                                <height>60</height>
                                <label>$VAR[ListSubLabelVar]</label>
    							<visible>!Container.Content(artists)</visible>
                            </control>
    						<control type="label">
                                <top>51</top>
                                <width>1380</width>
                                <height>60</height>
                                <label>$INFO[ListItem.Property(Artist_Genre)]</label>
    							<visible>Container.Content(artists)</visible>
                            </control>
                            <control type="textbox">
                                <top>100</top>
                                <width>1380</width>
                                <height>85</height>
                                <label>$VAR[VideoPlotVar]</label>
    							<font>font13_textbox2</font>
    							<visible>!Container.Content(artists)</visible>
                            </control>
    						<control type="textbox">
                                <top>100</top>
                                <width>1380</width>
                                <height>85</height>
                                <label>$VAR[MusicPlotVar]</label>
    							<font>font13_textbox2</font>
    							<visible>Container.Content(artists)</visible>
                            </control>
                            <control type="image">
                                <left>1200</left>
                                <top>16</top>
                                <width>192</width>
                                <height>33</height>
                                <texture colordiffuse="$VAR[ColorTextVar]">$VAR[StarRatingVar]</texture>
                                <aspectratio align="right">keep</aspectratio>
                                <visible>![String.IsEmpty(ListItem.Title) | Container.Content(artists) | Container.Content(musicvideos) | String.Contains(Container.FolderPath,plugin.video)]</visible>
                            </control>
                        </control>
                    </itemlayout>
                    <focusedlayout width="1808" height="221" condition="Container.Content(episodes) | ![Skin.HasSetting(Enable.BigListThumb) | Skin.HasSetting(Enable.BigListPoster) | Container.Content(albums)]">
                        <include>view_BigList-LandscapeCommons</include>
                        <control type="group">
                            <left>382</left>
                            <top>12</top>
                            <control type="group">
                                <control type="label">
                                    <width>1380</width>
                                    <height>70</height>
                                    <label>$INFO[ListItem.Label]</label>
                                    <font>font30</font>
                                </control>
                                <control type="label">
                                    <top>51</top>
                                    <width>1380</width>
                                    <height>60</height>
                                    <label>$VAR[ListSubLabelVar]</label>
    								<visible>!Container.Content(artists)</visible>
                                </control>
    							<control type="label">
    								<top>51</top>
    								<width>1380</width>
                                    <height>60</height>
    								<label>$INFO[ListItem.Property(Artist_Genre)]</label>
    								<visible>Container.Content(artists)</visible>
    							</control>
                                <control type="textbox">
    								<visible>!Container.Content(artists)</visible>
                                    <top>100</top>
                                    <width>1380</width>
                                    <height>85</height>
                                    <label>$VAR[VideoPlotVar]</label>
    								<font>font13_textbox2</font>
    								<autoscroll time="3000" delay="4000" repeat="5000">Skin.HasSetting(Enable.AutoScroll) + !Control.HasFocus(60)</autoscroll>
                                </control>
    							<control type="textbox">
    								<top>100</top>
    								<width>1380</width>
    								<height>85</height>
    								<label>$VAR[MusicPlotVar]</label>
    								<font>font13_textbox2</font>
    								<autoscroll time="3000" delay="4000" repeat="5000">Skin.HasSetting(Enable.AutoScroll) + !Control.HasFocus(60)</autoscroll>
    								<visible>Container.Content(artists)</visible>
    							</control>
                                <control type="image">
                                    <left>1200</left>
                                    <top>16</top>
                                    <width>192</width>
                                    <height>33</height>
                                    <texture colordiffuse="$VAR[ColorTextVar]">$VAR[StarRatingVar]</texture>
                                    <aspectratio align="right">keep</aspectratio>
                                    <visible>![String.IsEmpty(ListItem.Title) | Container.Content(artists) | Container.Content(musicvideos) | String.Contains(Container.FolderPath,plugin.video)]</visible>
                                </control>
                            </control>
                        </control>
                    </focusedlayout>
                    <itemlayout width="1808" height="221" condition="Skin.HasSetting(Enable.BigListPoster) + !Window.IsActive(music) + !Container.Content(episodes)">
                        <include>view_BigList-PosterCommons</include>
                        <control type="group">
                            <left>166</left>
                            <top>12</top>
                            <control type="label">
                                <width>1596</width>
                                <height>70</height>
                                <label>$INFO[ListItem.Label]</label>
                                <font>font30</font>
                            </control>
                            <control type="label">
                                <top>51</top>
                                <width>1596</width>
                                <height>60</height>
                                <label>$VAR[ListSubLabelVar]</label>
                                <visible>!Container.Content(artists)</visible>
                            </control>
                            <control type="label">
                                <top>51</top>
                                <width>1596</width>
                                <height>60</height>
                                <label>$INFO[ListItem.Property(Artist_Genre)]</label>
                                <visible>Container.Content(artists)</visible>
                            </control>
                            <control type="textbox">
                                <top>100</top>
                                <width>1596</width>
                                <height>85</height>
                                <label>$VAR[VideoPlotVar]</label>
                                <font>font13_textbox2</font>
                                <visible>!Container.Content(artists)</visible>
                            </control>
                            <control type="textbox">
                                <top>100</top>
                                <width>1596</width>
                                <height>85</height>
                                <label>$VAR[MusicPlotVar]</label>
                                <font>font13_textbox2</font>
                                <visible>Container.Content(artists)</visible>
                            </control>
                            <control type="image">
                                <left>1416</left>
                                <top>16</top>
                                <width>192</width>
                                <height>33</height>
                                <texture colordiffuse="$VAR[ColorTextVar]">$VAR[StarRatingVar]</texture>
                                <aspectratio align="right">keep</aspectratio>
                                <visible>![String.IsEmpty(ListItem.Title) | Container.Content(artists) | Container.Content(musicvideos) | String.Contains(Container.FolderPath,plugin.video)]</visible>
                            </control>
                        </control>
                    </itemlayout>
                    <focusedlayout width="1808" height="221" condition="Skin.HasSetting(Enable.BigListPoster) + !Window.IsActive(music) + !Container.Content(episodes)">
                        <include>view_BigList-PosterCommons</include>
                        <control type="group">
                            <left>166</left>
                            <top>12</top>
                            <control type="group">
                                <control type="label">
                                    <width>1596</width>
                                    <height>70</height>
                                    <label>$INFO[ListItem.Label]</label>
                                    <font>font30</font>
                                </control>
                                <control type="label">
                                    <top>51</top>
                                    <width>1596</width>
                                    <height>60</height>
                                    <label>$VAR[ListSubLabelVar]</label>
                                    <visible>!Container.Content(artists)</visible>
                                </control>
                                <control type="label">
                                    <top>51</top>
                                    <width>1596</width>
                                    <height>60</height>
                                    <label>$INFO[ListItem.Property(Artist_Genre)]</label>
                                    <visible>Container.Content(artists)</visible>
                                </control>
                                <control type="textbox">
                                    <visible>!Container.Content(artists)</visible>
                                    <top>100</top>
                                    <width>1596</width>
                                    <height>85</height>
                                    <label>$VAR[VideoPlotVar]</label>
                                    <font>font13_textbox2</font>
                                    <autoscroll time="3000" delay="4000" repeat="5000">Skin.HasSetting(Enable.AutoScroll) + !Control.HasFocus(60)</autoscroll>
                                </control>
                                <control type="textbox">
                                    <top>100</top>
                                    <width>1596</width>
                                    <height>85</height>
                                    <label>$VAR[MusicPlotVar]</label>
                                    <font>font13_textbox2</font>
                                    <autoscroll time="3000" delay="4000" repeat="5000">Skin.HasSetting(Enable.AutoScroll) + !Control.HasFocus(60)</autoscroll>
                                    <visible>Container.Content(artists)</visible>
                                </control>
                                <control type="image">
                                    <left>1416</left>
                                    <top>16</top>
                                    <width>192</width>
                                    <height>33</height>
                                    <texture colordiffuse="$VAR[ColorTextVar]">$VAR[StarRatingVar]</texture>
                                    <aspectratio align="right">keep</aspectratio>
                                    <visible>![String.IsEmpty(ListItem.Title) | Container.Content(artists) | Container.Content(musicvideos) | String.Contains(Container.FolderPath,plugin.video)]</visible>
                                </control>
                            </control>
                        </control>
                    </focusedlayout>
                    <itemlayout width="1808" height="221" condition="[Container.Content(artists) + Skin.HasSetting(Enable.BigListThumb)] | Container.Content(albums)">
                        <include>view_BigList-ThumbCommons</include>
                        <control type="group">
                            <left>231</left>
                            <top>12</top>
                            <control type="label">
                                <width>1531</width>
                                <height>70</height>
                                <label>$INFO[ListItem.Label]</label>
                                <font>font30</font>
                            </control>
                            <control type="label">
                                <visible>Container.Content(artists)</visible>
                                <top>51</top>
                                <width>1531</width>
                                <height>60</height>
                                <label>$INFO[ListItem.Property(Artist_Genre)]</label>
                            </control>
                            <control type="label">
                                <visible>Container.Content(albums)</visible>
                                <top>51</top>
                                <width>1531</width>
                                <height>60</height>
                                <label>$INFO[ListItem.Year]$INFO[ListItem.Genre, • ]</label>
                            </control>
                            <control type="textbox">
                                <top>100</top>
                                <width>1531</width>
                                <height>85</height>
                                <label>$VAR[MusicPlotVar]</label>
                                <font>font13_textbox2</font>
                            </control>
                            <control type="image">
                                <left>1351</left>
                                <top>16</top>
                                <width>192</width>
                                <height>33</height>
                                <texture colordiffuse="$VAR[ColorTextVar]">$VAR[StarRatingVar]</texture>
                                <aspectratio align="right">keep</aspectratio>
                                <visible>Container.Content(albums)</visible>
                            </control>
                        </control>
                    </itemlayout>
                    <focusedlayout width="1808" height="221" condition="[Container.Content(artists) + Skin.HasSetting(Enable.BigListThumb)] | Container.Content(albums)">
                        <include>view_BigList-ThumbCommons</include>
                        <control type="group">
                            <left>231</left>
                            <top>12</top>
                            <control type="group">
                                <control type="label">
                                    <width>1531</width>
                                    <height>70</height>
                                    <label>$INFO[ListItem.Label]</label>
                                    <font>font30</font>
                                </control>
                                <control type="label">
                                    <visible>Container.Content(artists)</visible>
                                    <top>51</top>
                                    <width>1531</width>
                                    <height>60</height>
                                    <label>$INFO[ListItem.Property(Artist_Genre)]</label>
                                </control>
                                <control type="label">
                                    <visible>Container.Content(albums)</visible>
                                    <top>51</top>
                                    <width>1531</width>
                                    <height>60</height>
                                    <label>$INFO[ListItem.Year]$INFO[ListItem.Genre, • ]</label>
                                </control>
                                <control type="textbox">
                                    <top>100</top>
                                    <width>1531</width>
                                    <height>85</height>
                                    <label>$VAR[MusicPlotVar]</label>
                                    <font>font13_textbox2</font>
                                    <autoscroll time="3000" delay="4000" repeat="5000">Skin.HasSetting(Enable.AutoScroll) + !Control.HasFocus(60)</autoscroll>
                                </control>
                                <control type="image">
                                    <left>1351</left>
                                    <top>16</top>
                                    <width>192</width>
                                    <height>33</height>
                                    <texture colordiffuse="$VAR[ColorTextVar]">$VAR[StarRatingVar]</texture>
                                    <aspectratio align="right">keep</aspectratio>
                                    <visible>Container.Content(albums)</visible>
                                </control>
                            </control>
                        </control>
                    </focusedlayout>
                </control>
            </control>
        </control>
        <control type="group">
            <visible>Control.IsVisible(507)</visible>
            <top>-15</top>
            <include>Scrollbar_Vertical</include>
        </control>
    </include>
    <include name="view_BigList-LandscapeCommons">
        <control type="group">
            <left>18</left>
            <top>13</top>
            <animation type="Focus">
                <effect type="zoom" time="150" start="95" end="100" center="191,115" />
                <effect type="zoom" time="150" start="105" end="100" delay="150" center="191,115" />
            </animation>
            <control type="image">
                <visible>![Skin.HasSetting(Enable.BigListLogo) | Skin.HasSetting(Enable.BigListFanart)]</visible>
                <width>346</width>
                <height>195</height>
                <texture background="true">$VAR[LandscapeArtVar]</texture>
                <aspectratio>scale</aspectratio>
            </control>
            <control type="image">
                <visible>Skin.HasSetting(Enable.BigListFanart)</visible>
                <width>346</width>
                <height>195</height>
                <texture background="true" fallback="DefaultFallback.png">$VAR[FanartVar]</texture>
                <aspectratio>scale</aspectratio>
            </control>
            <control type="image">
                <visible>Skin.HasSetting(Enable.BigListLogo)</visible>
                <left>15</left>
                <width>316</width>
                <height>195</height>
                <texture background="true" fallback="DefaultFolder.png">$VAR[LogoVar]</texture>
                <aspectratio>keep</aspectratio>
            </control>
            <control type="image">
                <top>90</top>
                <width>346</width>
                <height>98</height>
                <aspectratio align="center" aligny="bottom">keep</aspectratio>
                <texture background="true">$INFO[ListItem.Art(clearlogo)]</texture>
                <visible>![Container.Content(episodes) | Container.Content(artists) | Container.Content(musicvideos) | Skin.HasSetting(Enable.BigListLogo) | Skin.HasSetting(Enable.BigListFanart)] + String.IsEmpty(ListItem.Art(landscape))</visible>
            </control>
            <control type="image">
                <animation center="auto" condition="Control.HasFocus(507)" easing="inout" effect="fade" end="0" start="100" time="300" tween="sine">Focus</animation>
                <animation center="auto" condition="Control.HasFocus(507)" easing="inout" effect="fade" end="100" start="0" time="300" tween="sine">UnFocus</animation>
                <width>346</width>
                <height>195</height>
                <texture>thumbs/diffuse.png</texture>
            </control>
            <control type="group">
                <visible>!Skin.HasSetting(Enable.BigListLogo)</visible>
                <include content="OverlayIcons">
                    <param name="OverlayLeft" value="288" />
                    <param name="OverlayTop" value="0" />
                </include>
            </control>
        </control>
    </include>
    <include name="view_BigList-PosterCommons">
        <control type="group">
            <left>18</left>
            <top>13</top>
            <animation type="Focus">
                <effect type="zoom" time="150" start="95" end="100" center="83,115" />
                <effect type="zoom" time="150" start="105" end="100" delay="150" center="83,115" />
            </animation>
            <control type="image">
                <width>130</width>
                <height>195</height>
                <texture background="true">$VAR[PosterVar]</texture>
                <aspectratio>scale</aspectratio>
            </control>
            <control type="image">
                <animation center="auto" condition="Control.HasFocus(507)" easing="inout" effect="fade" end="0" start="100" time="300" tween="sine">Focus</animation>
                <animation center="auto" condition="Control.HasFocus(507)" easing="inout" effect="fade" end="100" start="0" time="300" tween="sine">UnFocus</animation>
                <width>130</width>
                <height>195</height>
                <texture>thumbs/diffuse.png</texture>
            </control>
            <include content="OverlayIcons">
                <param name="OverlayLeft" value="72" />
                <param name="OverlayTop" value="0" />
            </include>
        </control>
    </include>
    <include name="view_BigList-ThumbCommons">
        <control type="group">
            <left>18</left>
            <top>13</top>
            <animation type="Focus">
                <effect type="zoom" time="150" start="95" end="100" center="115,115" />
                <effect type="zoom" time="150" start="105" end="100" delay="150" center="115,115" />
            </animation>
            <control type="image">
                <width>195</width>
                <height>195</height>
                <texture background="true" fallback="DefaultFallback.png">$VAR[ThumbVar]</texture>
                <aspectratio>scale</aspectratio>
            </control>
            <control type="image">
                <animation center="auto" condition="Control.HasFocus(507)" easing="inout" effect="fade" end="0" start="100" time="300" tween="sine">Focus</animation>
                <animation center="auto" condition="Control.HasFocus(507)" easing="inout" effect="fade" end="100" start="0" time="300" tween="sine">UnFocus</animation>
                <width>195</width>
                <height>195</height>
                <texture>thumbs/diffuse.png</texture>
            </control>
        </control>
    </include>
</includes>