<?xml version="1.0" encoding="utf-8"?>
<window type="dialog" id="1118">
    <defaultcontrol always="true">9011</defaultcontrol>
    <onunload>ClearProperty(viewtypeselect,home)</onunload>
    <onload condition="IsEmpty(Window(home).Property(viewtypeselect))">Dialog.Close(1118)</onload>
    <coordinates>
        <posx>0</posx>
        <posy>0</posy>
        <system>1</system>
    </coordinates>
    <controls>
		<include name="SideBladeCloseIcon">
            <param name="CloseIconDialogClose" value="Dialog.Close(1118)" />
            <param name="CloseIconDialogClose2" value="noop" />
            <param name="ClearMediaMenu" value="ClearProperty(MediaMenu,Home)" />
            <param name="CloseIconSetFocus" value="SetFocus(50)" />
            <param name="CloseIconVisibility" value="system.getbool(input.enablemouse) + Window.IsActive(1118)" />
        </include>
		<control type="group">
			<animation effect="slide" start="-440,0" end="0,0" time="400" tween="quadratic" easing="out">WindowOpen</animation>
			<animation effect="slide" start="0,0" end="-440,0" time="160" tween="quadratic" easing="out">WindowClose</animation>
			<visible>!Window.IsActive(1129)</visible>
			<control type="label">
				<top>115</top>
				<width>400</width>
				<height>52</height>
				<textoffsetx>15</textoffsetx>
				<font>font13_title</font>
				<label>31127</label>
				<textcolor>$VAR[ColorHighlightVar]</textcolor>
			</control>
			<control type="list" id="9011">
				<!-- viewtype selection-->
				<top>167</top>
				<width>400</width>
				<height>840</height>
				<visible>!IsEmpty(Window(home).Property(viewtypeselect))</visible>
				<orientation>vertical</orientation>
				<onright>Dialog.Close(1118)</onright>
				<onright>ClearProperty(MediaMenu,Home)</onright>
				<onright>Control.SetFocus(50)</onright>
				<onup>9011</onup>
				<ondown condition="Control.IsVisible(9012)">9012</ondown>
				<ondown condition="!Control.IsVisible(9012)">9011</ondown>
				<itemlayout width="400" height="60">
					<control type="label">
						<left>15</left>
						<width>400</width>
						<height>60</height>
						<font>font13</font>
						<label>$INFO[ListItem.Label]</label>
					</control>
				</itemlayout>
				<focusedlayout width="400" height="60">
					<control type="image">
						<width>400</width>
						<height>60</height>
						<texture>listselect_fo.png</texture>
						<colordiffuse>$VAR[ColorHighlightVar]</colordiffuse>
						<visible>Control.HasFocus(9011)</visible>
						<include>VisibleFadeEffect</include>
					</control>
					<control type="label">
						<left>15</left>
						<width>400</width>
						<height>60</height>
						<font>font13</font>
						<label>$INFO[ListItem.Label]</label>
					</control>
				</focusedlayout>
				<content>
					<item>
						<description>List</description>
						<label>535</label>
						<onclick>Container.SetViewMode(50)</onclick>
						<visible>![Window.IsActive(tvguide) | Window.IsActive(favourites)]</visible>
					</item>
					<item>
						<description>List</description>
						<label>535</label>
						<onclick condition="Skin.HasSetting(Enable.FavView)">Skin.ToggleSetting(Enable.FavView)</onclick>
						<visible>Window.IsActive(favourites)</visible>
					</item>
					<item>
						<description>EPG Timeline</description>
						<label>31414</label>
						<onclick>Container.SetViewMode(10)</onclick>
						<visible>Window.IsActive(tvguide)</visible>
						<visible>!Skin.HasSetting(Disable.TimelineView)</visible>
					</item>
					<item>
						<description>EPG Now</description>
						<label>31415</label>
						<onclick>Container.SetViewMode(11)</onclick>
						<visible>Window.IsActive(tvguide)</visible>
						<visible>!Skin.HasSetting(Disable.NowView)</visible>
					</item>
					<item>
						<description>EPG Next</description>
						<label>31416</label>
						<onclick>Container.SetViewMode(12)</onclick>
						<visible>Window.IsActive(tvguide)</visible>
						<visible>!Skin.HasSetting(Disable.NextView)</visible>
					</item>
					<item>
						<description>Wall</description>
						<label>31086</label>
						<onclick>Container.SetViewMode(500)</onclick>
						<visible>Container.Content(movies) | Container.Content(tvshows) | Container.Content(episodes) | Container.Content(seasons) | Container.Content(sets) | Container.Content(musicvideos) | [Container.Content(artists) + !Window.IsActive(videos)] | [Container.Content(albums) + !Window.IsActive(videos)] | [Container.Content(files) + Container(500).HasFiles + !Window.IsActive(musicfiles)]</visible>
						<visible>!Skin.HasSetting(Disable.IconView)</visible>
					</item>
					<item>
						<description>Wall</description>
						<label>31086</label>
						<onclick>Container.SetViewMode(510)</onclick>
						<visible>Window.IsActive(pictures) + Container(510).HasFiles + !Container.Content(addons)</visible>
						<visible>!Skin.HasSetting(Disable.IconView)</visible>
					</item>
					<item>
						<description>Wall</description>
						<label>31086</label>
						<onclick>Container.SetViewMode(520)</onclick>
						<visible>[Container.Content(addons) + Container(520).HasFiles] | [Window.IsActive(pictures) + Container(510).HasFiles + Container.Content(addons)]</visible>
						<visible>!Skin.HasSetting(Disable.IconView)</visible>
					</item>
					<item>
						<description>Wall</description>
						<label>31086</label>
						<onclick condition="!Skin.HasSetting(Enable.FavView)">Skin.ToggleSetting(Enable.FavView)</onclick>
						<visible>Window.IsActive(favourites)</visible>
					</item>
					<item>
						<description>InfoWall</description>
						<label>31021</label>
						<onclick>Container.SetViewMode(51)</onclick>
						<visible>Container.Content(movies) | Container.Content(tvshows) | Container.Content(seasons) | [Container.Content(artists) + !Window.IsActive(videos)] | [Container.Content(albums) + !Window.IsActive(videos)]</visible>
						<visible>!Skin.HasSetting(Disable.InfoWallView)</visible>
					</item>
					<item>
						<description>Shift</description>
						<label>31079</label>
						<onclick>Container.SetViewMode(57)</onclick>
						<visible>Container.Content(movies) | Container.Content(tvshows) | Container.Content(seasons) | Container.Content(episodes) | Container.Content(sets) | Container.Content(musicvideos) | [Container.Content(addons) + Container(57).HasFiles] | [Container.Content(artists) + !Window.IsActive(videos)] | [Container.Content(albums) + !Window.IsActive(videos)]</visible>
						<visible>!Skin.HasSetting(Disable.ShiftView)</visible>
					</item>
					<item>
						<description>LowList</description>
						<label>31003</label>
						<onclick>Container.SetViewMode(501)</onclick>
						<visible>Container.Content(movies) | Container.Content(tvshows) | Container.Content(seasons) | Container.Content(episodes) | [[Container.Content(artists) | Container.Content(albums) | Container.Content(songs)] + !Window.IsActive(videos)] | [Container.Content(addons) + Container(501).HasFiles]</visible>
						<visible>!Skin.HasSetting(Disable.LowListView)</visible>
					</item>
					<item>
						<description>BigList</description>
						<label>31052</label>
						<onclick>Container.SetViewMode(507)</onclick>
						<visible>Container.Content(movies) | Container.Content(tvshows) | Container.Content(episodes) | [Container.Content(artists) + !Window.IsActive(videos)]</visible>
						<visible>!Skin.HasSetting(Disable.BigListView)</visible>
					</item>
					<item>
						<description>BigWall</description>
						<label>31078</label>
						<onclick>Container.SetViewMode(509)</onclick>
						<visible>Container.Content(movies) | Container.Content(tvshows) | Container.Content(sets) | Container.Content(seasons) | [Container.Content(artists) + !Window.IsActive(videos)] | [Container.Content(albums) + !Window.IsActive(videos)]  | [Window.IsActive(pictures) + Container(509).HasFiles + !Container.Content(addons)]</visible>
						<visible>!Skin.HasSetting(Disable.WallView)</visible>
					</item>
					<item>
						<description>Panel</description>
						<label>31059</label>
						<onclick>Container.SetViewMode(505)</onclick>
						<visible>Container.Content(movies) | Container.Content(tvshows) | Container.Content(episodes) | [Container.Content(artists) + !Window.IsActive(videos)]</visible>
						<visible>!Skin.HasSetting(Disable.PanelView)</visible>
					</item>
					<item>
						<description>Fanart</description>
						<label>20445</label>
						<onclick>Container.SetViewMode(59)</onclick>
						<visible>Container.Content(movies) | Container.Content(tvshows) | [Container.Content(artists) + !Window.IsActive(videos)]</visible>
						<visible>!Skin.HasSetting(Disable.FanartView)</visible>
					</item>
					<item>
						<description>Gallery</description>
						<label>31054</label>
						<onclick>Container.SetViewMode(504)</onclick>
						<visible>[Container.Content(movies) | Container.Content(tvshows) | [Window.IsActive(pictures) + Container(504).HasFiles] | [Container.Content(artists) + !Window.IsActive(videos)]] + !Container.Content(addons)</visible>
						<visible>!Skin.HasSetting(Disable.GalleryView)</visible>
					</item>
					<item>
						<description>ShowCase</description>
						<label>31077</label>
						<onclick>Container.SetViewMode(53)</onclick>
						<visible>Container.Content(movies) | Container.Content(tvshows) | Container.Content(seasons) | Container.Content(sets)</visible>
						<visible>!Skin.HasSetting(Disable.ShowCaseView)</visible>
					</item>
					<item>
						<description>ShowCase</description>
						<label>31077</label>
						<onclick>Container.SetViewMode(54)</onclick>
						<visible>[Container.Content(artists) | Container.Content(albums)] + !Window.IsActive(videos)</visible>
						<visible>!Skin.HasSetting(Disable.ShowCaseView)</visible>
					</item>
					<item>
						<description>Poster</description>
						<label>31016</label>
						<onclick>Container.SetViewMode(56)</onclick>
						<visible>Container.Content(movies) | Container.Content(tvshows) | Container.Content(seasons) | Container.Content(sets)</visible>
						<visible>!Skin.HasSetting(Disable.PosterView)</visible>
					</item>
					<item>
						<description>Logo</description>
						<label>31088</label>
						<onclick>Container.SetViewMode(510)</onclick>
						<visible>Container.Content(movies) | Container.Content(tvshows)</visible>
						<visible>!Skin.HasSetting(Disable.LogoView)</visible>
					</item>
					<item>
						<description>Episode</description>
						<label>31093</label>
						<onclick>Container.SetViewMode(502)</onclick>
						<visible>Container.Content(episodes)</visible>
						<visible>!Skin.HasSetting(Disable.EpisodeView)</visible>
					</item>
					<item>
						<description>Song</description>
						<label>31076</label>
						<onclick>Container.SetViewMode(508)</onclick>
						<visible>Container.Content(songs)</visible>
						<visible>!Skin.HasSetting(Disable.SongView)</visible>
					</item>
				</content>
			</control>
			<control type="button" id="9012">
				<visible>![Skin.HasSetting(KioskMode.Enabled) | Window.IsActive(favourites)] + !StringCompare(Container(9011).NumItems,1)</visible>
				<top>1020</top>
				<width>400</width>
				<align>center</align>
				<textoffsetx>30</textoffsetx>
				<font>IconMedium</font>
				<label></label>
				<focusedcolor>$VAR[ColorHighlightVar]</focusedcolor>
				<texturefocus>-</texturefocus>
				<onright>Dialog.Close(1118)</onright>
				<onright>ClearProperty(MediaMenu,Home)</onright>
				<onright>Control.SetFocus(50)</onright>
				<onup>9011</onup>
				<ondown>9011</ondown>
				<onclick>Notification($LOCALIZE[31007],$LOCALIZE[31008])</onclick>
				<onclick>ActivateWindow(1129)</onclick>
			</control>
		</control>
    </controls>
</window>
