<?xml version="1.0" encoding="UTF-8"?>
<window id="1132" type="dialog">
	<defaultcontrol always="true">90100</defaultcontrol>
	<coordinates>
		<system>1</system>
		<left>614</left>
		<top>240</top>
	</coordinates>
	<include>dialogeffect</include>
	<onunload>ClearProperty(Mimic.CustomWidget1IconSelect,Home)</onunload>
	<onunload>ClearProperty(Mimic.CustomWidget2IconSelect,Home)</onunload>
	<onunload>ClearProperty(Mimic.CustomWidget3IconSelect,Home)</onunload>
	<onunload>ClearProperty(Mimic.CustomWidget4IconSelect,Home)</onunload>
	<onunload>ClearProperty(Mimic.CustomWidget5IconSelect,Home)</onunload>
	<onunload>ClearProperty(Mimic.CustomWidget6IconSelect,Home)</onunload>
	<onunload>ClearProperty(Mimic.CustomWidget7IconSelect,Home)</onunload>
	<onunload>ClearProperty(Mimic.CustomWidget8IconSelect,Home)</onunload>
	<controls>
		<include name="DialogBackgroundCommons">
            <param name="DialogBackgroundWidth" value="692" />
            <param name="DialogBackgroundHeight" value="600" />
            <param name="DialogHeaderLabel" value="Select Icon" />
            <param name="DialogHeaderId" value="1" />
        </include>
		<control type="list" id="90100">
			<left>32</left>
			<top>88</top>
			<width>630</width>
			<height>480</height>
			<onup>90100</onup>
			<ondown>90100</ondown>
			<onleft>90100</onleft>
			<onright>90100</onright>
			<scrolltime tween="quadratic" easing="out">200</scrolltime>
			<itemlayout height="60" width="630">
				<control type="label">
					<width>630</width>
					<height>60</height>
					<textoffsetx>15</textoffsetx>
					<font>font14</font>
					<textcolor>$VAR[ColorTextVar]</textcolor>
					<selectedcolor>$VAR[ColorHighlightVar]</selectedcolor>
					<align>left</align>
					<aligny>center</aligny>
					<label>$INFO[ListItem.Label]</label>
				</control>
			</itemlayout>
			<focusedlayout height="60" width="630">
				<control type="image">
					<width>629</width>
					<height>60</height>
					<texture>listselect_fo.png</texture>
					<colordiffuse>$VAR[ColorHighlightVar]</colordiffuse>
					<visible>Control.HasFocus(90100)</visible>
					<include>VisibleFadeEffect</include>
				</control>
				<control type="label">
					<width>630</width>
					<height>60</height>
					<textoffsetx>15</textoffsetx>
					<font>font14</font>
					<textcolor>$VAR[ColorTextVar]</textcolor>
					<selectedcolor>$VAR[ColorHighlightVar]</selectedcolor>
					<scroll>true</scroll>
					<align>left</align>
					<aligny>center</aligny>
					<label>$INFO[ListItem.Label]</label>
					<animation effect="fade" start="100" end="70" time="300" tween="sine" easing="inout" condition="!Control.HasFocus(90100)">Conditional</animation>
				</control>
			</focusedlayout>
			<content>
				<item>
					<label>$LOCALIZE[31016]</label>
					<onclick condition="!IsEmpty(Window(home).Property(Mimic.CustomWidget1IconSelect))">Skin.SetString(CustomWidget1Icon,1)</onclick>
					<onclick condition="!IsEmpty(Window(home).Property(Mimic.CustomWidget1IconSelect))">Skin.SetString(CustomWidget1IconLabel,$LOCALIZE[31016])</onclick>
					<onclick condition="!IsEmpty(Window(home).Property(Mimic.CustomWidget2IconSelect))">Skin.SetString(CustomWidget2Icon,1)</onclick>
					<onclick condition="!IsEmpty(Window(home).Property(Mimic.CustomWidget2IconSelect))">Skin.SetString(CustomWidget2IconLabel,$LOCALIZE[31016])</onclick>
					<onclick condition="!IsEmpty(Window(home).Property(Mimic.CustomWidget3IconSelect))">Skin.SetString(CustomWidget3Icon,1)</onclick>
					<onclick condition="!IsEmpty(Window(home).Property(Mimic.CustomWidget3IconSelect))">Skin.SetString(CustomWidget3IconLabel,$LOCALIZE[31016])</onclick>
					<onclick condition="!IsEmpty(Window(home).Property(Mimic.CustomWidget4IconSelect))">Skin.SetString(CustomWidget4Icon,1)</onclick>
					<onclick condition="!IsEmpty(Window(home).Property(Mimic.CustomWidget4IconSelect))">Skin.SetString(CustomWidget4IconLabel,$LOCALIZE[31016])</onclick>
					<onclick condition="!IsEmpty(Window(home).Property(Mimic.CustomWidget5IconSelect))">Skin.SetString(CustomWidget5Icon,1)</onclick>
					<onclick condition="!IsEmpty(Window(home).Property(Mimic.CustomWidget5IconSelect))">Skin.SetString(CustomWidget5IconLabel,$LOCALIZE[31016])</onclick>
					<onclick condition="!IsEmpty(Window(home).Property(Mimic.CustomWidget6IconSelect))">Skin.SetString(CustomWidget6Icon,1)</onclick>
					<onclick condition="!IsEmpty(Window(home).Property(Mimic.CustomWidget6IconSelect))">Skin.SetString(CustomWidget6IconLabel,$LOCALIZE[31016])</onclick>
					<onclick condition="!IsEmpty(Window(home).Property(Mimic.CustomWidget7IconSelect))">Skin.SetString(CustomWidget7Icon,1)</onclick>
					<onclick condition="!IsEmpty(Window(home).Property(Mimic.CustomWidget7IconSelect))">Skin.SetString(CustomWidget7IconLabel,$LOCALIZE[31016])</onclick>
					<onclick condition="!IsEmpty(Window(home).Property(Mimic.CustomWidget8IconSelect))">Skin.SetString(CustomWidget8Icon,1)</onclick>
					<onclick condition="!IsEmpty(Window(home).Property(Mimic.CustomWidget8IconSelect))">Skin.SetString(CustomWidget8IconLabel,$LOCALIZE[31016])</onclick>
					<onclick>Dialog.Close(1132)</onclick>
				</item>
				<item>
					<label>$LOCALIZE[31100]</label>
					<onclick condition="!IsEmpty(Window(home).Property(Mimic.CustomWidget1IconSelect))">Skin.SetString(CustomWidget1Icon,6)</onclick>
					<onclick condition="!IsEmpty(Window(home).Property(Mimic.CustomWidget1IconSelect))">Skin.SetString(CustomWidget1IconLabel,$LOCALIZE[31100])</onclick>
					<onclick condition="!IsEmpty(Window(home).Property(Mimic.CustomWidget2IconSelect))">Skin.SetString(CustomWidget2Icon,6)</onclick>
					<onclick condition="!IsEmpty(Window(home).Property(Mimic.CustomWidget2IconSelect))">Skin.SetString(CustomWidget2IconLabel,$LOCALIZE[31100])</onclick>
					<onclick condition="!IsEmpty(Window(home).Property(Mimic.CustomWidget3IconSelect))">Skin.SetString(CustomWidget3Icon,6)</onclick>
					<onclick condition="!IsEmpty(Window(home).Property(Mimic.CustomWidget3IconSelect))">Skin.SetString(CustomWidget3IconLabel,$LOCALIZE[31100])</onclick>
					<onclick condition="!IsEmpty(Window(home).Property(Mimic.CustomWidget4IconSelect))">Skin.SetString(CustomWidget4Icon,6)</onclick>
					<onclick condition="!IsEmpty(Window(home).Property(Mimic.CustomWidget4IconSelect))">Skin.SetString(CustomWidget4IconLabel,$LOCALIZE[31100])</onclick>
					<onclick condition="!IsEmpty(Window(home).Property(Mimic.CustomWidget5IconSelect))">Skin.SetString(CustomWidget5Icon,6)</onclick>
					<onclick condition="!IsEmpty(Window(home).Property(Mimic.CustomWidget5IconSelect))">Skin.SetString(CustomWidget5IconLabel,$LOCALIZE[31100])</onclick>
					<onclick condition="!IsEmpty(Window(home).Property(Mimic.CustomWidget6IconSelect))">Skin.SetString(CustomWidget6Icon,6)</onclick>
					<onclick condition="!IsEmpty(Window(home).Property(Mimic.CustomWidget6IconSelect))">Skin.SetString(CustomWidget6IconLabel,$LOCALIZE[31100])</onclick>
					<onclick condition="!IsEmpty(Window(home).Property(Mimic.CustomWidget7IconSelect))">Skin.SetString(CustomWidget7Icon,6)</onclick>
					<onclick condition="!IsEmpty(Window(home).Property(Mimic.CustomWidget7IconSelect))">Skin.SetString(CustomWidget7IconLabel,$LOCALIZE[31100])</onclick>
					<onclick condition="!IsEmpty(Window(home).Property(Mimic.CustomWidget8IconSelect))">Skin.SetString(CustomWidget8Icon,6)</onclick>
					<onclick condition="!IsEmpty(Window(home).Property(Mimic.CustomWidget8IconSelect))">Skin.SetString(CustomWidget8IconLabel,$LOCALIZE[31100])</onclick>
					<onclick>Dialog.Close(1132)</onclick>
				</item>
				<item>
					<label>$LOCALIZE[31313]</label>
					<onclick condition="!IsEmpty(Window(home).Property(Mimic.CustomWidget1IconSelect))">Skin.SetString(CustomWidget1Icon,2)</onclick>
					<onclick condition="!IsEmpty(Window(home).Property(Mimic.CustomWidget1IconSelect))">Skin.SetString(CustomWidget1IconLabel,$LOCALIZE[31313])</onclick>
					<onclick condition="!IsEmpty(Window(home).Property(Mimic.CustomWidget2IconSelect))">Skin.SetString(CustomWidget2Icon,2)</onclick>
					<onclick condition="!IsEmpty(Window(home).Property(Mimic.CustomWidget2IconSelect))">Skin.SetString(CustomWidget2IconLabel,$LOCALIZE[31313])</onclick>
					<onclick condition="!IsEmpty(Window(home).Property(Mimic.CustomWidget3IconSelect))">Skin.SetString(CustomWidget3Icon,2)</onclick>
					<onclick condition="!IsEmpty(Window(home).Property(Mimic.CustomWidget3IconSelect))">Skin.SetString(CustomWidget3IconLabel,$LOCALIZE[31313])</onclick>
					<onclick condition="!IsEmpty(Window(home).Property(Mimic.CustomWidget4IconSelect))">Skin.SetString(CustomWidget4Icon,2)</onclick>
					<onclick condition="!IsEmpty(Window(home).Property(Mimic.CustomWidget4IconSelect))">Skin.SetString(CustomWidget4IconLabel,$LOCALIZE[31313])</onclick>
					<onclick condition="!IsEmpty(Window(home).Property(Mimic.CustomWidget5IconSelect))">Skin.SetString(CustomWidget5Icon,2)</onclick>
					<onclick condition="!IsEmpty(Window(home).Property(Mimic.CustomWidget5IconSelect))">Skin.SetString(CustomWidget5IconLabel,$LOCALIZE[31313])</onclick>
					<onclick condition="!IsEmpty(Window(home).Property(Mimic.CustomWidget6IconSelect))">Skin.SetString(CustomWidget6Icon,2)</onclick>
					<onclick condition="!IsEmpty(Window(home).Property(Mimic.CustomWidget6IconSelect))">Skin.SetString(CustomWidget6IconLabel,$LOCALIZE[31313])</onclick>
					<onclick condition="!IsEmpty(Window(home).Property(Mimic.CustomWidget7IconSelect))">Skin.SetString(CustomWidget7Icon,2)</onclick>
					<onclick condition="!IsEmpty(Window(home).Property(Mimic.CustomWidget7IconSelect))">Skin.SetString(CustomWidget7IconLabel,$LOCALIZE[31313])</onclick>
					<onclick condition="!IsEmpty(Window(home).Property(Mimic.CustomWidget8IconSelect))">Skin.SetString(CustomWidget8Icon,2)</onclick>
					<onclick condition="!IsEmpty(Window(home).Property(Mimic.CustomWidget8IconSelect))">Skin.SetString(CustomWidget8IconLabel,$LOCALIZE[31313])</onclick>
					<onclick>Dialog.Close(1132)</onclick>
				</item>
			</content>
		</control>
	</controls>
</window>