<?xml version="1.0" encoding="UTF-8"?>
<window id="1121" type="dialog">
	<defaultcontrol always="true">90000</defaultcontrol>
	<controls>
		<control type="group">
			<left>0</left>
			<top>128</top>
			<control type="list" id="90000">
				<left>82</left>
				<top>0</top>
				<width>356</width>
				<height>840</height>
				<onleft>61</onleft>
				<onright>90001</onright>
				<onup>90000</onup>
				<ondown>90000</ondown>
				<pagecontrol>61</pagecontrol>
				<scrolltime tween="quadratic" easing="out">200</scrolltime>
				<itemlayout height="90" width="356">
					<control type="label">
						<width>356</width>
						<height>90</height>
						<font>font15</font>
						<textoffsetx>20</textoffsetx>
						<textcolor>$VAR[ColorTextVar]</textcolor>
						<selectedcolor>$VAR[ColorHighlightVar]</selectedcolor>
						<align>right</align>
						<aligny>center</aligny>
						<label>[UPPERCASE]$INFO[ListItem.Label][/UPPERCASE]</label>
					</control>
				</itemlayout>
				<focusedlayout height="90" width="356">
					<control type="image">
						<width>356</width>
						<height>90</height>
						<texture>listselect_fo.png</texture>
						<colordiffuse>$VAR[ColorHighlightVar]</colordiffuse>
						<animation effect="fade" start="100" end="50" time="300" tween="sine" easing="inout" condition="!Control.HasFocus(90000)">Conditional</animation>
					</control>
					<control type="label">
						<width>356</width>
						<height>90</height>
						<font>font15</font>
						<textoffsetx>20</textoffsetx>
						<textcolor>$VAR[ColorTextVar]</textcolor>
						<selectedcolor>$VAR[ColorHighlightVar]</selectedcolor>
						<align>right</align>
						<aligny>center</aligny>
						<label>[UPPERCASE]$INFO[ListItem.Label][/UPPERCASE]</label>
						<animation effect="fade" start="100" end="70" time="300" tween="sine" easing="inout" condition="!Control.HasFocus(90000)">Conditional</animation>
					</control>
				</focusedlayout>
				<content>
					<include>PicturesMainMenu</include>
					<include>MusicMainMenu</include>
					<include>MoviesMainMenu</include>
					<include>TVShowsMainMenu</include>
					<include>TVMainMenu</include>
					<include>CustomMainMenuItem1</include>
					<include>CustomMainMenuItem2</include>
					<include>CustomMainMenuItem3</include>
					<include>CustomMainMenuItem4</include>
					<include>CustomMainMenuItem5</include>
					<include>CustomMainMenuItem6</include>
					<include>VideosMainMenu</include>
					<include>ProgramsMainMenu</include>
					<include>SettingsMainMenu</include>
					<include>ShutdownMainMenu</include>
					<include>FavoritesMainMenu</include>
					<include>WeatherMainMenu</include>
					<include>MusicVideosMainMenu</include>
				</content>
			</control>
			<control type="scrollbar" id="61">
				<left>0</left>
				<top>-83</top>
				<width>14</width>
				<height>1035</height>
				<onleft>90000</onleft>
				<onright>90000</onright>
				<ondown>61</ondown>
				<onup>61</onup>
			</control>
			<control type="textbox">
				<description>description area</description>
				<left>552</left>
				<top>742</top>
				<width>1256</width>
				<height>140</height>
				<font>font15_textbox</font>
				<align>left</align>
				<textcolor>$VAR[ColorHighlightVar]</textcolor>
				<label>$VAR[SkinSettingsDescriptionVar]</label>
				<autoscroll time="3000" delay="4000" repeat="5000">true</autoscroll>
				<animation effect="fade" start="0" end="100" time="300" tween="sine" easing="inout">Visible</animation>
				<animation effect="fade" start="100" end="0" time="0" tween="sine" easing="inout">Hidden</animation>
			</control>
			<control type="grouplist" id="90001">
				<description>control area</description>
				<left>522</left>
				<top>0</top>
				<width>1316</width>
				<height>720</height>
				<itemgap>0</itemgap>
				<pagecontrol>60</pagecontrol>
				<onleft>90000</onleft>
				<onright>60</onright>
				<onup>90001</onup>
				<ondown>90001</ondown>
				<control type="radiobutton" id="90010">
					<description>Enable/Disable Button</description>
					<width>1316</width>
					<height>90</height>
					<textoffsetx>30</textoffsetx>
					<font>font15</font>
					<label>$LOCALIZE[305]</label>
					<onfocus condition="IsEmpty(Container(90000).ListItem.Property(Disable))">ClearProperty(Mimic.Disable,Home)</onfocus>
					<onfocus condition="!IsEmpty(Container(90000).ListItem.Property(Disable))">SetProperty(Mimic.Disable,True,home)</onfocus>
					<onclick condition="IsEmpty(Container(90000).ListItem.Property(Disable))">SetProperty(Mimic.Disable,True,home)</onclick>
					<onclick condition="IsEmpty(Container(90000).ListItem.Property(Disable))">Skin.SetString($INFO[Container(90000).ListItem.Property(Item),,HomeItem.Disable],True)</onclick>
					<onclick condition="!IsEmpty(Container(90000).ListItem.Property(Disable))">ClearProperty(Mimic.Disable,Home)</onclick>
					<onclick condition="!IsEmpty(Container(90000).ListItem.Property(Disable))">Skin.Reset($INFO[Container(90000).ListItem.Property(Item),,HomeItem.Disable])</onclick>
					<selected>[Control.HasFocus(90010) + IsEmpty(Window(home).Property(Mimic.Disable))] | [!Control.HasFocus(90010) + IsEmpty(Container(90000).ListItem.Property(Disable))]</selected>
					<enable>!IsEmpty(Container(90000).ListItem.Property(Path))</enable>
				</control>
				<control type="button" id="90011">
					<description>Edit Label Button</description>
					<width>1316</width>
					<height>90</height>
					<textoffsetx>30</textoffsetx>
					<font>font15</font>
					<label>$LOCALIZE[13334]</label>
					<label2>$INFO[Container(90000).ListItem.Label]</label2>
					<onclick>Skin.SetString($INFO[Container(90000).ListItem.Property(Item),,HomeItem.Label])</onclick>
				</control>
				<control type="button" id="90012">
					<description>Background Button</description>
					<width>1316</width>
					<height>90</height>
					<textoffsetx>30</textoffsetx>
					<font>font15</font>
					<label>$LOCALIZE[31027]</label>
					<label2>$VAR[BackgroundLabel2Var]</label2>
					<onfocus>Skin.Reset(ItemToEdit.MultiFanart)</onfocus>
					<onfocus>Skin.Reset(ItemToEdit.BGType)</onfocus>
					<onclick>SetProperty(Mimic.Temp,$INFO[Container(90000).ListItem.Property(Item),,HomeItem.MultiFanart],home)</onclick>
					<onclick>SetProperty(Mimic.BGType,$INFO[Container(90000).ListItem.Property(Item),,HomeItem.BGType],home)</onclick>
					<onclick>ActivateWindow(1122)</onclick>
				</control>
				<control type="button" id="90013">
					<description>Default select action Button</description>
					<width>1316</width>
					<height>90</height>
					<textoffsetx>30</textoffsetx>
					<font>font15</font>
					<label>$LOCALIZE[22079]</label>
					<label2>$INFO[Container(90000).ListItem.Property(Path)]</label2>
					<onfocus>Skin.Reset(ItemToEdit.Path)</onfocus>
					<onfocus>Skin.Reset(ItemToEdit.Label)</onfocus>
					<onclick>SetProperty(Mimic.Path,$INFO[Container(90000).ListItem.Property(Item),,HomeItem.Path],home)</onclick>
					<onclick>SetProperty(Mimic.Label,$INFO[Container(90000).ListItem.Property(Item),,HomeItem.Label],home)</onclick>
					<onclick>ActivateWindow(1123)</onclick>
					<visible>!System.HasAddon(script.skinshortcuts)</visible>
				</control>
				<control type="button" id="90021">
					<description>Default select action Button</description>
					<width>1316</width>
					<height>90</height>
					<textoffsetx>30</textoffsetx>
					<font>font15</font>
					<label>$LOCALIZE[22079]</label>
					<label2>$INFO[Container(90000).ListItem.Property(Path)]</label2>
					<onclick>RunScript(script.skinshortcuts,type=shortcuts&amp;custom=True&amp;skinLabel=$INFO[Container(90000).ListItem.Property(Item),,HomeItem.Label]&amp;skinAction=$INFO[Container(90000).ListItem.Property(Item),,HomeItem.Path])</onclick>
					<visible>System.HasAddon(script.skinshortcuts)</visible>
				</control>
				<control type="button" id="90014">
					<description>Widget Button</description>
					<width>1316</width>
					<height>90</height>
					<textoffsetx>30</textoffsetx>
					<font>font15</font>
					<label>$LOCALIZE[31041]</label>
					<label2>$INFO[Container(90000).ListItem.Property(WidgetLabel),,]</label2>
					<onfocus>Skin.Reset(ItemToEdit.Widget)</onfocus>
					<onfocus>Skin.Reset(ItemToEdit.WidgetLabel)</onfocus>
					<onfocus>Skin.Reset(ItemToEdit.WidgetType)</onfocus>
					<onclick>SetProperty(Mimic.Widget,$INFO[Container(90000).ListItem.Property(Item),,HomeItem.Widget],home)</onclick>
					<onclick>SetProperty(Mimic.WidgetLabel,$INFO[Container(90000).ListItem.Property(Item),,HomeItem.WidgetLabel],home)</onclick>
					<onclick>SetProperty(Mimic.WidgetType,$INFO[Container(90000).ListItem.Property(Item),,HomeItem.WidgetType],home)</onclick>
					<onclick>ActivateWindow(1124)</onclick>
				</control>
				<control type="button" id="90016">
					<description>Infoline Button</description>
					<width>1316</width>
					<height>90</height>
					<textoffsetx>30</textoffsetx>
					<font>font15</font>
					<label>$LOCALIZE[31053]</label>
					<label2>$VAR[InfoLineLabelVar]</label2>
					<onfocus>Skin.Reset(ItemToEdit.InfoLine)</onfocus>
					<onclick>SetProperty(Mimic.InfoLine,$INFO[Container(90000).ListItem.Property(Item),,HomeItem.InfoLine],home)</onclick>
					<onclick>ActivateWindow(1125)</onclick>
				</control>
				<control type="button" id="90017">
					<description>Move Item Button</description>
					<width>1316</width>
					<height>90</height>
					<textoffsetx>30</textoffsetx>
					<font>font15</font>
					<label>$LOCALIZE[31073]</label>
					<onclick>SetProperty(ItemToEdit.Label,$INFO[Container(90000).ListItem.Label],home)</onclick>
					<onclick>SetProperty(ItemToEdit.Path,$INFO[Container(90000).ListItem.Property(Path)],home)</onclick>
					<onclick>SetProperty(ItemToEdit.MultiFanart,$INFO[Container(90000).ListItem.Art(thumb)],home)</onclick>
					<onclick>SetProperty(ItemToEdit.Icon,$INFO[Container(90000).ListItem.ActualIcon],home)</onclick>
					<onclick>SetProperty(ItemToEdit.InfoLine,$INFO[Container(90000).ListItem.Property(InfoLine)],home)</onclick>
					<onclick>SetProperty(ItemToEdit.SubMenu,$INFO[Container(90000).ListItem.Property(submenuVisibility)],home)</onclick>
					<onclick>SetProperty(ItemToEdit.Widget,$INFO[Container(90000).ListItem.Property(Widget)],home)</onclick>
					<onclick>SetProperty(ItemToEdit.WidgetLabel,$INFO[Container(90000).ListItem.Property(WidgetLabel)],home)</onclick>
					<onclick>SetProperty(ItemToEdit.WidgetType,$INFO[Container(90000).ListItem.Property(WidgetType)],home)</onclick>
					<onclick>SetProperty(ItemToEdit.BGType,$INFO[Container(90000).ListItem.Property(BGType)],home)</onclick>
					<onclick>SetProperty(Mimic.Label,$INFO[Container(90000).ListItem.Property(Item),,HomeItem.Label],home)</onclick>
					<onclick>SetProperty(Mimic.Path,$INFO[Container(90000).ListItem.Property(Item),,HomeItem.Path],home)</onclick>
					<onclick>SetProperty(Mimic.MultiFanart,$INFO[Container(90000).ListItem.Property(Item),,HomeItem.MultiFanart],home)</onclick>
					<onclick>SetProperty(Mimic.Icon,$INFO[Container(90000).ListItem.Property(Item),,HomeItem.Icon],home)</onclick>
					<onclick>SetProperty(Mimic.InfoLine,$INFO[Container(90000).ListItem.Property(Item),,HomeItem.InfoLine],home)</onclick>
					<onclick>SetProperty(Mimic.SubMenu,$INFO[Container(90000).ListItem.Property(Item),,HomeItem.SubMenu],home)</onclick>
					<onclick>SetProperty(Mimic.Widget,$INFO[Container(90000).ListItem.Property(Item),,HomeItem.Widget],home)</onclick>
					<onclick>SetProperty(Mimic.WidgetLabel,$INFO[Container(90000).ListItem.Property(Item),,HomeItem.WidgetLabel],home)</onclick>
					<onclick>SetProperty(Mimic.WidgetType,$INFO[Container(90000).ListItem.Property(Item),,HomeItem.WidgetType],home)</onclick>
					<onclick>SetProperty(Mimic.BGType,$INFO[Container(90000).ListItem.Property(Item),,HomeItem.BGType],home)</onclick>
					<onclick>ActivateWindow(1126)</onclick>
				</control>
				<control type="button" id="90018">
					<description>Manage SubMenu Button</description>
					<width>1316</width>
					<height>90</height>
					<textoffsetx>30</textoffsetx>
					<font>font15</font>
					<label>$LOCALIZE[31080]</label>
					<onclick>RunScript(script.skinshortcuts,type=manage&amp;group=$INFO[Container(90000).ListItem.Property(submenuVisibility)])</onclick>
					<visible>System.HasAddon(script.skinshortcuts)</visible>
				</control>
				<control type="button" id="90020">
					<description>Reset Button</description>
					<width>1316</width>
					<height>90</height>
					<textoffsetx>30</textoffsetx>
					<font>font15</font>
					<label>$LOCALIZE[10035]</label>
					<onclick>Skin.Reset($INFO[Container(90000).ListItem.Property(Item),,HomeItem.Label])</onclick>
					<onclick>Skin.Reset($INFO[Container(90000).ListItem.Property(Item),,HomeItem.Path])</onclick>
					<onclick>Skin.Reset($INFO[Container(90000).ListItem.Property(Item),,HomeItem.MultiFanart])</onclick>
					<onclick>Skin.Reset($INFO[Container(90000).ListItem.Property(Item),,HomeItem.Icon])</onclick>
					<onclick>Skin.Reset($INFO[Container(90000).ListItem.Property(Item),,HomeItem.InfoLine])</onclick>
					<onclick>Skin.Reset($INFO[Container(90000).ListItem.Property(Item),,HomeItem.SubMenu])</onclick>
					<onclick>Skin.Reset($INFO[Container(90000).ListItem.Property(Item),,HomeItem.Widget])</onclick>
					<onclick>Skin.Reset($INFO[Container(90000).ListItem.Property(Item),,HomeItem.WidgetLabel])</onclick>
					<onclick>Skin.Reset($INFO[Container(90000).ListItem.Property(Item),,HomeItem.WidgetType])</onclick>
					<onclick>Skin.Reset($INFO[Container(90000).ListItem.Property(Item),,HomeItem.BGType])</onclick>
				</control>
			</control>
			<control type="scrollbar" id="60">
				<left>1906</left>
				<top>-83</top>
				<width>14</width>
				<height>1035</height>
				<onleft>90001</onleft>
				<onright>90000</onright>
				<ondown>60</ondown>
				<onup>60</onup>
			</control>
		</control>
	</controls>
</window>