<?xml version="1.0" encoding="UTF-8"?>
<window id="1126" type="dialog">
	<defaultcontrol always="true">90100</defaultcontrol>
	<coordinates>
		<system>1</system>
		<left>614</left>
		<top>240</top>
	</coordinates>
	<include>dialogeffect</include>
	<onunload>ClearProperty(Mimic.Label,Home)</onunload>
	<onunload>ClearProperty(Mimic.Path,Home)</onunload>
	<onunload>ClearProperty(Mimic.MultiFanart,Home)</onunload>
	<onunload>ClearProperty(Mimic.Icon,Home)</onunload>
	<onunload>ClearProperty(Mimic.InfoLine,Home)</onunload>
	<onunload>ClearProperty(Mimic.Widget,Home)</onunload>
	<onunload>ClearProperty(Mimic.SubMenu,Home)</onunload>
	<onunload>ClearProperty(Mimic.WidgetLabel,Home)</onunload>
	<onunload>ClearProperty(Mimic.WidgetType,Home)</onunload>
	<onunload>ClearProperty(Mimic.BGType,Home)</onunload>
	<controls>
		<include name="DialogBackgroundCommons">
            <param name="DialogBackgroundWidth" value="692" />
            <param name="DialogBackgroundHeight" value="600" />
            <param name="DialogHeaderLabel" value="$LOCALIZE[31074]" />
            <param name="DialogHeaderId" value="1" />
        </include>
		<control type="list" id="9000">
			<left>-100</left>
			<top>-100</top>
			<width>100</width>
			<height>100</height>
			<itemlayout height="100" width="100" />
			<focusedlayout height="100" width="100" />
			<content>
				<item>
					<label>-</label>
					<onclick>noop</onclick>
					<property name="Path">SetFocus(90101)</property>
				</item>
			</content>
		</control>
		<control type="button" id="90101">
			<include>HiddenObject</include>
			<onleft>90101</onleft>
			<onright>90101</onright>
			<onup>Control.Move(90100,-1)</onup>
			<ondown>Control.Move(90100,1)</ondown>
			<onfocus>Skin.SetString($INFO[Window(Home).Property(Mimic.Label)],$INFO[Container(90100).ListItem.Label])</onfocus>
			<onfocus>Skin.SetString($INFO[Window(Home).Property(Mimic.Path)],$INFO[Container(90100).ListItem.Property(Path)])</onfocus>
			<onfocus>Skin.SetString($INFO[Window(Home).Property(Mimic.MultiFanart)],$INFO[Container(90100).ListItem.Art(thumb)])</onfocus>
			<onfocus>Skin.SetString($INFO[Window(Home).Property(Mimic.Icon)],$INFO[Container(90100).ListItem.ActualIcon])</onfocus>
			<onfocus>Skin.SetString($INFO[Window(Home).Property(Mimic.InfoLine)],$INFO[Container(90100).ListItem.Property(InfoLine)])</onfocus>
			<onfocus>Skin.SetString($INFO[Window(Home).Property(Mimic.SubMenu)],$INFO[Container(90100).ListItem.Property(submenuVisibility)])</onfocus>
			<onfocus>Skin.SetString($INFO[Window(Home).Property(Mimic.Widget)],$INFO[Container(90100).ListItem.Property(Widget)])</onfocus>
			<onfocus>Skin.SetString($INFO[Window(Home).Property(Mimic.WidgetLabel)],$INFO[Container(90100).ListItem.Property(WidgetLabel)])</onfocus>
			<onfocus>Skin.SetString($INFO[Window(Home).Property(Mimic.WidgetType)],$INFO[Container(90100).ListItem.Property(WidgetType)])</onfocus>
			<onfocus>Skin.SetString($INFO[Window(Home).Property(Mimic.BGType)],$INFO[Container(90100).ListItem.Property(BGType)])</onfocus>
			<onfocus>SetProperty(Mimic.Label,$INFO[Container(90100).ListItem.Property(Item),,HomeItem.Label],home)</onfocus>
			<onfocus>SetProperty(Mimic.Path,$INFO[Container(90100).ListItem.Property(Item),,HomeItem.Path],home)</onfocus>
			<onfocus>SetProperty(Mimic.MultiFanart,$INFO[Container(90100).ListItem.Property(Item),,HomeItem.MultiFanart],home)</onfocus>
			<onfocus>SetProperty(Mimic.Icon,$INFO[Container(90100).ListItem.Property(Item),,HomeItem.Icon],home)</onfocus>
			<onfocus>SetProperty(Mimic.InfoLine,$INFO[Container(90100).ListItem.Property(Item),,HomeItem.InfoLine],home)</onfocus>
			<onfocus>SetProperty(Mimic.SubMenu,$INFO[Container(90100).ListItem.Property(Item),,HomeItem.SubMenu],home)</onfocus>
			<onfocus>SetProperty(Mimic.Widget,$INFO[Container(90100).ListItem.Property(Item),,HomeItem.Widget],home)</onfocus>
			<onfocus>SetProperty(Mimic.WidgetLabel,$INFO[Container(90100).ListItem.Property(Item),,HomeItem.WidgetLabel],home)</onfocus>
			<onfocus>SetProperty(Mimic.WidgetType,$INFO[Container(90100).ListItem.Property(Item),,HomeItem.WidgetType],home)</onfocus>
			<onfocus>SetProperty(Mimic.BGType,$INFO[Container(90100).ListItem.Property(Item),,HomeItem.BGType],home)</onfocus>
			<onfocus>Skin.SetString($INFO[Window(Home).Property(Mimic.Label)],$INFO[Window(Home).Property(ItemToEdit.Label)])</onfocus>
			<onfocus>Skin.SetString($INFO[Window(Home).Property(Mimic.Path)],$INFO[Window(Home).Property(ItemToEdit.Path)])</onfocus>
			<onfocus>Skin.SetString($INFO[Window(Home).Property(Mimic.MultiFanart)],$INFO[Window(Home).Property(ItemToEdit.MultiFanart)])</onfocus>
			<onfocus>Skin.SetString($INFO[Window(Home).Property(Mimic.Icon)],$INFO[Window(Home).Property(ItemToEdit.Icon)])</onfocus>
			<onfocus>Skin.SetString($INFO[Window(Home).Property(Mimic.InfoLine)],$INFO[Window(Home).Property(ItemToEdit.InfoLine)])</onfocus>
			<onfocus>Skin.SetString($INFO[Window(Home).Property(Mimic.SubMenu)],$INFO[Window(Home).Property(ItemToEdit.SubMenu)])</onfocus>
			<onfocus>Skin.SetString($INFO[Window(Home).Property(Mimic.Widget)],$INFO[Window(Home).Property(ItemToEdit.Widget)])</onfocus>
			<onfocus>Skin.SetString($INFO[Window(Home).Property(Mimic.WidgetLabel)],$INFO[Window(Home).Property(ItemToEdit.WidgetLabel)])</onfocus>
			<onfocus>Skin.SetString($INFO[Window(Home).Property(Mimic.WidgetType)],$INFO[Window(Home).Property(ItemToEdit.WidgetType)])</onfocus>
			<onfocus>Skin.SetString($INFO[Window(Home).Property(Mimic.BGType)],$INFO[Window(Home).Property(ItemToEdit.BGType)])</onfocus>
			<onfocus>Dialog.Close(1126)</onfocus>
		</control>
		<control type="list" id="90100">
			<left>32</left>
			<top>88</top>
			<width>630</width>
			<height>480</height>
			<onup>90100</onup>
			<ondown>90100</ondown>
			<onleft>90100</onleft>
			<onright>60</onright>
			<pagecontrol>60</pagecontrol>
			<scrolltime tween="quadratic" easing="out">200</scrolltime>
			<itemlayout height="60" width="630">
				<control type="label">
					<width>630</width>
					<height>60</height>
					<textoffsetx>15</textoffsetx>
					<font>font14</font>
					<textcolor>$VAR[ColorTextVar]</textcolor>
					<selectedcolor>$VAR[ColorHighlightVar]</selectedcolor>
					<align>left</align>
					<aligny>center</aligny>
					<label>[UPPERCASE]$INFO[ListItem.Label][/UPPERCASE]</label>
				</control>
			</itemlayout>
			<focusedlayout height="60" width="630">
				<control type="image">
					<width>629</width>
					<height>60</height>
					<texture border="5">listselect_fo.png</texture>
					<colordiffuse>$VAR[ColorHighlightVar]</colordiffuse>
					<visible>Control.HasFocus(90101) | Control.HasFocus(90100)</visible>
					<include>VisibleFadeEffect</include>
				</control>
				<control type="label">
					<width>630</width>
					<height>60</height>
					<textoffsetx>15</textoffsetx>
					<font>font14</font>
					<textcolor>$VAR[ColorTextVar]</textcolor>
					<selectedcolor>$VAR[ColorHighlightVar]</selectedcolor>
					<scroll>true</scroll>
					<align>left</align>
					<aligny>center</aligny>
					<label>[UPPERCASE]$INFO[ListItem.Label][/UPPERCASE]</label>
					<animation effect="fade" start="100" end="70" time="300" tween="sine" easing="inout" condition="![Control.HasFocus(90101) | Control.HasFocus(90100)]">Conditional</animation>
				</control>
				<control type="button">
					<width>630</width>
					<height>60</height>
					<include>HiddenObject</include>
					<onclick>SendCLick(90101)</onclick>
				</control>
			</focusedlayout>
			<content>
				<include>PicturesMainMenu</include>
				<include>MusicMainMenu</include>
				<include>MoviesMainMenu</include>
				<include>TVShowsMainMenu</include>
				<include>TVMainMenu</include>
				<include>CustomMainMenuItem1</include>
				<include>CustomMainMenuItem2</include>
				<include>CustomMainMenuItem3</include>
				<include>CustomMainMenuItem4</include>
				<include>CustomMainMenuItem5</include>
				<include>CustomMainMenuItem6</include>
				<include>VideosMainMenu</include>
				<include>ProgramsMainMenu</include>
				<include>SettingsMainMenu</include>
				<include>ShutdownMainMenu</include>
				<include>FavoritesMainMenu</include>
				<include>WeatherMainMenu</include>
				<include>MusicVideosMainMenu</include>
			</content>
		</control>
		<control type="scrollbar" id="60">
			<left>664</left>
			<top>88</top>
			<height>480</height>
			<width>8</width>
			<onleft>90100</onleft>
			<onright>90100</onright>
			<ondown>60</ondown>
			<onup>60</onup>
		</control>
	</controls>
</window>