<?xml version="1.0" encoding="UTF-8"?>
<window id="1131" type="dialog">
	<defaultcontrol always="true">90101</defaultcontrol>
	<coordinates>
		<system>1</system>
		<left>614</left>
		<top>330</top>
	</coordinates>
	<include>dialogeffect</include>
	<controls>
		<include name="DialogBackgroundCommons">
            <param name="DialogBackgroundWidth" value="692" />
            <param name="DialogBackgroundHeight" value="420" />
            <param name="DialogHeaderLabel" value="Select Home Layout" />
            <param name="DialogHeaderId" value="1" />
        </include>
		<control type="list" id="90101">
			<left>32</left>
			<top>88</top>
			<width>630</width>
			<height>300</height>
			<onup>90101</onup>
			<ondown>90101</ondown>
			<onleft>90101</onleft>
			<onright>90101</onright>
			<scrolltime tween="quadratic" easing="out">200</scrolltime>
			<itemlayout height="100" width="630">
				<control type="image">
					<left>20</left>
					<top>0</top>
					<width>100</width>
					<height>100</height>
					<aspectratio align="center" aligny="center">keep</aspectratio>
					<texture>$INFO[ListItem.Icon]</texture>
					<colordiffuse>$VAR[ColorTextVar]</colordiffuse>
				</control>
				<control type="label">
					<left>125</left>
					<width>505</width>
					<height>100</height>
					<textoffsetx>15</textoffsetx>
					<font>font15</font>
					<textcolor>$VAR[ColorTextVar]</textcolor>
					<selectedcolor>$VAR[ColorHighlightVar]</selectedcolor>
					<align>left</align>
					<aligny>center</aligny>
					<label>$INFO[ListItem.Label]</label>
				</control>
				<control type="label">
					<left>125</left>
					<width>505</width>
					<height>100</height>
					<textoffsetx>20</textoffsetx>
					<font>IconSmall</font>
					<textcolor>$VAR[ColorTextVar]</textcolor>
					<selectedcolor>$VAR[ColorHighlightVar]</selectedcolor>
					<align>right</align>
					<aligny>center</aligny>
					<label>$INFO[ListItem.Property(defaultcheck)]</label>
					<visible>Skin.HasSetting(Enable.HomeDefault)</visible>
				</control>
				<control type="label">
					<left>125</left>
					<width>505</width>
					<height>100</height>
					<textoffsetx>20</textoffsetx>
					<font>IconSmall</font>
					<textcolor>$VAR[ColorTextVar]</textcolor>
					<selectedcolor>$VAR[ColorHighlightVar]</selectedcolor>
					<align>right</align>
					<aligny>center</aligny>
					<label>$INFO[ListItem.Property(topcheck)]</label>
					<visible>Skin.HasSetting(Enable.HomeTopMenu)</visible>
				</control>
				<control type="label">
					<left>125</left>
					<width>505</width>
					<height>100</height>
					<textoffsetx>20</textoffsetx>
					<font>IconSmall</font>
					<textcolor>$VAR[ColorTextVar]</textcolor>
					<selectedcolor>$VAR[ColorHighlightVar]</selectedcolor>
					<align>right</align>
					<aligny>center</aligny>
					<label>$INFO[ListItem.Property(verticalcheck)]</label>
					<visible>Skin.HasSetting(Enable.HomeVerticalMenu)</visible>
				</control>
			</itemlayout>
			<focusedlayout height="100" width="630">
				<control type="image">
					<width>629</width>
					<height>100</height>
					<texture>listselect_fo.png</texture>
					<colordiffuse>$VAR[ColorHighlightVar]</colordiffuse>
					<visible>Control.HasFocus(90101)</visible>
					<include>VisibleFadeEffect</include>
				</control>
				<control type="image">
					<left>20</left>
					<top>0</top>
					<width>100</width>
					<height>100</height>
					<aspectratio align="center" aligny="center">keep</aspectratio>
					<texture>$INFO[ListItem.Icon]</texture>
					<colordiffuse>$VAR[ColorTextVar]</colordiffuse>
				</control>
				<control type="label">
					<left>125</left>
					<width>505</width>
					<height>100</height>
					<textoffsetx>15</textoffsetx>
					<font>font15</font>
					<textcolor>$VAR[ColorTextVar]</textcolor>
					<selectedcolor>$VAR[ColorHighlightVar]</selectedcolor>
					<scroll>true</scroll>
					<align>left</align>
					<aligny>center</aligny>
					<label>$INFO[ListItem.Label]</label>
					<animation effect="fade" start="100" end="70" time="300" tween="sine" easing="inout" condition="!Control.HasFocus(90101)">Conditional</animation>
				</control>
				<control type="label">
					<left>125</left>
					<width>505</width>
					<height>100</height>
					<textoffsetx>20</textoffsetx>
					<font>IconSmall</font>
					<textcolor>$VAR[ColorTextVar]</textcolor>
					<selectedcolor>$VAR[ColorHighlightVar]</selectedcolor>
					<align>right</align>
					<aligny>center</aligny>
					<label>$INFO[ListItem.Property(defaultcheck)]</label>
					<visible>Skin.HasSetting(Enable.HomeDefault)</visible>
				</control>
				<control type="label">
					<left>125</left>
					<width>505</width>
					<height>100</height>
					<textoffsetx>20</textoffsetx>
					<font>IconSmall</font>
					<textcolor>$VAR[ColorTextVar]</textcolor>
					<selectedcolor>$VAR[ColorHighlightVar]</selectedcolor>
					<align>right</align>
					<aligny>center</aligny>
					<label>$INFO[ListItem.Property(topcheck)]</label>
					<visible>Skin.HasSetting(Enable.HomeTopMenu)</visible>
				</control>
				<control type="label">
					<left>125</left>
					<width>505</width>
					<height>100</height>
					<textoffsetx>20</textoffsetx>
					<font>IconSmall</font>
					<textcolor>$VAR[ColorTextVar]</textcolor>
					<selectedcolor>$VAR[ColorHighlightVar]</selectedcolor>
					<align>right</align>
					<aligny>center</aligny>
					<label>$INFO[ListItem.Property(verticalcheck)]</label>
					<visible>Skin.HasSetting(Enable.HomeVerticalMenu)</visible>
				</control>
			</focusedlayout>
			<content>
				<item>
					<label>571</label>
					<icon>home/default.png</icon>
					<property name="defaultcheck">✓</property>
					<onclick>Skin.Reset(Enable.HomeTopMenu)</onclick>
					<onclick>Skin.Reset(Enable.HomeVerticalMenu)</onclick>
					<onclick>Skin.SetBool(Enable.HomeDefault)</onclick>
					<onclick>Dialog.Close(1131)</onclick>
				</item>
				<item>
					<label>31071</label>
					<icon>home/topmenu.png</icon>
					<property name="topcheck">✓</property>
					<onclick>Skin.Reset(Enable.HomeDefault)</onclick>
					<onclick>Skin.Reset(Enable.HomeVerticalMenu)</onclick>
					<onclick>Skin.SetBool(Enable.HomeTopMenu)</onclick>
					<onclick>Dialog.Close(1131)</onclick>
				</item>
				<item>
					<label>31072</label>
					<icon>home/verticalmenu.png</icon>
					<property name="verticalcheck">✓</property>
					<onclick>Skin.Reset(Enable.HomeTopMenu)</onclick>
					<onclick>Skin.Reset(Enable.HomeDefault)</onclick>
					<onclick>Skin.SetBool(Enable.HomeVerticalMenu)</onclick>
					<onclick>Dialog.Close(1131)</onclick>
				</item>
			</content>
		</control>
	</controls>
</window>