<?xml version="1.0" encoding="UTF-8"?>
<window id="1123" type="dialog">
	<defaultcontrol always="true">90100</defaultcontrol>
	<coordinates>
		<system>1</system>
		<left>614</left>
		<top>240</top>
	</coordinates>
	<include>dialogeffect</include>
	<onunload condition="!IsEmpty(Skin.String(ItemToEdit.Path))">Skin.SetString($INFO[Window(Home).Property(Mimic.Path)],$INFO[Skin.String(ItemToEdit.Path)])</onunload>
	<onunload condition="!IsEmpty(Skin.String(ItemToEdit.Label))">Skin.SetString($INFO[Window(Home).Property(Mimic.Label)],$INFO[Skin.String(ItemToEdit.Label)])</onunload>
	<onunload>ClearProperty(Mimic.Path,Home)</onunload>
	<onunload>ClearProperty(Mimic.Label,Home)</onunload>
	<onunload>CancelAlarm(DialogClose,True)</onunload>
	<controls>
		<include name="DialogBackgroundCommons">
            <param name="DialogBackgroundWidth" value="692" />
            <param name="DialogBackgroundHeight" value="600" />
            <param name="DialogHeaderLabel" value="$LOCALIZE[22079]" />
            <param name="DialogHeaderId" value="1" />
        </include>
		<control type="list" id="90100">
			<left>32</left>
			<top>88</top>
			<width>630</width>
			<height>480</height>
			<onup>90100</onup>
			<ondown>90100</ondown>
			<onleft>90100</onleft>
			<onright>60</onright>
			<pagecontrol>60</pagecontrol>
			<scrolltime tween="quadratic" easing="out">200</scrolltime>
			<itemlayout height="60" width="630">
				<control type="label">
					<width>630</width>
					<height>60</height>
					<textoffsetx>15</textoffsetx>
					<font>font14</font>
					<textcolor>$VAR[ColorTextVar]</textcolor>
					<selectedcolor>$VAR[ColorHighlightVar]</selectedcolor>
					<align>left</align>
					<aligny>center</aligny>
					<label>$INFO[ListItem.Label]</label>
				</control>
			</itemlayout>
			<focusedlayout height="60" width="630">
				<control type="image">
					<width>629</width>
					<height>60</height>
					<texture>listselect_fo.png</texture>
					<colordiffuse>$VAR[ColorHighlightVar]</colordiffuse>
					<visible>Control.HasFocus(90100)</visible>
					<include>VisibleFadeEffect</include>
				</control>
				<control type="label">
					<width>630</width>
					<height>60</height>
					<textoffsetx>15</textoffsetx>
					<font>font14</font>
					<textcolor>$VAR[ColorTextVar]</textcolor>
					<selectedcolor>$VAR[ColorHighlightVar]</selectedcolor>
					<scroll>true</scroll>
					<align>left</align>
					<aligny>center</aligny>
					<label>$INFO[ListItem.Label]</label>
					<animation effect="fade" start="100" end="70" time="300" tween="sine" easing="inout" condition="!Control.HasFocus(90100)">Conditional</animation>
				</control>
			</focusedlayout>
			<content>
				<item>
					<label>$LOCALIZE[10035]</label>
					<onclick>Skin.Reset(ItemToEdit.Path)</onclick>
					<onclick>Skin.Reset(ItemToEdit.Label)</onclick>
					<onclick>Skin.SetString($INFO[Window(Home).Property(Mimic.Path)],$INFO[Skin.String(ItemToEdit.Path)])</onclick>
					<onclick>Skin.SetString($INFO[Window(Home).Property(Mimic.Label)],$INFO[Skin.String(ItemToEdit.Label)])</onclick>
					<onclick>Dialog.Close(1123)</onclick>
				</item>
				<item>
					<label>$LOCALIZE[1037]</label>
					<onclick>Skin.SetAddon(ItemToEdit.Path,xbmc.addon.video)</onclick>
					<onclick>Skin.SetString(ItemToEdit.Label,$INFO[system.addontitle(Skin.String(ItemToEdit.Path))])</onclick>
					<onclick>Skin.SetString(ItemToEdit.Path,$INFO[Skin.String(ItemToEdit.Path),RunAddon(,)])</onclick>
					<onclick>Dialog.Close(1123)</onclick>
				</item>
				<item>
					<label>$LOCALIZE[1038]</label>
					<onclick>Skin.SetAddon(ItemToEdit.Path,xbmc.addon.audio)</onclick>
					<onclick>Skin.SetString(ItemToEdit.Label,$INFO[system.addontitle(Skin.String(ItemToEdit.Path))])</onclick>
					<onclick>Skin.SetString(ItemToEdit.Path,$INFO[Skin.String(ItemToEdit.Path),RunAddon(,)])</onclick>
					<onclick>Dialog.Close(1123)</onclick>
				</item>
				<item>
					<label>$LOCALIZE[1043]</label>
					<onclick>Skin.SetAddon(ItemToEdit.Path,xbmc.addon.executable)</onclick>
					<onclick>Skin.SetString(ItemToEdit.Label,$INFO[system.addontitle(Skin.String(ItemToEdit.Path))])</onclick>
					<onclick>Skin.SetString(ItemToEdit.Path,$INFO[Skin.String(ItemToEdit.Path),RunAddon(,)])</onclick>
					<onclick>Dialog.Close(1123)</onclick>
				</item>
				<item>
					<label>$LOCALIZE[1039]</label>
					<onclick>Skin.SetAddon(ItemToEdit.Path,xbmc.addon.image)</onclick>
					<onclick>Skin.SetString(ItemToEdit.Label,$INFO[system.addontitle(Skin.String(ItemToEdit.Path))])</onclick>
					<onclick>Skin.SetString(ItemToEdit.Path,$INFO[Skin.String(ItemToEdit.Path),RunAddon(,)])</onclick>
					<onclick>Dialog.Close(1123)</onclick>
				</item>
				<item>
					<label>$LOCALIZE[20012]</label>
					<onclick>Skin.SetFile(ItemToEdit.Path,.xsp|.m3u,special://profile/playlists/video/)</onclick>
					<onclick>Skin.SetString(ItemToEdit.Path,ActivateWindow(Videos,$INFO[Skin.String(ItemToEdit.Path)],return))</onclick>
					<onclick>Dialog.Close(1123)</onclick>
				</item>
				<item>
					<label>$LOCALIZE[20011]</label>
					<onclick>Skin.SetFile(ItemToEdit.Path,.xsp|.m3u,special://profile/playlists/music/)</onclick>
					<onclick>Skin.SetString(ItemToEdit.Path,ActivateWindow(MusicLibrary,$INFO[Skin.String(ItemToEdit.Path)],return))</onclick>
					<onclick>Dialog.Close(1123)</onclick>
				</item>
				<item>
					<label>$LOCALIZE[1036]</label>
					<onclick>RunScript(script.favourites,property=ItemToEdit)</onclick>
					<onclick>AlarmClock(DialogClose,Dialog.Close(1123),00:05,silent)</onclick>
				</item>
				<item>
					<label>$LOCALIZE[20190]</label>
					<onclick>Skin.SetString(ItemToEdit.Path)</onclick>
					<onclick>Skin.Reset(ItemToEdit.Label)</onclick>
					<onclick>Skin.SetString($INFO[Window(Home).Property(Mimic.Label)],$INFO[Skin.String(ItemToEdit.Label)])</onclick>
					<onclick>Dialog.Close(1123)</onclick>
				</item>
			</content>
		</control>
		<control type="scrollbar" id="60">
			<left>664</left>
			<top>88</top>
			<height>480</height>
			<width>8</width>
			<onleft>90100</onleft>
			<onright>90100</onright>
			<ondown>60</ondown>
			<onup>60</onup>
		</control>
	</controls>
</window>