<?xml version="1.0" encoding="UTF-8"?>
<window id="1124" type="dialog">
	<defaultcontrol always="true">90100</defaultcontrol>
	<coordinates>
		<system>1</system>
		<left>614</left>
		<top>240</top>
	</coordinates>
	<include>dialogeffect</include>
	<onunload condition="!IsEmpty(Skin.String(ItemToEdit.Widget))">Skin.SetString($INFO[Window(Home).Property(Mimic.Widget)],$INFO[Skin.String(ItemToEdit.Widget)])</onunload>
	<onunload condition="!IsEmpty(Skin.String(ItemToEdit.WidgetLabel))">Skin.SetString($INFO[Window(Home).Property(Mimic.WidgetLabel)],$INFO[Skin.String(ItemToEdit.WidgetLabel)])</onunload>
	<onunload condition="!IsEmpty(Skin.String(ItemToEdit.WidgetType))">Skin.SetString($INFO[Window(Home).Property(Mimic.WidgetType)],$INFO[Skin.String(ItemToEdit.WidgetType)])</onunload>
	<onunload>ClearProperty(Mimic.Widget,Home)</onunload>
	<onunload>ClearProperty(Mimic.WidgetLabel,Home)</onunload>
	<onunload>ClearProperty(Mimic.WidgetType,Home)</onunload>
	<controls>
		<include name="DialogBackgroundCommons">
            <param name="DialogBackgroundWidth" value="692" />
            <param name="DialogBackgroundHeight" value="600" />
            <param name="DialogHeaderLabel" value="$LOCALIZE[31041]" />
            <param name="DialogHeaderId" value="1" />
        </include>
		<control type="list" id="90100">
			<left>32</left>
			<top>88</top>
			<width>630</width>
			<height>480</height>
			<onup>90100</onup>
			<ondown>90100</ondown>
			<onleft>90100</onleft>
			<onright>60</onright>
			<pagecontrol>60</pagecontrol>
			<scrolltime tween="quadratic" easing="out">200</scrolltime>
			<itemlayout height="60" width="630">
				<control type="label">
					<width>630</width>
					<height>60</height>
					<textoffsetx>15</textoffsetx>
					<font>font14</font>
					<textcolor>$VAR[ColorTextVar]</textcolor>
					<selectedcolor>$VAR[ColorHighlightVar]</selectedcolor>
					<align>left</align>
					<aligny>center</aligny>
					<label>$INFO[ListItem.Label]</label>
				</control>
			</itemlayout>
			<focusedlayout height="60" width="630">
				<control type="image">
					<width>629</width>
					<height>60</height>
					<texture>listselect_fo.png</texture>
					<colordiffuse>$VAR[ColorHighlightVar]</colordiffuse>
					<visible>Control.HasFocus(90100)</visible>
					<include>VisibleFadeEffect</include>
				</control>
				<control type="label">
					<width>630</width>
					<height>60</height>
					<textoffsetx>15</textoffsetx>
					<font>font14</font>
					<textcolor>$VAR[ColorTextVar]</textcolor>
					<selectedcolor>$VAR[ColorHighlightVar]</selectedcolor>
					<scroll>true</scroll>
					<align>left</align>
					<aligny>center</aligny>
					<label>$INFO[ListItem.Label]</label>
					<animation effect="fade" start="100" end="70" time="300" tween="sine" easing="inout" condition="!Control.HasFocus(90100)">Conditional</animation>
				</control>
			</focusedlayout>
			<content>
				<!-- WidgetType: -->
				<!-- 1: Video    -->
				<!-- 2: Music    -->
				<!-- 3: Weather  -->
				<item>
					<label>$LOCALIZE[16018]</label>
					<onclick>Skin.Reset(ItemToEdit.Widget)</onclick>
					<onclick>Skin.Reset(ItemToEdit.WidgetLabel)</onclick>
					<onclick>Skin.Reset(ItemToEdit.WidgetType)</onclick>
					<onclick>Skin.SetString($INFO[Window(Home).Property(Mimic.Widget)],$INFO[Skin.String(ItemToEdit.Widget)])</onclick>
					<onclick>Skin.SetString($INFO[Window(Home).Property(Mimic.WidgetLabel)],$INFO[Skin.String(ItemToEdit.WidgetLabel)])</onclick>
					<onclick>Skin.SetString($INFO[Window(Home).Property(Mimic.WidgetType)],$INFO[Skin.String(ItemToEdit.WidgetType)])</onclick>
					<onclick>Dialog.Close(1124)</onclick>
				</item>
				<item>
					<label>$LOCALIZE[31029]</label>
					<onclick>Skin.SetString(ItemToEdit.Widget,special://skin/extras/playlists/recentmovies.xsp)</onclick>
					<onclick>Skin.SetString(ItemToEdit.WidgetLabel,$LOCALIZE[31029])</onclick>
					<onclick>Skin.SetString(ItemToEdit.WidgetType,1)</onclick>
					<onclick>Dialog.Close(1124)</onclick>
				</item>
				<item>
					<label>$LOCALIZE[31031]</label>
					<onclick>Skin.SetString(ItemToEdit.Widget,2)</onclick>
					<onclick>Skin.SetString(ItemToEdit.WidgetLabel,$LOCALIZE[31031])</onclick>
					<onclick>Skin.SetString(ItemToEdit.WidgetType,1)</onclick>
					<onclick>Dialog.Close(1124)</onclick>
				</item>
				<item>
					<label>$LOCALIZE[31032]</label>
					<onclick>Skin.SetString(ItemToEdit.Widget,special://skin/extras/playlists/recommendedmovies.xsp)</onclick>
					<onclick>Skin.SetString(ItemToEdit.WidgetLabel,$LOCALIZE[31032])</onclick>
					<onclick>Skin.SetString(ItemToEdit.WidgetType,1)</onclick>
					<onclick>Dialog.Close(1124)</onclick>
				</item>
				<item>
					<label>$INFO[System.AddonTitle(plugin.video.the.trailers)]</label>
					<onclick>Skin.SetString(ItemToEdit.Widget,plugin://plugin.video.the.trailers/apple/movies/)</onclick>
					<onclick>Skin.SetString(ItemToEdit.WidgetLabel,$INFO[System.AddonTitle(plugin.video.the.trailers)])</onclick>
					<onclick>Skin.SetString(ItemToEdit.WidgetType,1)</onclick>
					<onclick>Dialog.Close(1124)</onclick>
					<visible>System.HasAddon(plugin.video.the.trailers)</visible>
				</item>
				<item>
					<label>$LOCALIZE[31030]</label>
					<onclick>Skin.SetString(ItemToEdit.Widget,special://skin/extras/playlists/recentepisodes.xsp)</onclick>
					<onclick>Skin.SetString(ItemToEdit.WidgetLabel,$LOCALIZE[31030])</onclick>
					<onclick>Skin.SetString(ItemToEdit.WidgetType,1)</onclick>
					<onclick>Dialog.Close(1124)</onclick>
				</item>
				<item>
					<label>$LOCALIZE[31033]</label>
					<onclick>Skin.SetString(ItemToEdit.Widget,5)</onclick>
					<onclick>Skin.SetString(ItemToEdit.WidgetLabel,$LOCALIZE[31033])</onclick>
					<onclick>Skin.SetString(ItemToEdit.WidgetType,1)</onclick>
					<onclick>Dialog.Close(1124)</onclick>
				</item>
				<item>
					<label>$LOCALIZE[31034]</label>
					<onclick>Skin.SetString(ItemToEdit.Widget,6)</onclick>
					<onclick>Skin.SetString(ItemToEdit.WidgetLabel,$LOCALIZE[31034])</onclick>
					<onclick>Skin.SetString(ItemToEdit.WidgetType,1)</onclick>
					<onclick>Dialog.Close(1124)</onclick>
				</item>
				<item>
					<label>$LOCALIZE[31035]</label>
					<onclick>Skin.SetString(ItemToEdit.Widget,7)</onclick>
					<onclick>Skin.SetString(ItemToEdit.WidgetLabel,$LOCALIZE[31035])</onclick>
					<onclick>Skin.SetString(ItemToEdit.WidgetType,2)</onclick>
					<onclick>Dialog.Close(1124)</onclick>
				</item>
				<item>
					<label>$LOCALIZE[31036]</label>
					<onclick>Skin.SetString(ItemToEdit.Widget,8)</onclick>
					<onclick>Skin.SetString(ItemToEdit.WidgetLabel,$LOCALIZE[31036])</onclick>
					<onclick>Skin.SetString(ItemToEdit.WidgetType,2)</onclick>
					<onclick>Dialog.Close(1124)</onclick>
				</item>
				<item>
					<label>$LOCALIZE[31037]</label>
					<onclick>Skin.SetString(ItemToEdit.Widget,9)</onclick>
					<onclick>Skin.SetString(ItemToEdit.WidgetLabel,$LOCALIZE[31037])</onclick>
					<onclick>Skin.SetString(ItemToEdit.WidgetType,2)</onclick>
					<onclick>Dialog.Close(1124)</onclick>
				</item>
				<item>
					<label>$LOCALIZE[31038]</label>
					<onclick>Skin.SetString(ItemToEdit.Widget,10)</onclick>
					<onclick>Skin.SetString(ItemToEdit.WidgetLabel,$LOCALIZE[31038])</onclick>
					<onclick>Skin.SetString(ItemToEdit.WidgetType,2)</onclick>
					<onclick>Dialog.Close(1124)</onclick>
				</item>
				<item>
					<label>$LOCALIZE[12600]</label>
					<onclick>Skin.SetString(ItemToEdit.Widget,11)</onclick>
					<onclick>Skin.SetString(ItemToEdit.WidgetLabel,$LOCALIZE[12600])</onclick>
					<onclick>Dialog.Close(1124)</onclick>
					<onclick>Skin.SetString(ItemToEdit.WidgetType,3)</onclick>
					<visible>!IsEmpty(Weather.Plugin)</visible>
				</item>
				<item>
					<label>$LOCALIZE[20012]</label>
					<onclick>Skin.SetFile(ItemToEdit.Widget,.xsp,special://profile/playlists/video/)</onclick>
					<onclick>Skin.SetString(ItemToEdit.WidgetLabel)</onclick>
					<onclick>Skin.SetString(ItemToEdit.WidgetType,1)</onclick>
					<onclick>Dialog.Close(1124)</onclick>
				</item>
				<item>
					<label>$LOCALIZE[20011]</label>
					<onclick>Skin.SetFile(ItemToEdit.Widget,.xsp|.m3u,special://profile/playlists/music/)</onclick>
					<onclick>Skin.SetString(ItemToEdit.WidgetLabel)</onclick>
					<onclick>Skin.SetString(ItemToEdit.WidgetType,2)</onclick>
					<onclick>Dialog.Close(1124)</onclick>
				</item>
				<item>
					<label>$LOCALIZE[1037]</label>
					<onclick>Skin.SetString(ItemToEdit.Widget,addons://sources/video/)</onclick>
					<onclick>Skin.SetString(ItemToEdit.WidgetLabel,$LOCALIZE[1037])</onclick>
					<onclick>Dialog.Close(1124)</onclick>
					<onclick>Skin.SetString(ItemToEdit.WidgetType,1)</onclick>
				</item>
				<item>
					<label>$LOCALIZE[1038]</label>
					<onclick>Skin.SetString(ItemToEdit.Widget,addons://sources/audio/)</onclick>
					<onclick>Skin.SetString(ItemToEdit.WidgetLabel,$LOCALIZE[1038])</onclick>
					<onclick>Dialog.Close(1124)</onclick>
					<onclick>Skin.SetString(ItemToEdit.WidgetType,2)</onclick>
				</item>
				<item>
					<label>$LOCALIZE[1039]</label>
					<onclick>Skin.SetString(ItemToEdit.Widget,addons://sources/image/)</onclick>
					<onclick>Skin.SetString(ItemToEdit.WidgetLabel,$LOCALIZE[1039])</onclick>
					<onclick>Dialog.Close(1124)</onclick>
					<onclick>Skin.SetString(ItemToEdit.WidgetType,5)</onclick>
				</item>
				<item>
					<label>$LOCALIZE[1043]</label>
					<onclick>Skin.SetString(ItemToEdit.Widget,addons://sources/executable/)</onclick>
					<onclick>Skin.SetString(ItemToEdit.WidgetLabel,$LOCALIZE[1043])</onclick>
					<onclick>Dialog.Close(1124)</onclick>
					<onclick>Skin.SetString(ItemToEdit.WidgetType,4)</onclick>
				</item>
				<item>
					<label>$LOCALIZE[31922]</label>
					<onclick>Skin.SetString(ItemToEdit.Widget,20)</onclick>
					<onclick>Skin.SetString(ItemToEdit.WidgetLabel,$LOCALIZE[31922])</onclick>
					<onclick>Skin.SetString(ItemToEdit.WidgetType,1)</onclick>
					<onclick>Dialog.Close(1124)</onclick>
					<visible>System.HasAddon(script.extendedinfo)</visible>
				</item>
				<item>
					<label>$LOCALIZE[31924]</label>
					<onclick>Skin.SetString(ItemToEdit.Widget,21)</onclick>
					<onclick>Skin.SetString(ItemToEdit.WidgetLabel,$LOCALIZE[31924])</onclick>
					<onclick>Skin.SetString(ItemToEdit.WidgetType,1)</onclick>
					<onclick>Dialog.Close(1124)</onclick>
					<visible>System.HasAddon(script.extendedinfo)</visible>
				</item>
				<item>
					<label>$LOCALIZE[31914]</label>
					<onclick>Skin.SetString(ItemToEdit.Widget,22)</onclick>
					<onclick>Skin.SetString(ItemToEdit.WidgetLabel,$LOCALIZE[31914])</onclick>
					<onclick>Skin.SetString(ItemToEdit.WidgetType,1)</onclick>
					<onclick>Dialog.Close(1124)</onclick>
					<visible>System.HasAddon(script.extendedinfo)</visible>
				</item>
				<item>
					<label>$LOCALIZE[31913]</label>
					<onclick>Skin.SetString(ItemToEdit.Widget,23)</onclick>
					<onclick>Skin.SetString(ItemToEdit.WidgetLabel,$LOCALIZE[31913])</onclick>
					<onclick>Skin.SetString(ItemToEdit.WidgetType,2)</onclick>
					<onclick>Dialog.Close(1124)</onclick>
					<visible>System.HasAddon(script.extendedinfo)</visible>
				</item>
				<item>
					<label>$LOCALIZE[31907]</label>
					<onclick>Skin.SetString(ItemToEdit.Widget,24)</onclick>
					<onclick>Skin.SetString(ItemToEdit.WidgetLabel,$LOCALIZE[31907])</onclick>
					<onclick>Skin.SetString(ItemToEdit.WidgetType,5)</onclick>
					<onclick>Dialog.Close(1124)</onclick>
					<visible>System.HasAddon(script.extendedinfo)</visible>
				</item>
				<item>
					<label>$LOCALIZE[31312] 1 $INFO[Skin.String(CustomWidget1Name),- ]</label>
					<onclick>Skin.SetString(ItemToEdit.Widget,25)</onclick>
					<onclick>Skin.SetString(ItemToEdit.WidgetLabel,$INFO[Skin.String(CustomWidget1Name)])</onclick>
					<onclick>Skin.SetString(ItemToEdit.WidgetType,$INFO[Skin.String(CustomWidget1Icon)])</onclick>
					<onclick>Dialog.Close(1124)</onclick>
					<visible>!IsEmpty(Skin.String(CustomWidget1Path.List))</visible>
				</item>
				<item>
					<label>$LOCALIZE[31312] 2 $INFO[Skin.String(CustomWidget2Name),- ]</label>
					<onclick>Skin.SetString(ItemToEdit.Widget,26)</onclick>
					<onclick>Skin.SetString(ItemToEdit.WidgetLabel,$INFO[Skin.String(CustomWidget2Name)])</onclick>
					<onclick>Skin.SetString(ItemToEdit.WidgetType,$INFO[Skin.String(CustomWidget2Icon)])</onclick>
					<onclick>Dialog.Close(1124)</onclick>
					<visible>!IsEmpty(Skin.String(CustomWidget2Path.List))</visible>
				</item>
				<item>
					<label>$LOCALIZE[31312] 3 $INFO[Skin.String(CustomWidget3Name),- ]</label>
					<onclick>Skin.SetString(ItemToEdit.Widget,27)</onclick>
					<onclick>Skin.SetString(ItemToEdit.WidgetLabel,$INFO[Skin.String(CustomWidget3Name)])</onclick>
					<onclick>Skin.SetString(ItemToEdit.WidgetType,$INFO[Skin.String(CustomWidget3Icon)])</onclick>
					<onclick>Dialog.Close(1124)</onclick>
					<visible>!IsEmpty(Skin.String(CustomWidget3Path.List))</visible>
				</item>
				<item>
					<label>$LOCALIZE[31312] 4 $INFO[Skin.String(CustomWidget4Name),- ]</label>
					<onclick>Skin.SetString(ItemToEdit.Widget,28)</onclick>
					<onclick>Skin.SetString(ItemToEdit.WidgetLabel,$INFO[Skin.String(CustomWidget4Name)])</onclick>
					<onclick>Skin.SetString(ItemToEdit.WidgetType,$INFO[Skin.String(CustomWidget4Icon)])</onclick>
					<onclick>Dialog.Close(1124)</onclick>
					<visible>!IsEmpty(Skin.String(CustomWidget4Path.List))</visible>
				</item>
				<item>
					<label>$LOCALIZE[31312] 5 $INFO[Skin.String(CustomWidget5Name),- ]</label>
					<onclick>Skin.SetString(ItemToEdit.Widget,29)</onclick>
					<onclick>Skin.SetString(ItemToEdit.WidgetLabel,$INFO[Skin.String(CustomWidget5Name)])</onclick>
					<onclick>Skin.SetString(ItemToEdit.WidgetType,$INFO[Skin.String(CustomWidget5Icon)])</onclick>
					<onclick>Dialog.Close(1124)</onclick>
					<visible>!IsEmpty(Skin.String(CustomWidget5Path.List))</visible>
				</item>
				<item>
					<label>$LOCALIZE[31312] 6 $INFO[Skin.String(CustomWidget6Name),- ]</label>
					<onclick>Skin.SetString(ItemToEdit.Widget,30)</onclick>
					<onclick>Skin.SetString(ItemToEdit.WidgetLabel,$INFO[Skin.String(CustomWidget6Name)])</onclick>
					<onclick>Skin.SetString(ItemToEdit.WidgetType,$INFO[Skin.String(CustomWidget6Icon)])</onclick>
					<onclick>Dialog.Close(1124)</onclick>
					<visible>!IsEmpty(Skin.String(CustomWidget6Path.List))</visible>
				</item>
				<item>
					<label>$LOCALIZE[31312] 7 $INFO[Skin.String(CustomWidget7Name),- ]</label>
					<onclick>Skin.SetString(ItemToEdit.Widget,31)</onclick>
					<onclick>Skin.SetString(ItemToEdit.WidgetLabel,$INFO[Skin.String(CustomWidget7Name)])</onclick>
					<onclick>Skin.SetString(ItemToEdit.WidgetType,$INFO[Skin.String(CustomWidget7Icon)])</onclick>
					<onclick>Dialog.Close(1124)</onclick>
					<visible>!IsEmpty(Skin.String(CustomWidget7Path.List))</visible>
				</item>
				<item>
					<label>$LOCALIZE[31312] 8 $INFO[Skin.String(CustomWidget8Name),- ]</label>
					<onclick>Skin.SetString(ItemToEdit.Widget,32)</onclick>
					<onclick>Skin.SetString(ItemToEdit.WidgetLabel,$INFO[Skin.String(CustomWidget8Name)])</onclick>
					<onclick>Skin.SetString(ItemToEdit.WidgetType,$INFO[Skin.String(CustomWidget8Icon)])</onclick>
					<onclick>Dialog.Close(1124)</onclick>
					<visible>!IsEmpty(Skin.String(CustomWidget8Path.List))</visible>
				</item>
			</content>
		</control>
		<control type="scrollbar" id="60">
			<left>664</left>
			<top>88</top>
			<height>480</height>
			<width>8</width>
			<onleft>90100</onleft>
			<onright>90100</onright>
			<ondown>60</ondown>
			<onup>60</onup>
		</control>
	</controls>
</window>