<?xml version="1.0" encoding="UTF-8"?>
<window id="1125" type="dialog">
	<defaultcontrol always="true">90100</defaultcontrol>
	<coordinates>
		<system>1</system>
		<left>614</left>
		<top>240</top>
	</coordinates>
	<include>dialogeffect</include>
	<onunload condition="!IsEmpty(Skin.String(ItemToEdit.InfoLine))">Skin.SetString($INFO[Window(Home).Property(Mimic.InfoLine)],$INFO[Skin.String(ItemToEdit.InfoLine)])</onunload>
	<onunload>ClearProperty(Mimic.InfoLine,Home)</onunload>
	<controls>
		<include name="DialogBackgroundCommons">
            <param name="DialogBackgroundWidth" value="692" />
            <param name="DialogBackgroundHeight" value="600" />
            <param name="DialogHeaderLabel" value="$LOCALIZE[31053]" />
            <param name="DialogHeaderId" value="1" />
        </include>
		<control type="list" id="90100">
			<left>32</left>
			<top>88</top>
			<width>630</width>
			<height>480</height>
			<onup>90100</onup>
			<ondown>90100</ondown>
			<onleft>90100</onleft>
			<onright>60</onright>
			<pagecontrol>60</pagecontrol>
			<scrolltime tween="quadratic" easing="out">200</scrolltime>
			<itemlayout height="60" width="630">
				<control type="label">
					<width>630</width>
					<height>60</height>
					<textoffsetx>15</textoffsetx>
					<font>font14</font>
					<textcolor>$VAR[ColorTextVar]</textcolor>
					<selectedcolor>$VAR[ColorHighlightVar]</selectedcolor>
					<align>left</align>
					<aligny>center</aligny>
					<label>$INFO[ListItem.Label]</label>
				</control>
			</itemlayout>
			<focusedlayout height="60" width="630">
				<control type="image">
					<width>629</width>
					<height>60</height>
					<texture>listselect_fo.png</texture>
					<colordiffuse>$VAR[ColorHighlightVar]</colordiffuse>
					<visible>Control.HasFocus(90100)</visible>
					<include>VisibleFadeEffect</include>
				</control>
				<control type="label">
					<width>630</width>
					<height>60</height>
					<textoffsetx>15</textoffsetx>
					<font>font14</font>
					<textcolor>$VAR[ColorTextVar]</textcolor>
					<selectedcolor>$VAR[ColorHighlightVar]</selectedcolor>
					<scroll>true</scroll>
					<align>left</align>
					<aligny>center</aligny>
					<label>$INFO[ListItem.Label]</label>
					<animation effect="fade" start="100" end="70" time="300" tween="sine" easing="inout" condition="!Control.HasFocus(90100)">Conditional</animation>
				</control>
			</focusedlayout>
			<content>
				<item>
					<label>$LOCALIZE[16018]</label>
					<onclick>Skin.Reset(ItemToEdit.InfoLine)</onclick>
					<onclick>Skin.SetString($INFO[Window(Home).Property(Mimic.InfoLine)],$INFO[Skin.String(ItemToEdit.InfoLine)])</onclick>
					<onclick>Dialog.Close(1125)</onclick>
				</item>
				<item>
					<label>$LOCALIZE[31097]</label>
					<onclick>Skin.SetString(ItemToEdit.InfoLine,1)</onclick>
					<onclick>Dialog.Close(1125)</onclick>
				</item>
				<item>
					<label>$LOCALIZE[31098]</label>
					<onclick>Skin.SetString(ItemToEdit.InfoLine,2)</onclick>
					<onclick>Dialog.Close(1125)</onclick>
				</item>
				<item>
					<label>$LOCALIZE[31099]</label>
					<onclick>Skin.SetString(ItemToEdit.InfoLine,3)</onclick>
					<onclick>Dialog.Close(1125)</onclick>
				</item>
				<item>
					<label>$LOCALIZE[31058]</label>
					<onclick>Skin.SetString(ItemToEdit.InfoLine,4)</onclick>
					<onclick>Dialog.Close(1125)</onclick>
				</item>
				<item>
					<label>$LOCALIZE[20088]</label>
					<onclick>Skin.SetString(ItemToEdit.InfoLine,5)</onclick>
					<onclick>Dialog.Close(1125)</onclick>
				</item>
				<item>
					<label>$LOCALIZE[31061]</label>
					<onclick>Skin.SetString(ItemToEdit.InfoLine,6)</onclick>
					<onclick>Dialog.Close(1125)</onclick>
				</item>
				<item>
					<label>$LOCALIZE[31082]</label>
					<onclick>Skin.SetString(ItemToEdit.InfoLine,7)</onclick>
					<onclick>Dialog.Close(1125)</onclick>
				</item>
				<item>
					<label>$LOCALIZE[130]</label>
					<onclick>Skin.SetString(ItemToEdit.InfoLine,8)</onclick>
					<onclick>Dialog.Close(1125)</onclick>
				</item>
				<item>
					<label>$LOCALIZE[31130]</label>
					<onclick>Skin.SetString(ItemToEdit.InfoLine,9)</onclick>
					<onclick>Dialog.Close(1125)</onclick>
				</item>
				<item>
					<label>$LOCALIZE[31131]</label>
					<onclick>Skin.SetString(ItemToEdit.InfoLine,10)</onclick>
					<onclick>Dialog.Close(1125)</onclick>
				</item>
				<item>
					<label>$LOCALIZE[31132]</label>
					<onclick>Skin.SetString(ItemToEdit.InfoLine,11)</onclick>
					<onclick>Dialog.Close(1125)</onclick>
				</item>
			</content>
		</control>
		<control type="scrollbar" id="60">
			<left>664</left>
			<top>88</top>
			<height>480</height>
			<width>8</width>
			<onleft>90100</onleft>
			<onright>90100</onright>
			<ondown>60</ondown>
			<onup>60</onup>
		</control>
	</controls>
</window>