<?xml version="1.0" encoding="UTF-8"?>
<window id="1130" type="dialog">
	<defaultcontrol always="true">100</defaultcontrol>
	<coordinates>
		<system>1</system>
		<left>342</left>
		<top>111</top>
	</coordinates>
	<allowoverlay>yes</allowoverlay>
	<include>dialogeffect</include>
	<controls>
		<include name="DialogBackgroundCommons">
            <param name="DialogBackgroundWidth" value="1236" />
            <param name="DialogBackgroundHeight" value="858" />
            <param name="DialogHeaderLabel" value="$VAR[ColorCustomizerLabelVar]" />
            <param name="DialogHeaderId" value="" />
        </include>
		<control type="group"> <!--content -->
			<control type="group">
                <visible>IntegerGreaterThan(Container(100).NumItems,0)</visible>
                <animation effect="fade" time="320" delay="300">Visible</animation>
                <control type="image">
                	<visible>Control.HasFocus(100)</visible>
                    <left>30</left>
                    <top>82</top>
                    <width>137</width>
                    <height>137</height>
                    <animation effect="fade" time="320" delay="200">Visible</animation>
                    <animation effect="fade" time="50">Hidden</animation>
                    <texture colordiffuse="FFeeeeee">colors/FFFFFFFF.png</texture>
                    <animation effect="slide" end="0,130" time="200" tween="cubic" easing="inout" condition="Container(100).Row(4)">Conditional</animation>
                    <animation effect="slide" end="0,130" time="200" tween="cubic" easing="inout" condition="Container(100).Row(4) | Container(100).Row(3)">Conditional</animation>
                    <animation effect="slide" end="0,130" time="200" tween="cubic" easing="inout" condition="Container(100).Row(4) | Container(100).Row(3) | Container(100).Row(2)">Conditional</animation>
                    <animation effect="slide" end="0,130" time="200" tween="cubic" easing="inout" condition="Container(100).Row(4) | Container(100).Row(3) | Container(100).Row(2) | Container(100).Row(1)">Conditional</animation>
                    <animation effect="slide" end="130,0" time="200" tween="cubic" easing="inout" condition="Container(100).Column(8)">Conditional</animation>
                    <animation effect="slide" end="130,0" time="200" tween="cubic" easing="inout" condition="Container(100).Column(8) | Container(100).Column(7)">Conditional</animation>
                    <animation effect="slide" end="130,0" time="200" tween="cubic" easing="inout" condition="Container(100).Column(8) | Container(100).Column(7) | Container(100).Column(6)">Conditional</animation>
                    <animation effect="slide" end="130,0" time="200" tween="cubic" easing="inout" condition="Container(100).Column(8) | Container(100).Column(7) | Container(100).Column(6) | Container(100).Column(5)">Conditional</animation>
                    <animation effect="slide" end="130,0" time="200" tween="cubic" easing="inout" condition="Container(100).Column(8) | Container(100).Column(7) | Container(100).Column(6) | Container(100).Column(5) | Container(100).Column(4)">Conditional</animation>
                    <animation effect="slide" end="130,0" time="200" tween="cubic" easing="inout" condition="Container(100).Column(8) | Container(100).Column(7) | Container(100).Column(6) | Container(100).Column(5) | Container(100).Column(4) | Container(100).Column(3)">Conditional</animation>
                    <animation effect="slide" end="130,0" time="200" tween="cubic" easing="inout" condition="Container(100).Column(8) | Container(100).Column(7) | Container(100).Column(6) | Container(100).Column(5) | Container(100).Column(4) | Container(100).Column(3) | Container(100).Column(2)">Conditional</animation>
                    <animation effect="slide" end="130,0" time="200" tween="cubic" easing="inout" condition="Container(100).Column(8) | Container(100).Column(7) | Container(100).Column(6) | Container(100).Column(5) | Container(100).Column(4) | Container(100).Column(3) | Container(100).Column(2) | Container(100).Column(1)">Conditional</animation>
                </control>
            </control>
			<control type="panel" id="100"> <!--colours -->
				<left>30</left>
				<top>82</top>
				<width>1177</width>
				<height>657</height>
				<onup>100</onup>
				<ondown>165</ondown>
				<onleft>100</onleft>
				<onright>100</onright>
				<orientation>horizontal</orientation>
				<scrolltime>200</scrolltime>
				<itemlayout height="130" width="130">
					<control type="group">
						<left>7</left>
						<top>7</top>
						<control type="image">
							<width>123</width>
							<height>123</height>
							<texture>$INFO[ListItem.Art(thumb)]</texture>
						</control>
						<control type="label">
							<width>123</width>
							<height>123</height>
							<align>center</align>
							<aligny>center</aligny>
							<font>IconMedium</font>
							<textcolor>shadow</textcolor>
							<label>✓</label>
							<visible>[[StringCompare(Skin.String(ColorCustomizer),highlightcolor.name) + StringCompare(Skin.String(highlightcolor.name),ListItem.Label) + Skin.HasSetting(highlightcolor.name.preset)] | [StringCompare(Skin.String(ColorCustomizer),backgroundcolor.name) + StringCompare(Skin.String(backgroundcolor.name),ListItem.Label) + Skin.HasSetting(backgroundcolor.name.preset)] | [StringCompare(Skin.String(ColorCustomizer),dialogcolor.name) + StringCompare(Skin.String(dialogcolor.name),ListItem.Label) + Skin.HasSetting(dialogcolor.name.preset)] | [StringCompare(Skin.String(ColorCustomizer),textcolor.name) + StringCompare(Skin.String(textcolor.name),ListItem.Label) + Skin.HasSetting(textcolor.name.preset)] | [StringCompare(Skin.String(ColorCustomizer),menucolor.name) + StringCompare(Skin.String(menucolor.name),ListItem.Label) + Skin.HasSetting(menucolor.name.preset)]] + !StringCompare(ListItem.Label,FF000000)</visible>
						</control>
						<control type="label">
							<width>123</width>
							<height>123</height>
							<align>center</align>
							<aligny>center</aligny>
							<font>IconMedium</font>
							<textcolor>AAffffff</textcolor>
							<label>✓</label>
							<visible>[[StringCompare(Skin.String(ColorCustomizer),highlightcolor.name) + StringCompare(Skin.String(highlightcolor.name),ListItem.Label) + Skin.HasSetting(highlightcolor.name.preset)] | [StringCompare(Skin.String(ColorCustomizer),backgroundcolor.name) + StringCompare(Skin.String(backgroundcolor.name),ListItem.Label) + Skin.HasSetting(backgroundcolor.name.preset)] | [StringCompare(Skin.String(ColorCustomizer),dialogcolor.name) + StringCompare(Skin.String(dialogcolor.name),ListItem.Label) + Skin.HasSetting(dialogcolor.name.preset)] | [StringCompare(Skin.String(ColorCustomizer),textcolor.name) + StringCompare(Skin.String(textcolor.name),ListItem.Label) + Skin.HasSetting(textcolor.name.preset)] | [StringCompare(Skin.String(ColorCustomizer),menucolor.name) + StringCompare(Skin.String(menucolor.name),ListItem.Label) + Skin.HasSetting(menucolor.name.preset)]] + StringCompare(ListItem.Label,FF000000)</visible>
						</control>
					</control>
				</itemlayout>
				<focusedlayout height="130" width="130">
					<control type="group">
						<left>7</left>
						<top>7</top>
						<control type="image">
							<width>123</width>
							<height>123</height>
							<texture>$INFO[ListItem.Art(thumb)]</texture>
						</control>
						<control type="label">
							<width>123</width>
							<height>123</height>
							<align>center</align>
							<aligny>center</aligny>
							<font>IconMedium</font>
							<textcolor>shadow</textcolor>
							<label>✓</label>
							<visible>[[StringCompare(Skin.String(ColorCustomizer),highlightcolor.name) + StringCompare(Skin.String(highlightcolor.name),ListItem.Label) + Skin.HasSetting(highlightcolor.name.preset)] | [StringCompare(Skin.String(ColorCustomizer),backgroundcolor.name) + StringCompare(Skin.String(backgroundcolor.name),ListItem.Label) + Skin.HasSetting(backgroundcolor.name.preset)] | [StringCompare(Skin.String(ColorCustomizer),dialogcolor.name) + StringCompare(Skin.String(dialogcolor.name),ListItem.Label) + Skin.HasSetting(dialogcolor.name.preset)] | [StringCompare(Skin.String(ColorCustomizer),textcolor.name) + StringCompare(Skin.String(textcolor.name),ListItem.Label) + Skin.HasSetting(textcolor.name.preset)] | [StringCompare(Skin.String(ColorCustomizer),menucolor.name) + StringCompare(Skin.String(menucolor.name),ListItem.Label) + Skin.HasSetting(menucolor.name.preset)]] + !StringCompare(ListItem.Label,FF000000)</visible>
						</control>
						<control type="label">
							<width>123</width>
							<height>123</height>
							<align>center</align>
							<aligny>center</aligny>
							<font>IconMedium</font>
							<textcolor>AAffffff</textcolor>
							<label>✓</label>
							<visible>[[StringCompare(Skin.String(ColorCustomizer),highlightcolor.name) + StringCompare(Skin.String(highlightcolor.name),ListItem.Label) + Skin.HasSetting(highlightcolor.name.preset)] | [StringCompare(Skin.String(ColorCustomizer),backgroundcolor.name) + StringCompare(Skin.String(backgroundcolor.name),ListItem.Label) + Skin.HasSetting(backgroundcolor.name.preset)] | [StringCompare(Skin.String(ColorCustomizer),dialogcolor.name) + StringCompare(Skin.String(dialogcolor.name),ListItem.Label) + Skin.HasSetting(dialogcolor.name.preset)] | [StringCompare(Skin.String(ColorCustomizer),textcolor.name) + StringCompare(Skin.String(textcolor.name),ListItem.Label) + Skin.HasSetting(textcolor.name.preset)] | [StringCompare(Skin.String(ColorCustomizer),menucolor.name) + StringCompare(Skin.String(menucolor.name),ListItem.Label) + Skin.HasSetting(menucolor.name.preset)]] + StringCompare(ListItem.Label,FF000000)</visible>
						</control>
					</control>
				</focusedlayout>
				<content>
					<item id="1"> <!--red 1 -->
						<onclick>Skin.SetString($INFO[Skin.String(ColorCustomizer)],FFAC3832)</onclick>
						<onclick>Skin.SetBool($INFO[Skin.String(ColorCustomizer)].preset)</onclick>
						<thumb>colors/FFAC3832.png</thumb>
						<label>FFAC3832</label>
					</item>
					<item id="2"> <!--red 2 -->
						<onclick>Skin.SetString($INFO[Skin.String(ColorCustomizer)],FFFA443B)</onclick>
						<onclick>Skin.SetBool($INFO[Skin.String(ColorCustomizer)].preset)</onclick>
						<thumb>colors/FFFA443B.png</thumb>
						<label>FFFA443B</label>
					</item>
					<item id="3"> <!--red 3 -->
						<onclick>Skin.SetString($INFO[Skin.String(ColorCustomizer)],FFF86B64)</onclick>
						<onclick>Skin.SetBool($INFO[Skin.String(ColorCustomizer)].preset)</onclick>
						<thumb>colors/FFF86B64.png</thumb>
						<label>FFF86B64</label>
					</item>
					<item id="4"> <!--red 4 -->
						<onclick>Skin.SetString($INFO[Skin.String(ColorCustomizer)],FFF9ADAA)</onclick>
						<onclick>Skin.SetBool($INFO[Skin.String(ColorCustomizer)].preset)</onclick>
						<thumb>colors/FFF9ADAA.png</thumb>
						<label>FFF9ADAA</label>
					</item>
					<item id="5"> <!--black -->
						<onclick>Skin.SetString($INFO[Skin.String(ColorCustomizer)],FF000000)</onclick>
						<onclick>Skin.SetBool($INFO[Skin.String(ColorCustomizer)].preset)</onclick>
						<thumb>colors/FF000000.png</thumb>
						<label>FF000000</label>
					</item>
					<item id="6"> <!--orange 1 -->
						<onclick>Skin.SetString($INFO[Skin.String(ColorCustomizer)],FFB78538)</onclick>
						<onclick>Skin.SetBool($INFO[Skin.String(ColorCustomizer)].preset)</onclick>
						<thumb>colors/FFB78538.png</thumb>
						<label>FFB78538</label>
					</item>
					<item id="7"> <!--orange 2 -->
						<onclick>Skin.SetString($INFO[Skin.String(ColorCustomizer)],FFFF9845)</onclick>
						<onclick>Skin.SetBool($INFO[Skin.String(ColorCustomizer)].preset)</onclick>
						<thumb>colors/FFFF9845.png</thumb>
						<label>FFFF9845</label>
					</item>
					<item id="8"> <!--orange 3 -->
						<onclick>Skin.SetString($INFO[Skin.String(ColorCustomizer)],FFFFAF51)</onclick>
						<onclick>Skin.SetBool($INFO[Skin.String(ColorCustomizer)].preset)</onclick>
						<thumb>colors/FFFFAF51.png</thumb>
						<label>FFFFAF51</label>
					</item>
					<item id="9"> <!--orange 4 -->
						<onclick>Skin.SetString($INFO[Skin.String(ColorCustomizer)],FFFFD39F)</onclick>
						<onclick>Skin.SetBool($INFO[Skin.String(ColorCustomizer)].preset)</onclick>
						<thumb>colors/FFFFD39F.png</thumb>
						<label>FFFFD39F</label>
					</item>
					<item id="10"> <!--grey 1 -->
						<onclick>Skin.SetString($INFO[Skin.String(ColorCustomizer)],FF222222)</onclick>
						<onclick>Skin.SetBool($INFO[Skin.String(ColorCustomizer)].preset)</onclick>
						<thumb>colors/FF222222.png</thumb>
						<label>FF222222</label>
					</item>
					<item id="11"> <!--yellow 1 -->
						<onclick>Skin.SetString($INFO[Skin.String(ColorCustomizer)],FFB3AA3F)</onclick>
						<onclick>Skin.SetBool($INFO[Skin.String(ColorCustomizer)].preset)</onclick>
						<thumb>colors/FFB3AA3F.png</thumb>
						<label>FFB3AA3F</label>
					</item>
					<item id="12"> <!--yellow 2 -->
						<onclick>Skin.SetString($INFO[Skin.String(ColorCustomizer)],FFECE351)</onclick>
						<onclick>Skin.SetBool($INFO[Skin.String(ColorCustomizer)].preset)</onclick>
						<thumb>colors/FFECE351.png</thumb>
						<label>FFECE351</label>
					</item>
					<item id="13"> <!--yellow 3 -->
						<onclick>Skin.SetString($INFO[Skin.String(ColorCustomizer)],FFFFF65F)</onclick>
						<onclick>Skin.SetBool($INFO[Skin.String(ColorCustomizer)].preset)</onclick>
						<thumb>colors/FFFFF65F.png</thumb>
						<label>FFFFF65F</label>
					</item>
					<item id="14"> <!--yellow 4 -->
						<onclick>Skin.SetString($INFO[Skin.String(ColorCustomizer)],FFFFF9A5)</onclick>
						<onclick>Skin.SetBool($INFO[Skin.String(ColorCustomizer)].preset)</onclick>
						<thumb>colors/FFFFF9A5.png</thumb>
						<label>FFFFF9A5</label>
					</item>
					<item id="15"> <!--grey 2 -->
						<onclick>Skin.SetString($INFO[Skin.String(ColorCustomizer)],FF444444)</onclick>
						<onclick>Skin.SetBool($INFO[Skin.String(ColorCustomizer)].preset)</onclick>
						<thumb>colors/FF444444.png</thumb>
						<label>FF444444</label>
					</item>
					<item id="16"> <!--yellow-green 1 -->
						<onclick>Skin.SetString($INFO[Skin.String(ColorCustomizer)],FF659247)</onclick>
						<onclick>Skin.SetBool($INFO[Skin.String(ColorCustomizer)].preset)</onclick>
						<thumb>colors/FF659247.png</thumb>
						<label>FF659247</label>
					</item>
					<item id="17"> <!--yellow-green 2 -->
						<onclick>Skin.SetString($INFO[Skin.String(ColorCustomizer)],FF8DD45D)</onclick>
						<onclick>Skin.SetBool($INFO[Skin.String(ColorCustomizer)].preset)</onclick>
						<thumb>colors/FF8DD45D.png</thumb>
						<label>FF8DD45D</label>
					</item>
					<item id="18"> <!--yellow-green 3 -->
						<onclick>Skin.SetString($INFO[Skin.String(ColorCustomizer)],FFA5DC7E)</onclick>
						<onclick>Skin.SetBool($INFO[Skin.String(ColorCustomizer)].preset)</onclick>
						<thumb>colors/FFA5DC7E.png</thumb>
						<label>FFA5DC7E</label>
					</item>
					<item id="19"> <!--yellow-green 4 -->
						<onclick>Skin.SetString($INFO[Skin.String(ColorCustomizer)],FFCBEAB8)</onclick>
						<onclick>Skin.SetBool($INFO[Skin.String(ColorCustomizer)].preset)</onclick>
						<thumb>colors/FFCBEAB8.png</thumb>
						<label>FFCBEAB8</label>
					</item>
					<item id="20"> <!--grey 3 -->
						<onclick>Skin.SetString($INFO[Skin.String(ColorCustomizer)],FF666666)</onclick>
						<onclick>Skin.SetBool($INFO[Skin.String(ColorCustomizer)].preset)</onclick>
						<thumb>colors/FF666666.png</thumb>
						<label>FF666666</label>
					</item>
					<item id="21"> <!--green 1 -->
						<onclick>Skin.SetString($INFO[Skin.String(ColorCustomizer)],FF48885D)</onclick>
						<onclick>Skin.SetBool($INFO[Skin.String(ColorCustomizer)].preset)</onclick>
						<thumb>colors/FF48885D.png</thumb>
						<label>FF48885D</label>
					</item>
					<item id="22"> <!--green 2 -->
						<onclick>Skin.SetString($INFO[Skin.String(ColorCustomizer)],FF5FC27D)</onclick>
						<onclick>Skin.SetBool($INFO[Skin.String(ColorCustomizer)].preset)</onclick>
						<thumb>colors/FF5FC27D.png</thumb>
						<label>FF5FC27D</label>
					</item>
					<item id="23"> <!--green 3 -->
						<onclick>Skin.SetString($INFO[Skin.String(ColorCustomizer)],FF80CE98)</onclick>
						<onclick>Skin.SetBool($INFO[Skin.String(ColorCustomizer)].preset)</onclick>
						<thumb>colors/FF80CE98.png</thumb>
						<label>FF80CE98</label>
					</item>
					<item id="24"> <!--green 4 -->
						<onclick>Skin.SetString($INFO[Skin.String(ColorCustomizer)],FFB9E4C8)</onclick>
						<onclick>Skin.SetBool($INFO[Skin.String(ColorCustomizer)].preset)</onclick>
						<thumb>colors/FFB9E4C8.png</thumb>
						<label>FFB9E4C8</label>
					</item>
					<item id="25"> <!--grey 4 -->
						<onclick>Skin.SetString($INFO[Skin.String(ColorCustomizer)],FF888888)</onclick>
						<onclick>Skin.SetBool($INFO[Skin.String(ColorCustomizer)].preset)</onclick>
						<thumb>colors/FF888888.png</thumb>
						<label>FF888888</label>
					</item>
					<item id="27"> <!--aqua 1 -->
						<onclick>Skin.SetString($INFO[Skin.String(ColorCustomizer)],FF488B8E)</onclick>
						<onclick>Skin.SetBool($INFO[Skin.String(ColorCustomizer)].preset)</onclick>
						<thumb>colors/FF488B8E.png</thumb>
						<label>FF488B8E</label>
					</item>
					<item id="28"> <!--aqua 2 -->
						<onclick>Skin.SetString($INFO[Skin.String(ColorCustomizer)],FF61CACE)</onclick>
						<onclick>Skin.SetBool($INFO[Skin.String(ColorCustomizer)].preset)</onclick>
						<thumb>colors/FF61CACE.png</thumb>
						<label>FF61CACE</label>
					</item>
					<item id="29"> <!--aqua 3 -->
						<onclick>Skin.SetString($INFO[Skin.String(ColorCustomizer)],FF83D4D7)</onclick>
						<onclick>Skin.SetBool($INFO[Skin.String(ColorCustomizer)].preset)</onclick>
						<thumb>colors/FF83D4D7.png</thumb>
						<label>FF83D4D7</label>
					</item>
					<item id="31"> <!--aqua 4 -->
						<onclick>Skin.SetString($INFO[Skin.String(ColorCustomizer)],FFB9E7E9)</onclick>
						<onclick>Skin.SetBool($INFO[Skin.String(ColorCustomizer)].preset)</onclick>
						<thumb>colors/FFB9E7E9.png</thumb>
						<label>FFB9E7E9</label>
					</item>
					<item id="30"> <!--grey 5 -->
						<onclick>Skin.SetString($INFO[Skin.String(ColorCustomizer)],FFAAAAAA)</onclick>
						<onclick>Skin.SetBool($INFO[Skin.String(ColorCustomizer)].preset)</onclick>
						<thumb>colors/FFAAAAAA.png</thumb>
						<label>FFAAAAAA</label>
					</item>
					<item id="32"> <!--blue 1 -->
						<onclick>Skin.SetString($INFO[Skin.String(ColorCustomizer)],FF326492)</onclick>
						<onclick>Skin.SetBool($INFO[Skin.String(ColorCustomizer)].preset)</onclick>
						<thumb>colors/FF326492.png</thumb>
						<label>FF326492</label>
					</item>
					<item id="33"> <!--blue 2 -->
						<onclick>Skin.SetString($INFO[Skin.String(ColorCustomizer)],FF3989D3)</onclick>
						<onclick>Skin.SetBool($INFO[Skin.String(ColorCustomizer)].preset)</onclick>
						<thumb>colors/FF3989D3.png</thumb>
						<label>FF3989D3</label>
					</item>
					<item id="34"> <!--blue 3 -->
						<onclick>Skin.SetString($INFO[Skin.String(ColorCustomizer)],FF63A2DC)</onclick>
						<onclick>Skin.SetBool($INFO[Skin.String(ColorCustomizer)].preset)</onclick>
						<thumb>colors/FF63A2DC.png</thumb>
						<label>FF63A2DC</label>
					</item>
					<item id="35"> <!--blue 4 -->
						<onclick>Skin.SetString($INFO[Skin.String(ColorCustomizer)],FFAACBEC)</onclick>
						<onclick>Skin.SetBool($INFO[Skin.String(ColorCustomizer)].preset)</onclick>
						<thumb>colors/FFAACBEC.png</thumb>
						<label>FFAACBEC</label>
					</item>
					<item id="36"> <!--grey 6 -->
						<onclick>Skin.SetString($INFO[Skin.String(ColorCustomizer)],FFCCCCCC)</onclick>
						<onclick>Skin.SetBool($INFO[Skin.String(ColorCustomizer)].preset)</onclick>
						<thumb>colors/FFCCCCCC.png</thumb>
						<label>FFCCCCCC</label>
					</item>
					<item id="37"> <!--purple 1 -->
						<onclick>Skin.SetString($INFO[Skin.String(ColorCustomizer)],FF5E3F7A)</onclick>
						<onclick>Skin.SetBool($INFO[Skin.String(ColorCustomizer)].preset)</onclick>
						<thumb>colors/FF5E3F7A.png</thumb>
						<label>FF5E3F7A</label>
					</item>
					<item id="38"> <!--purple 2 -->
						<onclick>Skin.SetString($INFO[Skin.String(ColorCustomizer)],FF7F50AB)</onclick>
						<onclick>Skin.SetBool($INFO[Skin.String(ColorCustomizer)].preset)</onclick>
						<thumb>colors/FF7F50AB.png</thumb>
						<label>FF7F50AB</label>
					</item>					
					<item id="39"> <!--purple 3 -->
						<onclick>Skin.SetString($INFO[Skin.String(ColorCustomizer)],FF9975BD)</onclick>
						<onclick>Skin.SetBool($INFO[Skin.String(ColorCustomizer)].preset)</onclick>
						<thumb>colors/FF9975BD.png</thumb>
						<label>FF9975BD</label>
					</item>
					<item id="41"> <!--purple 4 -->
						<onclick>Skin.SetString($INFO[Skin.String(ColorCustomizer)],FFC7B2DA)</onclick>
						<onclick>Skin.SetBool($INFO[Skin.String(ColorCustomizer)].preset)</onclick>
						<thumb>colors/FFC7B2DA.png</thumb>
						<label>FFC7B2DA</label>
					</item>
					<item id="40"> <!--grey 7 -->
						<onclick>Skin.SetString($INFO[Skin.String(ColorCustomizer)],FFEEEEEE)</onclick>
						<onclick>Skin.SetBool($INFO[Skin.String(ColorCustomizer)].preset)</onclick>
						<thumb>colors/FFEEEEEE.png</thumb>
						<label>FFEEEEEE</label>
					</item>
					<item id="42"> <!--violet 1 -->
						<onclick>Skin.SetString($INFO[Skin.String(ColorCustomizer)],FF883C77)</onclick>
						<onclick>Skin.SetBool($INFO[Skin.String(ColorCustomizer)].preset)</onclick>
						<thumb>colors/FF883C77.png</thumb>
						<label>FF883C77</label>
					</item>
					<item id="43"> <!--violet 2 -->
						<onclick>Skin.SetString($INFO[Skin.String(ColorCustomizer)],FFC24BA9)</onclick>
						<onclick>Skin.SetBool($INFO[Skin.String(ColorCustomizer)].preset)</onclick>
						<thumb>colors/FFC24BA9.png</thumb>
						<label>FFC24BA9</label>
					</item>
					<item id="44"> <!--violet 3 -->
						<onclick>Skin.SetString($INFO[Skin.String(ColorCustomizer)],FFCE72BA)</onclick>
						<onclick>Skin.SetBool($INFO[Skin.String(ColorCustomizer)].preset)</onclick>
						<thumb>colors/FFCE72BA.png</thumb>
						<label>FFCE72BA</label>
					</item>
					<item id="18"> <!--violet 4 -->
						<onclick>Skin.SetString($INFO[Skin.String(ColorCustomizer)],FFE3B0D9)</onclick>
						<onclick>Skin.SetBool($INFO[Skin.String(ColorCustomizer)].preset)</onclick>
						<thumb>colors/FFE3B0D9.png</thumb>
						<label>FFE3B0D9</label>
					</item>
					<item id="45"> <!--white -->
						<onclick>Skin.SetString($INFO[Skin.String(ColorCustomizer)],FFFFFFFF)</onclick>
						<onclick>Skin.SetBool($INFO[Skin.String(ColorCustomizer)].preset)</onclick>
						<thumb>colors/FFFFFFFF.png</thumb>
						<label>FFFFFFFF</label>
					</item>
				</content>
			</control>
			<control type="group">
				<top>760</top>
				<left>37</left>
				<control type="button" id="165">
					<onup>100</onup>
					<ondown>100</ondown>
					<label>[UPPERCASE]$VAR[CustomColorVar][/UPPERCASE]</label>
					<textoffsetx>15</textoffsetx>
					<width>253</width>
					<height>60</height>
					<onclick>Skin.Reset($INFO[Skin.String(ColorCustomizer)].preset)</onclick>
					<onclick>Skin.SetString($INFO[Skin.String(ColorCustomizer)])</onclick>
				</control>
				<control type="image">
					<left>260</left>
					<width>60</width>
					<height>60</height>
					<texture>colors/FFeeeeee.png</texture>
					<colordiffuse>$VAR[CustomColorVar]</colordiffuse>
				</control>
				<control type="label">
					<left>260</left>
					<width>60</width>
					<height>58</height>
					<align>center</align>
					<aligny>center</aligny>
					<font>IconMedium</font>
					<textcolor>shadow</textcolor>
					<label>✓</label>
					<visible>[StringCompare(Skin.String(ColorCustomizer),highlightcolor.name) + !Skin.HasSetting(highlightcolor.name.preset) + Skin.String(highlightcolor.name)] | [StringCompare(Skin.String(ColorCustomizer),backgroundcolor.name) + !Skin.HasSetting(backgroundcolor.name.preset) + Skin.String(backgroundcolor.name)] | [StringCompare(Skin.String(ColorCustomizer),dialogcolor.name) + !Skin.HasSetting(dialogcolor.name.preset) + Skin.String(dialogcolor.name)] | [StringCompare(Skin.String(ColorCustomizer),textcolor.name) + !Skin.HasSetting(textcolor.name.preset) + Skin.String(textcolor.name)] | [StringCompare(Skin.String(ColorCustomizer),menucolor.name) + !Skin.HasSetting(menucolor.name.preset) + Skin.String(menucolor.name)]</visible>
				</control>
				<control type="label">
					<label>31139</label>
					<left>350</left>
					<width>700</width>
					<height>60</height>
					<aligny>center</aligny>
					<textcolor>$VAR[ColorHighlightVar]</textcolor>
					<visible>Control.HasFocus(165)</visible>
				</control>
			</control>
		</control>
	</controls>
</window>