<?xml version="1.0" encoding="UTF-8"?>
<window>
	<defaultcontrol>450</defaultcontrol>
	<include>dialogeffect</include>
	<coordinates>
		<system>1</system>
		<left>457</left>
		<top>240</top>
	</coordinates>
	<include>dialogeffect</include>
	<controls>
		<include name="DialogBackgroundCommons">
			<param name="DialogBackgroundWidth" value="1006" />
			<param name="DialogBackgroundHeight" value="600" />
			<param name="DialogHeaderLabel" value="$LOCALIZE[31060]" />
			<param name="DialogHeaderId" value="" />
		</include>
		<control type="list" id="450">
			<left>32</left>
			<top>88</top>
			<width>946</width>
			<height>480</height>
			<onup>450</onup>
			<ondown>450</ondown>
			<onleft>450</onleft>
			<onright>450</onright>
			<pagecontrol>60</pagecontrol>
			<scrolltime tween="quadratic" easing="out">200</scrolltime>
			<itemlayout height="60" width="942">
				<control type="label">
					<width>942</width>
					<height>60</height>
					<font>font14</font>
					<textoffsetx>15</textoffsetx>
					<textcolor>$VAR[ColorTextVar]</textcolor>
					<selectedcolor>$VAR[ColorHighlightVar]</selectedcolor>
					<align>left</align>
					<aligny>center</aligny>
					<label>$INFO[ListItem.Label]</label>
				</control>
				<control type="label">
					<width>942</width>
					<height>60</height>
					<font>font14</font>
					<textoffsetx>15</textoffsetx>
					<textcolor>$VAR[ColorTextVar]</textcolor>
					<selectedcolor>$VAR[ColorHighlightVar]</selectedcolor>
					<align>right</align>
					<label>$INFO[ListItem.Label2]</label>
				</control>
			</itemlayout>
			<focusedlayout height="60" width="942">
				<control type="image">
					<left>1</left>
					<width>942</width>
					<height>60</height>
					<texture border="5">listselect_fo.png</texture> 
					<colordiffuse>$VAR[ColorHighlightVar]</colordiffuse>
					<visible>Control.HasFocus(450)</visible>
					<include>VisibleFadeEffect</include>
				</control>
				<control type="label">
					<width>942</width>
					<height>60</height>
					<font>font14</font>
					<textoffsetx>15</textoffsetx>
					<textcolor>$VAR[ColorTextVar]</textcolor>
					<selectedcolor>$VAR[ColorHighlightVar]</selectedcolor>
					<align>left</align>
					<aligny>center</aligny>
					<label>$INFO[ListItem.Label]</label>
					<animation effect="fade" start="100" end="70" time="300" tween="sine" easing="inout" condition="!Control.HasFocus(450)">Conditional</animation>
				</control>
				<control type="label">
					<width>942</width>
					<height>60</height>
					<font>font14</font>
					<textoffsetx>15</textoffsetx>
					<textcolor>$VAR[ColorTextVar]</textcolor>
					<selectedcolor>$VAR[ColorHighlightVar]</selectedcolor>
					<align>right</align>
					<label>$INFO[ListItem.Label2]</label>
					<animation effect="fade" start="100" end="70" time="300" tween="sine" easing="inout" condition="!Control.HasFocus(450)">Conditional</animation>
				</control>
			</focusedlayout>
		</control>
	</controls>
</window>