<?xml version="1.0" encoding="UTF-8"?>
<window>
	<defaultcontrol always="true">20</defaultcontrol>
	<coordinates>
		<system>1</system>
		<left>199</left>
		<top>240</top>
	</coordinates>
	<include>dialogeffect</include>
	<controls>
		<control type="group">
			<include name="DialogBackgroundCommons">
				<param name="DialogBackgroundWidth" value="1522" />
				<param name="DialogBackgroundHeight" value="600" />
				<param name="DialogHeaderLabel" value="$LOCALIZE[35000]" />
				<param name="DialogHeaderId" value="1" />
			</include>
			<control type="list" id="20">
				<left>31</left>
				<top>88</top>
				<width>1138</width>
				<height>480</height>
				<onup>20</onup>
				<ondown>20</ondown>
				<onleft>10</onleft>
				<onright>61</onright>
				<pagecontrol>61</pagecontrol>
				<scrolltime tween="quadratic" easing="out">200</scrolltime>
				<itemlayout height="120" width="1138">
					<control type="label">
						<left>0</left>
						<top>5</top>
						<width>1138</width>
						<height>50</height>
						<font>font14</font>
						<textoffsetx>15</textoffsetx>
						<textcolor>$VAR[ColorTextVar]</textcolor>
						<selectedcolor>$VAR[ColorHighlightVar]</selectedcolor>
						<label>$INFO[ListItem.Label]</label>
					</control>
					<control type="label">
						<left>0</left>
						<top>60</top>
						<width>1138</width>
						<height>50</height>
						<font>font14</font>
						<textoffsetx>15</textoffsetx>
						<textcolor>$VAR[ColorHighlightVar]</textcolor>
						<selectedcolor>$VAR[ColorHighlightVar]</selectedcolor>
						<label>$INFO[ListItem.Property(Product),$LOCALIZE[35504]: ]$INFO[ListItem.Property(Vendor),$LOCALIZE[35503]: ]$INFO[ListItem.Property(Class),$LOCALIZE[35501]: ]$INFO[ListItem.Property(Version),$LOCALIZE[19114]: ]</label>
					</control>
				</itemlayout>
				<focusedlayout height="120" width="1138">
					<control type="image">
						<width>1138</width>
						<height>120</height>
						<texture border="5">listselect_fo.png</texture>
						<colordiffuse>$VAR[ColorHighlightVar]</colordiffuse>
						<visible>Control.HasFocus(20)</visible>
						<include>VisibleFadeEffect</include>
					</control>
					<control type="label">
						<top>5</top>
						<width>1138</width>
						<height>50</height>
						<font>font14</font>
						<textoffsetx>15</textoffsetx>
						<textcolor>$VAR[ColorTextVar]</textcolor>
						<selectedcolor>$VAR[ColorHighlightVar]</selectedcolor>
						<label>$INFO[ListItem.Label]</label>
						<animation effect="fade" start="100" end="70" time="300" tween="sine" easing="inout" condition="!Control.HasFocus(20)">Conditional</animation>
					</control>
					<control type="label">
						<top>60</top>
						<width>1138</width>
						<height>50</height>
						<font>font14</font>
						<textoffsetx>15</textoffsetx>
						<textcolor>$VAR[ColorTextVar]</textcolor>
						<selectedcolor>$VAR[ColorHighlightVar]</selectedcolor>
						<label>$INFO[ListItem.Property(Product),$LOCALIZE[35504]: ]$INFO[ListItem.Property(Vendor),$LOCALIZE[35503]: ]$INFO[ListItem.Property(Class),$LOCALIZE[35501]: ]$INFO[ListItem.Property(Version),$LOCALIZE[19114]: ]</label>
						<animation effect="fade" start="100" end="70" time="300" tween="sine" easing="inout" condition="!Control.HasFocus(20)">Conditional</animation>
					</control>
				</focusedlayout>
			</control>
			<control type="scrollbar" id="61">
				<left>1170</left>
				<top>88</top>
				<width>8</width>
				<height>480</height>
				<onleft>20</onleft>
				<onright>10</onright>
				<ondown>61</ondown>
				<onup>61</onup>
				<orientation>vertical</orientation>
			</control>
			<control type="group">
				<left>1182</left>
				<top>88</top>
				<control type="grouplist" id="9001">
					<onup>9001</onup>
					<onleft>61</onleft>
					<onright>20</onright>
					<ondown>9001</ondown>
					<control type="button" id="10">
						<description>Ok Button</description>
						<width>310</width>
						<align>left</align>
						<textcolor>$VAR[ColorTextVar]</textcolor>
						<focusedcolor>$VAR[ColorTextVar]</focusedcolor>
						<label>186</label>
						<font>font15</font>
					</control>
				</control>
			</control>
		</control>
	</controls>
</window>