<?xml version="1.0" encoding="UTF-8"?>
<window>
	<zorder>2</zorder>
	<coordinates>
		<left>1090</left>
		<top>75</top>
	</coordinates>
	<include>Animation_DialogPopup</include>
	<controls>
		<control type="group">
			<visible>!Window.IsActive(fullscreenvideo) + !Window.IsActive(visualisation)</visible>
			<animation effect="slide" time="0" tween="cubic" easing="out" start="0,0" end="0,77" condition="Skin.HasSetting(Enable.HomeTopMenu) + Window.IsActive(Home)">Conditional</animation>
			<animation effect="slide" time="300" tween="cubic" easing="out" start="0,0" end="0,-45" condition="Skin.HasSetting(Enable.HomeVerticalMenu) + Window.IsActive(Home)">Conditional</animation>
			<control type="image">
				<description>background image</description>
				<left>0</left>
				<top>0</top>
				<width>800</width>
				<height>166</height>
				<texture border="12">dialog_context.png</texture>
				<colordiffuse>$VAR[ColorDialogVar]</colordiffuse>
			</control>
			<control type="progress" id="32">
				<description>progress control</description>
				<left>32</left>
				<top>33</top>
				<width>738</width>
				<height>100</height>
			</control>
			<control type="label">
				<description>Header Label</description>
				<left>0</left>
				<top>32</top>
				<width>800</width>
				<height>50</height>
				<font>font13</font>
				<textcolor>$VAR[ColorTextVar]</textcolor>
				<textoffsetx>50</textoffsetx>
				<align>left</align>
				<aligny>center</aligny>
				<label>$INFO[Control.GetLabel(30)]$INFO[Control.GetLabel(32),: ,%]</label>
			</control>
			<control type="label" id="31">
				<description>Title Label</description>
				<left>0</left>
				<top>82</top>
				<width>800</width>
				<height>50</height>
				<font>font13</font>
				<textcolor>$VAR[ColorTextVar]</textcolor>
				<align>left</align>
				<aligny>center</aligny>
				<textoffsetx>50</textoffsetx>
			</control>
			<control type="label" id="30">
				<description>Header Label</description>
				<include>HiddenObject</include>
			</control>
		</control>
	</controls>
</window>