<?xml version="1.0" encoding="UTF-8"?>
<window>
	<defaultcontrol always="true">10</defaultcontrol>
	<coordinates>
		<system>1</system>
		<left>502</left>
		<top>293</top>
	</coordinates>
	<zorder>3</zorder>
	<include>dialogeffect</include>
	<controls>
		<include name="DialogBackgroundCommons">
			<param name="DialogBackgroundWidth" value="916" />
			<param name="DialogBackgroundHeight" value="494" />
			<param name="DialogHeaderLabel" value="$LOCALIZE[13406]" />
			<param name="DialogHeaderId" value="1" />
		</include>
		<control type="textbox" id="9">
			<description>dialog line 1/2/3</description>
			<left>45</left>
			<top>98</top>
			<width>825</width>
			<height>282</height>
			<font>font15_textbox</font>
			<align>left</align>
			<label>-</label>
			<textcolor>$VAR[ColorTextVar]</textcolor>
			<autoscroll time="3000" delay="4000" repeat="5000">true</autoscroll>
		</control>
		<control type="button" id="11">
			<description>Yes button</description>
			<left>30</left>
			<top>402</top>
			<width>421</width>
			<height>60</height>
			<label>107</label>
			<font>font15_title</font>
			<textcolor>$VAR[ColorTextVar]</textcolor>
			<focusedcolor>$VAR[ColorTextVar]</focusedcolor>
			<align>center</align>
			<onleft>10</onleft>
			<onright>10</onright>
			<onup>11</onup>
			<ondown>11</ondown>
			<texturefocus>listselect_fo.png</texturefocus>
		</control>
		<control type="button" id="10">
			<description>No button</description>
			<left>465</left>
			<top>402</top>
			<width>421</width>
			<height>60</height>
			<label>106</label>
			<font>font15_title</font>
			<textcolor>$VAR[ColorTextVar]</textcolor>
			<focusedcolor>$VAR[ColorTextVar]</focusedcolor>
			<align>center</align>
			<onleft>11</onleft>
			<onright>11</onright>
			<onup>10</onup>
			<ondown>10</ondown>
			<texturefocus>listselect_fo.png</texturefocus>
		</control>
	</controls>
</window>