<?xml version="1.0" encoding="UTF-8"?>
<window>
	<zorder>2</zorder>
	<coordinates>
		<left>1090</left>
		<top>75</top>
	</coordinates>
	<include>Animation_DialogPopup</include>
	<controls>
		<control type="group">
			<animation effect="slide" time="0" tween="cubic" easing="out" start="0,0" end="0,77" condition="Skin.HasSetting(Enable.HomeTopMenu) + Window.IsActive(Home)">Conditional</animation>
			<animation effect="slide" time="0" tween="cubic" easing="out" start="0,0" end="0,-45" condition="Skin.HasSetting(Enable.HomeVerticalMenu) + Window.IsActive(Home)">Conditional</animation>
			<control type="image">
				<description>background image</description>
				<left>0</left>
				<top>0</top>
				<width>800</width>
				<height>166</height>
				<texture border="12">dialog_context.png</texture>
				<colordiffuse>$VAR[ColorDialogVar]</colordiffuse>
			</control>
			<control type="image" id="400">
				<description>avatar</description>
				<left>30</left>
				<top>34</top>
				<width>100</width>
				<height>100</height>
				<bordersize>1</bordersize>
				<aspectratio>keep</aspectratio>
				<texture>DefaultFile.png</texture>
			</control>
			<control type="fadelabel" id="401">
				<description>Line 1 Label</description>
				<left>140</left>
				<top>34</top>
				<width>606</width>
				<height>50</height>
				<font>font15_title</font>
				<textoffsetx>15</textoffsetx>
				<textcolor>$VAR[ColorHighlightVar]</textcolor>
				<align>left</align>
				<aligny>center</aligny>
				<scrollout>false</scrollout>
				<pauseatend>2000</pauseatend>
			</control>
			<control type="fadelabel" id="402">
				<description>Line 2 Label</description>
				<left>140</left>
				<top>84</top>
				<width>606</width>
				<height>30</height>
				<font>font15</font>
				<textoffsetx>15</textoffsetx>
				<textcolor>$VAR[ColorTextVar]</textcolor>
				<align>left</align>
				<aligny>center</aligny>
				<scrollout>false</scrollout>
				<pauseatend>2000</pauseatend>
			</control>
			<control type="image" id="403">
				<description>avatar</description>
				<left>30</left>
				<top>34</top>
				<width>100</width>
				<height>100</height>
				<bordersize>1</bordersize>
				<aspectratio>keep</aspectratio>
				<visible>false</visible>
				<texture>DefaultIconInfo.png</texture>
			</control>
			<control type="image" id="404">
				<description>avatar</description>
				<left>30</left>
				<top>34</top>
				<width>100</width>
				<height>100</height>
				<bordersize>1</bordersize>
				<aspectratio>keep</aspectratio>
				<visible>false</visible>
				<texture>DefaultIconWarning.png</texture>
			</control>
			<control type="image" id="405">
				<description>avatar</description>
				<left>30</left>
				<top>34</top>
				<width>100</width>
				<height>100</height>
				<bordersize>1</bordersize>
				<aspectratio>keep</aspectratio>
				<visible>false</visible>
				<texture>DefaultIconError.png</texture>
			</control>
		</control>
	</controls>
</window>