<?xml version="1.0" encoding="UTF-8"?>
<window>
	<defaultcontrol always="true">1</defaultcontrol>
	<coordinates>
		<system>1</system>
		<left>502</left>
		<top>293</top>
	</coordinates>
	<include>dialogeffect</include>
	<controls>
		<include name="DialogBackgroundCommons">
			<param name="DialogBackgroundWidth" value="916" />
			<param name="DialogBackgroundHeight" value="494" />
			<param name="DialogHeaderLabel" value="$LOCALIZE[13406]" />
			<param name="DialogHeaderId" value="1" />
		</include>
		<control type="label" id="2">
			<description>dialog line 1</description>
			<left>45</left>
			<top>98</top>
			<width>825</width>
			<height>94</height>
			<font>font15</font>
			<align>left</align>
			<label>-</label>
			<textcolor>$VAR[ColorTextVar]</textcolor>
		</control>
		<control type="label" id="3">
			<description>dialog line 2</description>
			<left>45</left>
			<top>192</top>
			<width>825</width>
			<height>94</height>
			<font>font15</font>
			<align>left</align>
			<label>-</label>
			<textcolor>$VAR[ColorTextVar]</textcolor>
		</control>
		<control type="label" id="4">
			<description>dialog line 3</description>
			<left>45</left>
			<top>286</top>
			<width>825</width>
			<height>94</height>
			<font>font15</font>
			<align>left</align>
			<label>-</label>
			<textcolor>$VAR[ColorTextVar]</textcolor>
		</control>
	</controls>
</window>