<?xml version="1.0" encoding="UTF-8"?>
<window type="dialog">
	<include>dialogeffect</include>
	<coordinates>
		<system>1</system>
		<left>622</left>
		<top>412</top>
	</coordinates>
	<controls>
		<control type="group">
			<include name="DialogBackgroundCommons">
				<param name="DialogBackgroundWidth" value="675" />
				<param name="DialogBackgroundHeight" value="255" />
				<param name="DialogHeaderLabel" value="$LOCALIZE[31321]" />
				<param name="DialogHeaderId" value="1" />
			</include>
			<control type="label" id="401">
				<description>Song Number Label</description>
				<left>45</left>
				<top>105</top>
				<width>585</width>
				<height>45</height>
				<font>font28_title</font>
				<textcolor>$VAR[ColorTextVar]</textcolor>
				<align>center</align>
				<aligny>center</aligny>
			</control>
			<control type="label" id="402">
				<description>Song Name Label</description>
				<left>45</left>
				<top>180</top>
				<width>585</width>
				<height>30</height>
				<font>font15</font>
				<align>center</align>
				<aligny>center</aligny>
				<textcolor>$VAR[ColorHighlightVar]</textcolor>
				<scroll>true</scroll>
			</control>
		</control>
	</controls>
</window>