<?xml version="1.0" encoding="UTF-8"?>
<window>
	<defaultcontrol>20</defaultcontrol>
	<allowoverlay>no</allowoverlay>
	<controls>
		<include>CommonBackground</include>
		<control type="group">
			<left>50</left>
			<top>0</top>
			<include>Window_OpenClose_Animation</include>
			<control type="label" id="101">
				<description>current directory text label</description>
				<left>0</left>
				<top>910</top>
				<width>821</width>
				<height>90</height>
				<font>font16_title</font>
				<textcolor>$VAR[ColorTextVar]</textcolor>
				<textoffsetx>30</textoffsetx>
				<haspath>true</haspath>
			</control>
			<control type="scrollbar" id="30">
				<left>856</left>
				<top>182</top>
				<width>8</width>
				<height>720</height>
				<onleft>31</onleft>
				<onright>20</onright>
				<ondown>20</ondown>
				<onup>20</onup>
				<orientation>vertical</orientation>
			</control>
			<control type="list" id="20">
				<left>32</left>
				<top>182</top>
				<width>821</width>
				<height>720</height>
				<onleft>30</onleft>
				<onright>21</onright>
				<onup>20</onup>
				<ondown>20</ondown>
				<pagecontrol>30</pagecontrol>
				<scrolltime tween="quadratic" easing="out">200</scrolltime>
				<itemlayout height="60" width="821">
					<control type="label">
						<left>0</left>
						<top>0</top>
						<width>630</width>
						<height>60</height>
						<font>font14</font>
						<textoffsetx>15</textoffsetx>
						<textcolor>$VAR[ColorTextVar]</textcolor>
						<selectedcolor>$VAR[ColorHighlightVar]</selectedcolor>
						<label>$INFO[ListItem.Label]</label>
					</control>
					<control type="label">
						<width>821</width>
						<height>60</height>
						<font>font14</font>
						<textoffsetx>15</textoffsetx>
						<textcolor>$VAR[ColorTextVar]</textcolor>
						<selectedcolor>$VAR[ColorHighlightVar]</selectedcolor>
						<align>right</align>
						<label>$INFO[ListItem.Label2]</label>
					</control>
				</itemlayout>
				<focusedlayout height="60" width="821">
					<control type="image">
						<width>821</width>
						<height>60</height>
						<texture border="5">listselect_fo.png</texture>
						<colordiffuse>$VAR[ColorHighlightVar]</colordiffuse>
						<visible>Control.HasFocus(20)</visible>
						<include>VisibleFadeEffect</include>
					</control>
					<control type="label">
						<width>821</width>
						<height>60</height>
						<font>font14</font>
						<textoffsetx>15</textoffsetx>
						<textcolor>$VAR[ColorTextVar]</textcolor>
						<selectedcolor>$VAR[ColorHighlightVar]</selectedcolor>
						<label>$INFO[ListItem.Label]</label>
						<animation effect="fade" start="100" end="70" time="300" tween="sine" easing="inout" condition="!Control.HasFocus(20)">Conditional</animation>
					</control>
					<control type="label">
						<width>821</width>
						<height>60</height>
						<font>font14</font>
						<textoffsetx>15</textoffsetx>
						<textcolor>$VAR[ColorTextVar]</textcolor>
						<selectedcolor>$VAR[ColorHighlightVar]</selectedcolor>
						<align>right</align>
						<label>$INFO[ListItem.Label2]</label>
						<animation effect="fade" start="100" end="70" time="300" tween="sine" easing="inout" condition="!Control.HasFocus(20)">Conditional</animation>
					</control>
				</focusedlayout>
			</control>
		</control>
		<control type="group">
			<left>985</left>
			<top>0</top>
			<include>Window_OpenClose_Animation</include>
			<control type="label" id="102">
				<description>current directory text label</description>
				<left>50</left>
				<top>910</top>
				<width>821</width>
				<height>90</height>
				<font>font16_title</font>
				<align>right</align>
				<textcolor>$VAR[ColorTextVar]</textcolor>
				<textoffsetx>30</textoffsetx>
				<haspath>true</haspath>
			</control>
			<control type="scrollbar" id="31">
				<left>856</left>
				<top>182</top>
				<width>8</width>
				<height>720</height>
				<onleft>21</onleft>
				<onright>30</onright>
				<ondown>21</ondown>
				<onup>21</onup>
				<orientation>vertical</orientation>
			</control>
			<control type="list" id="21">
				<left>32</left>
				<top>182</top>
				<width>821</width>
				<height>720</height>
				<onleft>20</onleft>
				<onright>31</onright>
				<onup>21</onup>
				<ondown>21</ondown>
				<pagecontrol>31</pagecontrol>
				<scrolltime tween="quadratic" easing="out">200</scrolltime>
				<itemlayout height="60" width="821">
					<control type="label">
						<left>0</left>
						<top>0</top>
						<width>630</width>
						<height>60</height>
						<font>font14</font>
						<textoffsetx>15</textoffsetx>
						<textcolor>$VAR[ColorTextVar]</textcolor>
						<selectedcolor>$VAR[ColorHighlightVar]</selectedcolor>
						<label>$INFO[ListItem.Label]</label>
					</control>
					<control type="label">
						<width>821</width>
						<height>60</height>
						<font>font14</font>
						<textoffsetx>15</textoffsetx>
						<textcolor>$VAR[ColorTextVar]</textcolor>
						<selectedcolor>$VAR[ColorHighlightVar]</selectedcolor>
						<align>right</align>
						<label>$INFO[ListItem.Label2]</label>
					</control>
				</itemlayout>
				<focusedlayout height="60" width="821">
					<control type="image">
						<width>821</width>
						<height>60</height>
						<texture border="5">listselect_fo.png</texture>
						<colordiffuse>$VAR[ColorHighlightVar]</colordiffuse>
						<visible>Control.HasFocus(21)</visible>
						<include>VisibleFadeEffect</include>
					</control>
					<control type="label">
						<width>821</width>
						<height>60</height>
						<font>font14</font>
						<textoffsetx>15</textoffsetx>
						<textcolor>$VAR[ColorTextVar]</textcolor>
						<selectedcolor>$VAR[ColorHighlightVar]</selectedcolor>
						<label>$INFO[ListItem.Label]</label>
						<animation effect="fade" start="100" end="70" time="300" tween="sine" easing="inout" condition="!Control.HasFocus(21)">Conditional</animation>
					</control>
					<control type="label">
						<width>821</width>
						<height>60</height>
						<font>font14</font>
						<textoffsetx>15</textoffsetx>
						<textcolor>$VAR[ColorTextVar]</textcolor>
						<selectedcolor>$VAR[ColorHighlightVar]</selectedcolor>
						<align>right</align>
						<label>$INFO[ListItem.Label2]</label>
						<animation effect="fade" start="100" end="70" time="300" tween="sine" easing="inout" condition="!Control.HasFocus(21)">Conditional</animation>
					</control>
				</focusedlayout>
			</control>
		</control>
		<include>Topbar</include>
		<include>Bottombar</include>
		<control type="label">
			<left>1020</left>
			<width>900</width>
			<height>90</height>
			<font>font13_title</font>
			<textoffsetx>15</textoffsetx>
			<textcolor>$VAR[ColorTextVar]</textcolor>
			<align>right</align>
			<aligny>top</aligny>
			<textoffsety>-2</textoffsety>
			<label>$INFO[Container(20).NumItems,, $LOCALIZE[31025]  •  ][COLOR $VAR[ColorHighlightVar]]$INFO[Container(20).CurrentPage]$INFO[Container(20).NumPages,/][/COLOR]</label>
			<animation effect="slide" start="0,-90" end="0,0" delay="800" time="480" condition="Window.Previous(home)">WindowOpen</animation>
			<animation effect="slide" end="0,-90" start="0,0" time="480" condition="Window.Next(home)">WindowClose</animation>
			<visible>Control.HasFocus(20)</visible>
			<include>VisibleFadeEffect</include>
		</control>
		<control type="label">
			<left>1020</left>
			<width>900</width>
			<height>90</height>
			<font>font13_title</font>
			<textoffsetx>15</textoffsetx>
			<textcolor>$VAR[ColorTextVar]</textcolor>
			<align>right</align>
			<aligny>top</aligny>
			<textoffsety>-2</textoffsety>
			<label>$INFO[Container(21).NumItems,, $LOCALIZE[31025]  •  ][COLOR $VAR[ColorHighlightVar]]$INFO[Container(21).CurrentPage]$INFO[Container(21).NumPages,/][/COLOR]</label>
			<animation effect="slide" start="0,-90" end="0,0" delay="800" time="480" condition="Window.Previous(home)">WindowOpen</animation>
			<animation effect="slide" end="0,-90" start="0,0" time="480" condition="Window.Next(home)">WindowClose</animation>
			<visible>Control.HasFocus(21)</visible>
			<include>VisibleFadeEffect</include>
		</control>
	</controls>
</window>