<window>
    <defaultcontrol always="true">21</defaultcontrol>
    <coordinates>
        <system>1</system>
        <left>410</left>
        <top>165</top>
    </coordinates>
    <include>dialogeffect</include>
    <controls>
        <include name="DialogBackgroundCommons">
            <param name="DialogBackgroundWidth" value="1100" />
            <param name="DialogBackgroundHeight" value="750" />
            <param name="DialogHeaderLabel" value="$ADDON[pvr.nextpvr 30100]" />
            <param name="DialogHeaderId" value="" />
        </include>  
        <control type="label" id="20">
            <left>45</left>
            <top>110</top>
            <width>1010</width>
            <height>40</height>
            <font>font14_title</font>
            <align>left</align>
            <aligny>center</aligny>
            <scroll>true</scroll>
            <textcolor>$VAR[ColorHighlightVar]</textcolor>
        </control>
        <control type="textbox" id="24">
            <left>45</left>
            <top>155</top>
            <width>1010</width>
            <height>160</height>
            <font>font14_textbox3</font>
            <align>left</align>
            <aligny>top</aligny>
            <textcolor>$VAR[ColorTextVar]</textcolor>
            <autoscroll time="3000" delay="4000" repeat="5000">Skin.HasSetting(Enable.AutoScroll)</autoscroll>
        </control>
        <control type="spincontrolex" id="21">
            <description>recording type</description>
            <left>30</left>
            <top>340</top>
            <width>1040</width>
            <height>60</height>
            <font>font14</font>
            <textcolor>maintext</textcolor>
            <focusedcolor>maintext</focusedcolor>
            <label>$ADDON[pvr.nextpvr 30120]</label>
            <onright>1</onright>
            <onleft>10</onleft>
            <onup>1</onup>
            <ondown>25</ondown>
        </control>
        <control type="spincontrolex" id="25">
            <description>pre padding</description>
            <left>30</left>
            <top>400</top>
            <width>1040</width>
            <height>60</height>
            <font>font14</font>
            <textcolor>maintext</textcolor>
            <focusedcolor>maintext</focusedcolor>
            <label>$ADDON[pvr.nextpvr 30132]</label>
            <onright>1</onright>
            <onleft>21</onleft>
            <onup>21</onup>
            <ondown>26</ondown>
        </control>   
        <control type="spincontrolex" id="26">
            <description>post padding</description>
            <left>30</left>
            <top>460</top>
            <width>1040</width>
            <height>60</height>
            <font>font14</font>
            <textcolor>maintext</textcolor>
            <focusedcolor>maintext</focusedcolor>
            <label>$ADDON[pvr.nextpvr 30133]</label>
            <onright>1</onright>
            <onleft>25</onleft>
            <onup>25</onup>
            <ondown>23</ondown>
        </control>          
        <control type="spincontrolex" id="23">
            <description>keep count</description>
            <left>30</left>
            <top>520</top>
            <width>1040</width>
            <height>60</height>
            <font>font14</font>
            <textcolor>maintext</textcolor>
            <focusedcolor>maintext</focusedcolor>
            <label>$ADDON[pvr.nextpvr 30130]</label>
            <onright>1</onright>
            <onleft>26</onleft>
            <onup>26</onup>
            <ondown>27</ondown>
        </control>
        <control type="spincontrolex" id="27">
            <description>recording directory</description>
            <left>30</left>
            <top>580</top>
            <width>1040</width>
            <height>60</height>
            <font>font14</font>
            <textcolor>maintext</textcolor>
            <focusedcolor>maintext</focusedcolor>
            <label>$ADDON[pvr.nextpvr 30134]</label>
            <onright>1</onright>
            <onleft>23</onleft>
            <onup>23</onup>
            <ondown>1</ondown>
        </control>
        <control type="group" id="9001">
            <left>30</left>
            <top>658</top>
            <control type="button" id="1">
                <description>Ok Button</description>
                <left>0</left>
                <top>0</top>
                <width>510</width>
                <height>60</height>
                <align>center</align>
                <aligny>center</aligny>
                <label>186</label>
                <font>font13_title</font>
                <onup>27</onup>
                <onleft>2</onleft>
                <onright>2</onright>
                <ondown>21</ondown>
            </control>
            <control type="button" id="2">
                <description>Cancel Button</description>
                <left>530</left>
                <top>0</top>
                <width>510</width>
                <height>60</height>
                <align>center</align>
                <aligny>center</aligny>
                <label>222</label>
                <font>font13_title</font>
                <onup>27</onup>
                <onleft>1</onleft>
                <onright>1</onright>
                <ondown>21</ondown>
            </control>
        </control>   
    </controls>
</window>
