<?xml version="1.0" encoding="utf-8" standalone="yes"?>
<window id="5200">
    <defaultcontrol>5211</defaultcontrol>
    <include>dialogeffect</include>
    <coordinates>
        <system>1</system>
        <left>430</left>
        <top>248</top>
    </coordinates>
    <controls>
        <include name="DialogBackgroundCommons">
            <param name="DialogBackgroundWidth" value="1060" />
            <param name="DialogBackgroundHeight" value="564" />
            <param name="DialogHeaderLabel" value="$ADDON[script.games.rom.collection.browser 32999] - $ADDON[script.games.rom.collection.browser 32800]" />
            <param name="DialogHeaderId" value="" />
        </include>
        <control type="group">
            <left>0</left>
            <top>0</top>
            <control type="button" id="5101">
                <visible>False</visible>
            </control>
            <control type="list" id="5210">
                <hitrect x="0" y="0" w="0" h="0" />
                <left>30</left>
                <top>90</top>
                <width>1000</width>
                <height>60</height>
                <onleft>5210</onleft>
                <onright>5210</onright>
                <onup>5210</onup>
                <ondown>5210</ondown>
                <pagecontrol>-</pagecontrol>
                <scrolltime>0</scrolltime>
                <itemlayout height="1" width="1000"></itemlayout>
                <focusedlayout height="60" width="1000">
                    <control type="image">
                        <left>0</left>
                        <top>0</top>
                        <width>1000</width>
                        <height>60</height>
                        <texture>listselect_fo.png</texture>
                        <colordiffuse>$VAR[ColorHighlightVar]</colordiffuse>
                        <visible>[Control.HasFocus(5211) | Control.HasFocus(5212)]</visible>
                    </control>
                    <control type="label">
                        <include>RCBimportlabels</include>
                        <align>left</align>
                        <label>$ADDON[script.games.rom.collection.browser 32601]</label>
                        <animation reversible="false" effect="fade" end="50" time="0" condition="Skin.HasSetting(rcb_disableRomcollections)">Conditional</animation>
                    </control>
                    <control type="label">
                        <width>900</width>
                        <include>RCBimportlabels</include>
                        <align>right</align>
                        <label>$INFO[ListItem.Label]</label>
                        <animation reversible="false" effect="fade" end="50" time="0" condition="Skin.HasSetting(rcb_disableRomcollections)">Conditional</animation>
                    </control>
                </focusedlayout>
            </control>
            <control type="button" id="5211">
                <description>Menu Item Next Button</description>
                <left>975</left>
                <top>108</top>
                <width>40</width>
                <height>25</height>
                <label>-</label>
                <font>-</font>
                <texturenofocus colordiffuse="$VAR[ColorTextVar]">android/numberpicker_up_normal_holo_dark.png</texturenofocus>
                <texturefocus colordiffuse="$VAR[ColorHighlightVar]">android/numberpicker_up_normal_holo_dark.png</texturefocus>
                <onclick>Control.Move(5210,1)</onclick>
                <onleft>5212</onleft>
                <onright>5300</onright>
                <onup>5300</onup>
                <ondown>5222</ondown>
                <enable>!Skin.HasSetting(rcb_disableRomcollections)</enable>
            </control>
            <control type="button" id="5212">
                <description>Menu Item Prev Button</description>
                <left>935</left>
                <top>108</top>
                <width>40</width>
                <height>25</height>
                <label>-</label>
                <font>-</font>
                <texturenofocus colordiffuse="$VAR[ColorTextVar]">android/numberpicker_down_normal_holo_dark.png</texturenofocus>
                <texturefocus colordiffuse="$VAR[ColorHighlightVar]">android/numberpicker_down_normal_holo_dark.png</texturefocus>
                <onclick>Control.Move(5210,-1)</onclick>
                <onleft>5300</onleft>
                <onright>5211</onright>
                <onup>5300</onup>
                <ondown>5223</ondown>
                <enable>!Skin.HasSetting(rcb_disableRomcollections)</enable>
            </control>
            <!-- Scraping mode -->
            <control type="list" id="5220">
                <hitrect x="0" y="0" w="0" h="0" />
                <left>30</left>
                <top>150</top>
                <width>1000</width>
                <height>60</height>
                <onleft>5220</onleft>
                <onright>5220</onright>
                <onup>5220</onup>
                <ondown>5220</ondown>
                <pagecontrol>-</pagecontrol>
                <scrolltime>0</scrolltime>
                <itemlayout height="1" width="1000"></itemlayout>
                <focusedlayout height="60" width="1000">
                    <control type="image">
                        <left>0</left>
                        <width>1000</width>
                        <height>60</height>
                        <texture>listselect_fo.png</texture>
                        <colordiffuse>$VAR[ColorHighlightVar]</colordiffuse>
                        <visible>[Control.HasFocus(5222) | Control.HasFocus(5223)]</visible>
                    </control>
                    <control type="label">
                        <include>RCBimportlabels</include>
                        <align>left</align>
                        <label>$ADDON[script.games.rom.collection.browser 32801]</label>
                    </control>
                    <control type="label">
                        <width>900</width>
                        <include>RCBimportlabels</include>
                        <align>right</align>
                        <label>$INFO[ListItem.Label]</label>
                    </control>
                </focusedlayout>
            </control>
            <control type="button" id="5222">
                <description>Menu Item Next Button</description>
                <left>975</left>
                <top>168</top>
                <width>40</width>
                <height>25</height>
                <label>-</label>
                <font>-</font>
                <texturenofocus colordiffuse="$VAR[ColorTextVar]">android/numberpicker_up_normal_holo_dark.png</texturenofocus>
                <texturefocus colordiffuse="$VAR[ColorHighlightVar]">android/numberpicker_up_normal_holo_dark.png</texturefocus>
                <onclick>Control.Move(5220,1)</onclick>
                <onleft>5300</onleft>
                <onright>5223</onright>
                <onup>5211</onup>
                <ondown>5330</ondown>
            </control>
            <control type="button" id="5223">
                <description>Menu Item Prev Button</description>
                <left>935</left>
                <top>168</top>
                <width>40</width>
                <height>25</height>
                <label>-</label>
                <font>-</font>
                <texturenofocus colordiffuse="$VAR[ColorTextVar]">android/numberpicker_down_normal_holo_dark.png</texturenofocus>
                <texturefocus colordiffuse="$VAR[ColorHighlightVar]">android/numberpicker_down_normal_holo_dark.png</texturefocus>
                <onclick>Control.Move(5220,-1)</onclick>
                <onleft>5222</onleft>
                <onright>5300</onright>
                <onup>5212</onup>
                <ondown>5330</ondown>
            </control>
            <control type="radiobutton" id="5330">
                <left>30</left>
                <top>210</top>
                <width>1000</width>
                <font>font14</font>
                <label>$ADDON[script.games.rom.collection.browser 32802]</label>
                <onleft>5300</onleft>
                <onright>5300</onright>
                <onup>5223</onup>
                <ondown>5272</ondown>
                <onclick>Skin.ToggleSetting(rcb_overwriteImportOptions)</onclick>
            </control>
            <control type="group">
                <left>30</left>
                <top>270</top>
                <!-- Scraper 1 -->
                <control type="list" id="5270">
                    <hitrect x="0" y="0" w="0" h="0" />
                    <left>0</left>
                    <top>0</top>
                    <width>1000</width>
                    <height>60</height>
                    <onleft>5272</onleft>
                    <onright>5270</onright>
                    <onup>5270</onup>
                    <ondown>5270</ondown>
                    <enable>false</enable>
                    <pagecontrol>-</pagecontrol>
                    <scrolltime>0</scrolltime>
                    <itemlayout height="1" width="1000"></itemlayout>
                    <focusedlayout height="60" width="1000">
                        <control type="image">
                            <left>0</left>
                            <top>0</top>
                            <width>1000</width>
                            <height>60</height>
                            <texture>listselect_fo.png</texture>
                            <colordiffuse>$VAR[ColorHighlightVar]</colordiffuse>
                            <visible>[Control.HasFocus(5271) | Control.HasFocus(5272)]</visible>
                        </control>
                        <control type="label">
                            <include>RCBimportlabels</include>
                            <align>left</align>
                            <label>$ADDON[script.games.rom.collection.browser 32613]</label>
                            <animation reversible="false" effect="fade" end="50" time="0" condition="!Skin.HasSetting(rcb_overwriteImportOptions)">Conditional</animation>
                        </control>
                        <control type="label">
                            <width>900</width>
                            <include>RCBimportlabels</include>
                            <align>right</align>
                            <label>$INFO[ListItem.Label]</label>
                            <animation reversible="false" effect="fade" end="50" time="0" condition="!Skin.HasSetting(rcb_overwriteImportOptions)">Conditional</animation>
                        </control>
                    </focusedlayout>
                </control>
                <control type="button" id="5271">
                    <description>Menu Item Next Button</description>
                    <left>945</left>
                    <top>18</top>
                    <width>40</width>
                    <height>25</height>
                    <label>-</label>
                    <font>-</font>
                    <texturenofocus colordiffuse="$VAR[ColorTextVar]">android/numberpicker_up_normal_holo_dark.png</texturenofocus>
                    <texturefocus colordiffuse="$VAR[ColorHighlightVar]">android/numberpicker_up_normal_holo_dark.png</texturefocus>
                    <onclick>Control.Move(5270,1)</onclick>
                    <onleft>5272</onleft>
                    <onright>5300</onright>
                    <onup>5330</onup>
                    <ondown>5281</ondown>
                    <enable>Skin.HasSetting(rcb_overwriteImportOptions)</enable>
                    <animation reversible="false" effect="fade" end="50" time="0" condition="!Skin.HasSetting(rcb_overwriteImportOptions)">Conditional</animation>
                </control>
                <control type="button" id="5272">
                    <description>Menu Item Prev Button</description>
                    <left>905</left>
                    <top>18</top>
                    <width>40</width>
                    <height>25</height>
                    <label>-</label>
                    <font>-</font>
                    <texturenofocus colordiffuse="$VAR[ColorTextVar]">android/numberpicker_down_normal_holo_dark.png</texturenofocus>
                    <texturefocus colordiffuse="$VAR[ColorHighlightVar]">android/numberpicker_down_normal_holo_dark.png</texturefocus>
                    <onclick>Control.Move(5270,-1)</onclick>
                    <onleft>5300</onleft>
                    <onright>5271</onright>
                    <onup>5330</onup>
                    <ondown>5282</ondown>
                    <enable>Skin.HasSetting(rcb_overwriteImportOptions)</enable>
                    <animation reversible="false" effect="fade" end="50" time="0" condition="!Skin.HasSetting(rcb_overwriteImportOptions)">Conditional</animation>
                </control>
                <!-- Scraper 2 -->
                <control type="list" id="5280">
                    <hitrect x="0" y="0" w="0" h="0" />
                    <left>0</left>
                    <top>60</top>
                    <width>1000</width>
                    <height>60</height>
                    <onleft>5280</onleft>
                    <onright>5280</onright>
                    <onup>5280</onup>
                    <ondown>5280</ondown>
                    <pagecontrol>-</pagecontrol>
                    <scrolltime>0</scrolltime>
                    <itemlayout height="1" width="1000"></itemlayout>
                    <focusedlayout height="60" width="1000">
                        <control type="image">
                            <left>0</left>
                            <top>0</top>
                            <width>1000</width>
                            <height>60</height>
                            <texture>listselect_fo.png</texture>
                            <colordiffuse>$VAR[ColorHighlightVar]</colordiffuse>
                            <visible>[Control.HasFocus(5281) | Control.HasFocus(5282)]</visible>
                        </control>
                        <control type="label">
                            <include>RCBimportlabels</include>
                            <align>left</align>
                            <label>$ADDON[script.games.rom.collection.browser 32614]</label>
                            <animation reversible="false" effect="fade" end="50" time="0" condition="!Skin.HasSetting(rcb_overwriteImportOptions)">Conditional</animation>
                        </control>
                        <control type="label">
                            <width>900</width>
                            <include>RCBimportlabels</include>
                            <align>right</align>
                            <label>$INFO[ListItem.Label]</label>
                            <animation reversible="false" effect="fade" end="50" time="0" condition="!Skin.HasSetting(rcb_overwriteImportOptions)">Conditional</animation>
                        </control>
                    </focusedlayout>
                </control>
                <control type="button" id="5281">
                    <description>Menu Item Next Button</description>
                    <left>945</left>
                    <top>78</top>
                    <width>40</width>
                    <height>25</height>
                    <label>-</label>
                    <font>-</font>
                    <texturenofocus colordiffuse="$VAR[ColorTextVar]">android/numberpicker_up_normal_holo_dark.png</texturenofocus>
                    <texturefocus colordiffuse="$VAR[ColorHighlightVar]">android/numberpicker_up_normal_holo_dark.png</texturefocus>
                    <onclick>Control.Move(5280,1)</onclick>
                    <onleft>5282</onleft>
                    <onright>5300</onright>
                    <onup>5271</onup>
                    <ondown>5291</ondown>
                    <enable>Skin.HasSetting(rcb_overwriteImportOptions)</enable>
                    <animation reversible="false" effect="fade" end="50" time="0" condition="!Skin.HasSetting(rcb_overwriteImportOptions)">Conditional</animation>
                </control>
                <control type="button" id="5282">
                    <description>Menu Item Prev Button</description>
                    <left>905</left>
                    <top>78</top>
                    <width>40</width>
                    <height>25</height>
                    <label>-</label>
                    <font>-</font>
                    <texturenofocus colordiffuse="$VAR[ColorTextVar]">android/numberpicker_down_normal_holo_dark.png</texturenofocus>
                    <texturefocus colordiffuse="$VAR[ColorHighlightVar]">android/numberpicker_down_normal_holo_dark.png</texturefocus>
                    <onclick>Control.Move(5280,-1)</onclick>
                    <onleft>5300</onleft>
                    <onright>5281</onright>
                    <onup>5272</onup>
                    <ondown>5292</ondown>
                    <enable>Skin.HasSetting(rcb_overwriteImportOptions)</enable>
                    <animation reversible="false" effect="fade" end="50" time="0" condition="!Skin.HasSetting(rcb_overwriteImportOptions)">Conditional</animation>
                </control>
                <!-- Scraper 3 -->
                <control type="list" id="5290">
                    <hitrect x="0" y="0" w="0" h="0" />
                    <left>0</left>
                    <top>120</top>
                    <width>1000</width>
                    <height>60</height>
                    <onleft>5290</onleft>
                    <onright>5290</onright>
                    <onup>5290</onup>
                    <ondown>5290</ondown>
                    <pagecontrol>-</pagecontrol>
                    <scrolltime>0</scrolltime>
                    <itemlayout height="1" width="1000"></itemlayout>
                    <focusedlayout height="60" width="1000">
                        <control type="image">
                            <left>0</left>
                            <top>0</top>
                            <width>1000</width>
                            <height>60</height>
                            <texture>listselect_fo.png</texture>
                            <colordiffuse>$VAR[ColorHighlightVar]</colordiffuse>
                            <visible>[Control.HasFocus(5291) | Control.HasFocus(5292)]</visible>
                        </control>
                        <control type="label">
                            <include>RCBimportlabels</include>
                            <align>left</align>
                            <label>$ADDON[script.games.rom.collection.browser 32615]</label>
                            <animation reversible="false" effect="fade" end="50" time="0" condition="!Skin.HasSetting(rcb_overwriteImportOptions)">Conditional</animation>
                        </control>
                        <control type="label">
                            <width>900</width>
                            <include>RCBimportlabels</include>
                            <align>right</align>
                            <label>$INFO[ListItem.Label]</label>
                            <animation reversible="false" effect="fade" end="50" time="0" condition="!Skin.HasSetting(rcb_overwriteImportOptions)">Conditional</animation>
                        </control>
                    </focusedlayout>
                </control>
                <control type="button" id="5291">
                    <description>Menu Item Next Button</description>
                    <left>945</left>
                    <top>138</top>
                    <width>40</width>
                    <height>25</height>
                    <label>-</label>
                    <font>-</font>
                    <texturenofocus colordiffuse="$VAR[ColorTextVar]">android/numberpicker_up_normal_holo_dark.png</texturenofocus>
                    <texturefocus colordiffuse="$VAR[ColorHighlightVar]">android/numberpicker_up_normal_holo_dark.png</texturefocus>
                    <onclick>Control.Move(5290,1)</onclick>
                    <onleft>5292</onleft>
                    <onright>5300</onright>
                    <onup>5281</onup>
                    <ondown>5300</ondown>
                    <enable>Skin.HasSetting(rcb_overwriteImportOptions)</enable>
                    <animation reversible="false" effect="fade" end="50" time="0" condition="!Skin.HasSetting(rcb_overwriteImportOptions)">Conditional</animation>
                </control>
                <control type="button" id="5292">
                    <description>Menu Item Prev Button</description>
                    <left>905</left>
                    <top>138</top>
                    <width>40</width>
                    <height>25</height>
                    <label>-</label>
                    <font>-</font>
                    <texturenofocus colordiffuse="$VAR[ColorTextVar]">android/numberpicker_down_normal_holo_dark.png</texturenofocus>
                    <texturefocus colordiffuse="$VAR[ColorHighlightVar]">android/numberpicker_down_normal_holo_dark.png</texturefocus>
                    <onclick>Control.Move(5290,-1)</onclick>
                    <onleft>5300</onleft>
                    <onright>5291</onright>
                    <onup>5282</onup>
                    <ondown>5300</ondown>
                    <enable>Skin.HasSetting(rcb_overwriteImportOptions)</enable>
                    <animation reversible="false" effect="fade" end="50" time="0" condition="!Skin.HasSetting(rcb_overwriteImportOptions)">Conditional</animation>
                </control>
            </control>
            <control type="button" id="5300">
                <description>Import</description>
                <left>30</left>
                <top>472</top>
                <width>490</width>
                <height>60</height>
                <label>$ADDON[script.games.rom.collection.browser 32800]</label>
                <font>font15_title</font>
                <textcolor>$VAR[ColorTextVar]</textcolor>
                <focusedcolor>$VAR[ColorTextVar]</focusedcolor>
                <align>center</align>
                <texturefocus>listselect_fo.png</texturefocus>
                <onup>5292</onup>
                <ondown>5212</ondown>
                <onleft>5310</onleft>
                <onright>5310</onright>
            </control>
            <control type="button" id="5310">
                <description>Cancel</description>
                <left>540</left>
                <top>472</top>
                <width>490</width>
                <height>60</height>
                <label>$ADDON[script.games.rom.collection.browser 32635]</label>
                <font>font15_title</font>
                <textcolor>$VAR[ColorTextVar]</textcolor>
                <focusedcolor>$VAR[ColorTextVar]</focusedcolor>
                <align>center</align>
                <texturefocus>listselect_fo.png</texturefocus>
                <onup>5292</onup>
                <ondown>5212</ondown>
                <onleft>5300</onleft>
                <onright>5300</onright>
            </control>
        </control>
    </controls>
</window>
