<?xml version="1.0" encoding="UTF-8"?>
<window type="dialog">
	<defaultcontrol always="true">300</defaultcontrol>
	<allowoverlay>no</allowoverlay>
	<zorder>1</zorder>
	<coordinates>
		<system>1</system>
		<left>161</left>
		<top>210</top>
	</coordinates>
	<include>dialogeffect</include>
	<controls>
		<control type="group" id="200">
			<include name="DialogBackgroundCommons">
	            <param name="DialogBackgroundWidth" value="1597" />
	            <param name="DialogBackgroundHeight" value="660" />
	            <param name="DialogHeaderLabel" value="$INFO[System.AddonTitle(script.skinshortcuts)]" />
	            <param name="DialogHeaderId" value="2" />
	        </include>
			<!-- id 211 - Current shortcuts -->
			<control type="list" id="211">
				<left>31</left>
				<top>88</top>
				<width>600</width>
				<height>542</height>
				<onright>260</onright>
				<orientation>vertical</orientation>
				<viewtype label="535">list</viewtype>
				<preloaditems>2</preloaditems>
				<pagecontrol>260</pagecontrol>
				<itemlayout width="600" height="60">
					<control type="label">
						<width>600</width>
						<height>60</height>
						<label>$INFO[ListItem.Label]</label>
						<font>font14</font>
						<textcolor>$VAR[ColorTextVar]</textcolor>
						<selectedcolor>$VAR[ColorHighlightVar]</selectedcolor>
						<aligny>center</aligny>
						<textoffsetx>15</textoffsetx>
					</control>
					<control type="label">
						<width>600</width>
						<height>60</height>
						<label>$INFO[ListItem.Label2]</label>
						<font>font14</font>
						<textcolor>$VAR[ColorTextVar]</textcolor>
						<selectedcolor>$VAR[ColorHighlightVar]</selectedcolor>
						<align>right</align>
						<aligny>center</aligny>
						<textoffsetx>15</textoffsetx>
					</control>
				</itemlayout>
				<focusedlayout width="600" height="60">
					<control type="image">
						<width>598</width>
						<height>60</height>
						<texture border="5">listselect_fo.png</texture>
						<colordiffuse>$VAR[ColorHighlightVar]</colordiffuse>
						<animation effect="fade" start="100" end="40" time="300" tween="sine" easing="inout" condition="!Control.HasFocus(211)">Conditional</animation>
					</control>
					<control type="label">
						<width>600</width>
						<height>60</height>
						<label>$INFO[ListItem.Label]</label>
						<font>font14</font>
						<textcolor>$VAR[ColorTextVar]</textcolor>
						<selectedcolor>$VAR[ColorHighlightVar]</selectedcolor>
						<aligny>center</aligny>
						<textoffsetx>15</textoffsetx>
					</control>
					<control type="label">
						<width>600</width>
						<height>60</height>
						<label>$INFO[ListItem.Label2]</label>
						<font>font14</font>
						<textcolor>$VAR[ColorTextVar]</textcolor>
						<selectedcolor>$VAR[ColorHighlightVar]</selectedcolor>
						<align>right</align>
						<aligny>center</aligny>
						<textoffsetx>15</textoffsetx>
					</control>
				</focusedlayout>
			</control>
			<control type="scrollbar" id="260">
				<top>86</top>
				<left>630</left>
				<width>8</width>
				<height>542</height>
				<onleft>211</onleft>
				<onright>300</onright>
				<orientation>vertical</orientation>
			</control>
		</control>
		<control type="grouplist" id="300">
			<left>643</left>
			<top>86</top>
			<onup>300</onup>
			<ondown>300</ondown>
			<onleft>260</onleft>
			<onright>111</onright>
			<control type="button" id="102">
				<description>Type Button</description>
				<width>310</width>
				<align>center</align>
				<label>$LOCALIZE[467]</label>
			</control>
			<control type="button" id="301">
				<description>Add Button</description>
				<width>310</width>
				<align>center</align>
			</control>
			<control type="button" id="302">
				<description>Delete Button</description>
				<width>310</width>
				<align>center</align>
			</control>
			<control type="button" id="303">
				<description>Move up Button</description>
				<width>310</width>
				<align>center</align>
			</control>
			<control type="button" id="304">
				<description>Move down Button</description>
				<width>310</width>
				<align>center</align>
			</control>
			<control type="button" id="305">
				<description>Set label Button</description>
				<width>310</width>
				<align>center</align>
			</control>
			<control type="button" id="306">
				<description>Set thumbnail Button</description>
				<width>310</width>
				<align>center</align>
				<visible>StringCompare(Window.Property(groupname),mainmenu)</visible>
			</control>
			<control type="button" id="307">
				<description>Set action Button</description>
				<width>310</width>
				<align>center</align>
			</control>
			<control type="button" id="308">
				<description>Reset shortcuts Button</description>
				<width>310</width>
				<align>center</align>
			</control>
			<control type="button" id="309">
				<description>Change widget</description>
				<width>310</width>
				<align>center</align>
				<visible>StringCompare(Window.Property(groupname),mainmenu)</visible>
			</control>
			<control type="button" id="310">
				<description>Change background</description>
				<width>310</width>
				<align>center</align>
				<visible>StringCompare(Window.Property(groupname),mainmenu)</visible>
			</control>
			<control type="label" id="311">
				<description>Selected widget name</description>
				<width>310</width>
				<align>center</align>
				<visible>StringCompare(Window.Property(groupname),mainmenu)</visible>
			</control>
			<control type="label" id="312">
				<description>Selected background name</description>
				<width>310</width>
				<align>center</align>
				<visible>StringCompare(Window.Property(groupname),mainmenu)</visible>
			</control>
		</control>
		<control type="group" id="100">
			<left>966</left>
			<top>32</top>
			<!-- id's 101, 102, 103 - label of current shortcut type, buttons to change shortcut type -->
			<control type="label" id="101">
				<width>602</width>
				<height>40</height>
				<textcolor>disabled</textcolor>
				<align>right</align>
				<textoffsetx>15</textoffsetx>
				<font>font15</font>
			</control>
			<control type="button" id="103">
				<include>HiddenObject</include>
			</control>
		</control>
		<!-- id 111 - List of available plugins -->
		<control type="list" id="111">
			<top>86</top>
			<left>967</left>
			<width>600</width>
			<height>542</height>
			<onleft>300</onleft>
			<onright>160</onright>
			<onup>111</onup>
			<ondown>111</ondown>
			<pagecontrol>160</pagecontrol>
			<orientation>vertical</orientation>
			<viewtype label="535">list</viewtype>
			<preloaditems>2</preloaditems>
			<itemlayout width="600" height="60">
				<control type="label">
					<width>600</width>
					<height>60</height>
					<label>$INFO[ListItem.Label]</label>
					<font>font14</font>
					<textcolor>$VAR[ColorTextVar]</textcolor>
					<selectedcolor>$VAR[ColorHighlightVar]</selectedcolor>
					<textoffsetx>15</textoffsetx>
					<aligny>center</aligny>
				</control>
				<control type="label">
					<width>600</width>
					<height>60</height>
					<label>$INFO[ListItem.Label2]</label>
					<font>font14</font>
					<textcolor>$VAR[ColorTextVar]</textcolor>
					<selectedcolor>$VAR[ColorHighlightVar]</selectedcolor>
					<align>right</align>
					<aligny>center</aligny>
					<textoffsetx>15</textoffsetx>
				</control>
			</itemlayout>
			<focusedlayout width="600" height="60">
				<control type="image">
					<width>599</width>
					<height>60</height>
					<texture border="5">listselect_fo.png</texture>
					<colordiffuse>$VAR[ColorHighlightVar]</colordiffuse>
					<visible>Control.HasFocus(111)</visible>
					<include>VisibleFadeEffect</include>
				</control>
				<control type="label">
					<width>600</width>
					<height>60</height>
					<label>$INFO[ListItem.Label]</label>
					<font>font14</font>
					<textcolor>$VAR[ColorTextVar]</textcolor>
					<selectedcolor>$VAR[ColorHighlightVar]</selectedcolor>
					<aligny>center</aligny>
					<textoffsetx>15</textoffsetx>
					<animation effect="fade" start="100" end="70" time="300" tween="sine" easing="inout" condition="!Control.HasFocus(111)">Conditional</animation>
				</control>
				<control type="label">
					<width>600</width>
					<height>60</height>
					<label>$INFO[ListItem.Label2]</label>
					<font>font14</font>
					<textcolor>$VAR[ColorTextVar]</textcolor>
					<selectedcolor>$VAR[ColorHighlightVar]</selectedcolor>
					<align>right</align>
					<aligny>center</aligny>
					<textoffsetx>15</textoffsetx>
					<animation effect="fade" start="100" end="70" time="300" tween="sine" easing="inout" condition="!Control.HasFocus(111)">Conditional</animation>
				</control>
			</focusedlayout>
		</control>
		<control type="scrollbar" id="160">
			<top>86</top>
			<left>1567</left>
			<width>8</width>
			<height>542</height>
			<onleft>111</onleft>
			<onright>102</onright>
			<orientation>vertical</orientation>
		</control>
	</controls>
</window>