<?xml version="1.0" encoding="UTF-8"?>
<window>
	<defaultcontrol always="true">4012</defaultcontrol>
    <include>dialogeffect</include>
	<zorder>0</zorder>
    <coordinates>
        <system>1</system>
        <left>310</left>
        <top>190</top>
    </coordinates>
	<controls>
		<control type="group">
            <include name="DialogBackgroundCommons">
                <param name="DialogBackgroundWidth" value="1300" />
                <param name="DialogBackgroundHeight" value="700" />
                <param name="DialogHeaderLabel" value="$LOCALIZE[31928]" />
                <param name="DialogHeaderId" value="-" />
            </include>
            <control type="image" id="4001">
                <description>Poster</description>
                <left>30</left>
                <top>90</top>
                <width>333</width>
                <height>500</height>
                <fadetime>350</fadetime>
                <aspectratio scalediffuse="false">scale</aspectratio>
            </control>
            <control type="label" id="4000">
                <description>Title</description>
                <left>383</left>
                <width>887</width>
                <top>75</top>
                <height>65</height>
                <aligny>top</aligny>
                <font>font28_title</font>
                <textcolor>$VAR[ColorHighlightVar]</textcolor>
            </control>
            <control type="textbox" id="4006">
                <description>Plot</description>
                <left>383</left>
                <top>140</top>
                <height>455</height>
                <width>887</width>
                <font>font14_textbox</font>
                <textcolor>$VAR[ColorTextVar]</textcolor>
                <align>left</align>
                <aligny>top</aligny>
                <autoscroll time="3000" delay="4000" repeat="5000">Skin.HasSetting(Enable.AutoScroll)</autoscroll>
            </control>
            <control type="button" id="4012">
                <description>Still watching</description>
                <left>30</left>
                <top>610</top>
                <width>605</width>
                <onleft>4013</onleft>
                <onright>4013</onright>
                <font>font15_title</font>
                <align>center</align>
                <label>31930</label>
            </control>
            <control type="button" id="4013">
                <description>Cancel</description>
                <left>665</left>
                <top>610</top>
                <width>605</width>
                <onleft>4012</onleft>
                <onright>4012</onright>
                <font>font15_title</font>
                <align>center</align>
                <label>222</label>
            </control>
            <control type="label">
                <description>Still watching question</description>
                <label>$ADDON[service.nextup.notification 30012]</label>
                <visible>false</visible>
            </control>
            <control type="label" id="4003">
                <description>Rating</description>
                <visible>false</visible>
            </control>
            <control type="label" id="4004">
                <description>Year</description>
                <visible>false</visible>
            </control>
            <control type="progress" id="23">
                <visible>false</visible>
            </control>
		</control>
	</controls>
</window>