<?xml version="1.0" encoding="utf-8"?>
<window>
    <allowoverlay>yes</allowoverlay>
    <defaultcontrol always="true">50</defaultcontrol>
    <coordinates>
        <left>0</left>
        <top>0</top>
        <system>1</system>
    </coordinates>
    <controls>
        <!-- background -->
        <control type="multiimage" id="75">
            <imagepath background="true" fallback="special://skin/backgrounds/default_bg.jpg">$INFO[ListItem.Property(background)]</imagepath>
            <fadetime>600</fadetime>
            <include>FullscreenDimensions</include>
        </control>
        <control type="image">
            <include>FullscreenDimensions</include>
            <texture>background.png</texture>
            <colordiffuse>$VAR[ColorBackgroundVar]</colordiffuse>
        </control>
        <control type="group" id="200">
            <control type="group">
                <visible>Control.IsVisible(50)</visible>
                <include>Window_OpenClose_Animation</include>
                <control type="group">
                    <top>-35</top>
                    <control type="list" id="50">
                        <left>90</left>
                        <top>155</top>
                        <width>1150</width>
                        <height>840</height>
                        <onleft condition="!Skin.HasSetting(KioskMode.Enabled)">9000</onleft>
                        <onleft condition="Skin.HasSetting(KioskMode.Enabled)">50</onleft>
                        <onup>50</onup>
                        <ondown>50</ondown>
                        <onright>2201</onright>
                        <viewtype label="535">list</viewtype>
                        <pagecontrol>2201</pagecontrol>
                        <scrolltime tween="quadratic">200</scrolltime>
                        <itemlayout height="120" condition="!Skin.HasSetting(Enable.SlimList)">
                            <control type="image">
                                <left>15</left>
                                <top>8</top>
                                <width>105</width>
                                <height>105</height>
                                <aspectratio>keep</aspectratio>
                                <texture>$INFO[ListItem.Icon]</texture>
                            </control>
                            <control type="label">
                                <left>135</left>
                                <top>0</top>
                                <width>790</width>
                                <height>70</height>
                                <font>font30</font>
                                <textcolor>$VAR[ColorTextVar]</textcolor>
                                <selectedcolor>$VAR[ColorHighlightVar]</selectedcolor>
                                <align>left</align>
                                <aligny>center</aligny>
                                <label>$INFO[ListItem.Label]</label>
                            </control>
                            <control type="label">
                                <left>135</left>
                                <top>55</top>
                                <width>790</width>
                                <height>60</height>
                                <font>font15</font>
                                <textcolor>$VAR[ColorHighlightVar]</textcolor>
                                <selectedcolor>$VAR[ColorHighlightVar]</selectedcolor>
                                <align>left</align>
                                <aligny>center</aligny>
                                <label>$INFO[ListItem.Property(genre)]</label>
                            </control>
                            <control type="label">
                                <width>1060</width>
                                <height>116</height>
                                <font>font30</font>
                                <align>right</align>
                                <textcolor>$VAR[ColorTextVar]</textcolor>
                                <selectedcolor>$VAR[ColorHighlightVar]</selectedcolor>
                                <aligny>center</aligny>
                                <label>$INFO[ListItem.Property(year)]</label>
                            </control>
                            <control type="label">
                                <left>1085</left>
                                <width>60</width>
                                <height>120</height>
                                <aligny>center</aligny>
                                <label></label>
                                <textcolor>$VAR[ColorTextVar]</textcolor>
                                <font>IconMedium</font>
                                <visible>!IsEmpty(ListItem.Property(isfavorite))</visible>
                            </control>
                        </itemlayout>
                        <focusedlayout height="120" condition="!Skin.HasSetting(Enable.SlimList)">
                            <control type="image">
                                <width>1150</width>
                                <height>120</height>
                                <texture>listselect_fo.png</texture>
                                <colordiffuse>$VAR[ColorHighlightVar]</colordiffuse>
                                <animation effect="fade" start="100" end="0" tween="sine" easing="inout" time="240" condition="!Control.HasFocus(50)">Conditional</animation>
                            </control>
                            <control type="image">
                                <left>15</left>
                                <top>8</top>
                                <width>105</width>
                                <height>105</height>
                                <aspectratio>keep</aspectratio>
                                <texture>$INFO[ListItem.Icon]</texture>
                            </control>
                            <control type="label">
                                <left>135</left>
                                <top>0</top>
                                <width>790</width>
                                <height>70</height>
                                <font>font30</font>
                                <textcolor>$VAR[ColorTextVar]</textcolor>
                                <selectedcolor>$VAR[ColorHighlightVar]</selectedcolor>
                                <align>left</align>
                                <aligny>center</aligny>
                                <label>$INFO[ListItem.Label]</label>
                            </control>
                            <control type="label">
                                <left>135</left>
                                <top>55</top>
                                <width>790</width>
                                <height>60</height>
                                <font>font15</font>
                                <textcolor>$VAR[ColorTextVar]</textcolor>
                                <selectedcolor>$VAR[ColorHighlightVar]</selectedcolor>
                                <align>left</align>
                                <aligny>center</aligny>
                                <label>$INFO[ListItem.Property(genre)]</label>
                            </control>
                            <control type="label">
                                <width>1060</width>
                                <height>116</height>
                                <font>font30</font>
                                <align>right</align>
                                <textcolor>$VAR[ColorTextVar]</textcolor>
                                <selectedcolor>$VAR[ColorHighlightVar]</selectedcolor>
                                <aligny>center</aligny>
                                <label>$INFO[ListItem.Property(year)]</label>
                            </control>
                            <control type="label">
                                <left>1085</left>
                                <width>60</width>
                                <height>120</height>
                                <aligny>center</aligny>
                                <label></label>
                                <textcolor>$VAR[ColorTextVar]</textcolor>
                                <font>IconMedium</font>
                                <visible>!IsEmpty(ListItem.Property(isfavorite))</visible>
                            </control>
                        </focusedlayout>
                        <itemlayout height="60" condition="Skin.HasSetting(Enable.SlimList)">
                            <control type="label">
                                <left>20</left>
                                <width>1080</width>
                                <height>60</height>
                                <font>font15</font>
                                <textcolor>$VAR[ColorTextVar]</textcolor>
                                <selectedcolor>$VAR[ColorHighlightVar]</selectedcolor>
                                <align>left</align>
                                <aligny>center</aligny>
                                <label>$INFO[ListItem.Label]</label>
                            </control>
                            <control type="label">
                                <left>50</left>
                                <width>1080</width>
                                <height>60</height>
                                <font>font15</font>
                                <align>right</align>
                                <textcolor>$VAR[ColorTextVar]</textcolor>
                                <selectedcolor>$VAR[ColorHighlightVar]</selectedcolor>
                                <aligny>center</aligny>
                                <label>$INFO[ListItem.Property(year)]</label>
                            </control>
                        </itemlayout>
                        <focusedlayout height="60" condition="Skin.HasSetting(Enable.SlimList)">
                            <control type="image">
                                <left>0</left>
                                <width>1150</width>
                                <height>60</height>
                                <texture>listselect_fo.png</texture>
                                <colordiffuse>$VAR[ColorHighlightVar]</colordiffuse>
                                <animation effect="fade" start="100" end="0" tween="sine" easing="inout" time="240" condition="!Control.HasFocus(50)">Conditional</animation>
                            </control>
                            <control type="label">
                                <left>20</left>
                                <width>1080</width>
                                <height>60</height>
                                <font>font15</font>
                                <textcolor>$VAR[ColorTextVar]</textcolor>
                                <selectedcolor>$VAR[ColorHighlightVar]</selectedcolor>
                                <align>left</align>
                                <aligny>center</aligny>
                                <label>$INFO[ListItem.Label]</label>
                            </control>
                            <control type="label">
                                <left>50</left>
                                <width>1080</width>
                                <height>60</height>
                                <font>font15</font>
                                <align>right</align>
                                <textcolor>$VAR[ColorTextVar]</textcolor>
                                <selectedcolor>$VAR[ColorHighlightVar]</selectedcolor>
                                <aligny>center</aligny>
                                <label>$INFO[ListItem.Property(year)]</label>
                            </control>
                        </focusedlayout>
                    </control>
                    <control type="scrollbar" id="2201">
                        <left>1906</left>
                        <top>80</top>
                        <width>14</width>
                        <height>1035</height>
                        <orientation>vertical</orientation>
                        <onup>2201</onup>
                        <ondown>2201</ondown>
                        <onleft>50</onleft>
                        <onright>9000</onright>
                    </control>
                </control>
                <control type="group" id="40003">
                    <left>1276</left>
                    <top>120</top>
                    <include>VisibleFadeEffect</include>
                    <control type="image">
                        <width>560</width>
                        <height>840</height>
                        <aspectratio align="center" aligny="top">keep</aspectratio>
                        <fadetime>IconCrossfadeTime</fadetime>
                        <texture background="true">$INFO[ListItem.Icon]</texture>
                    </control>
                </control>
            </control>
        </control>
        <control type="group">  
            <animation effect="slide" start="0,-90" end="0,0" delay="1600" time="480">WindowOpen</animation>
            <animation effect="slide" end="0,-90" start="0,0" time="480">WindowClose</animation>
            <control type="image">
                <width>FullScreenWidth</width>
                <height>45</height>
                <texture>topbar.png</texture>
                <colordiffuse>$VAR[ColorBackgroundVar]</colordiffuse>
            </control>
            <control type="group">
                <top>-2</top>
                <control type="group">
                    <animation effect="slide" time="400" tween="" easing="" start="0" end="35" condition="Control.IsVisible(1996)">Conditional</animation>
                    <control type="image" id="1996">
                        <visible>![Skin.HasSetting(KioskMode.Enabled)]</visible>
                        <top>8</top>
                        <left>-27</left>
                        <width>32</width>
                        <height>32</height>
                        <texture>arrow.png</texture>
                        <colordiffuse>$VAR[ColorTextVar]</colordiffuse>
                    </control>
                    <control type="label">
                        <width>900</width>
                        <height>45</height>
                        <font>topbar</font>
                        <textoffsetx>15</textoffsetx>
                        <textcolor>$VAR[ColorTextVar]</textcolor>
                        <align>left</align>
                        <aligny>center</aligny>
                        <label>$INFO[System.AddonTitle(script.games.rom.collection.browser)]</label>
                    </control>
                </control>
                <control type="label">
                    <left>1040</left>
                    <width>880</width>
                    <height>45</height>
                    <font>topbar</font>
                    <textoffsetx>15</textoffsetx>
                    <textcolor>$VAR[ColorTextVar]</textcolor>
                    <align>right</align>
                    <aligny>center</aligny>
                    <label>$INFO[Container.NumItems,, $LOCALIZE[31025]  •  ][COLOR $VAR[ColorHighlightVar]]$INFO[Container.CurrentPage]$INFO[Container.NumPages,/][/COLOR]</label>
                </control>
                <control type="label">
                    <left>0</left>
                    <width>FullScreenWidth</width>
                    <height>45</height>
                    <font>topbar</font>
                    <textoffsetx>15</textoffsetx>
                    <textcolor>$VAR[ColorTextVar]</textcolor>
                    <align>center</align>
                    <aligny>center</aligny>
                    <label>$INFO[System.Time]</label>
                </control>
            </control>
        </control>
        <include>Bottombar</include>
        <!-- Media Menu -->
        <control type="group" id="9000">
            <control type="group">
                <control type="group" id="100">
                    <animation effect="slide" end="0,0" time="320" tween="quadratic" condition="ControlGroup(100).HasFocus">Conditional</animation>
                    <animation effect="slide" end="0,-300" time="320" tween="quadratic" condition="!ControlGroup(100).HasFocus">Conditional</animation>
                    <control type="image">
                        <description>filter background image</description>
                        <left>-12</left>
                        <top>-12</top>
                        <width>1944</width>
                        <height>254</height>
                        <texture border="12">dialog_context.png</texture>
                        <colordiffuse>$VAR[ColorDialogVar]</colordiffuse>
                    </control>
                    <control type="radiobutton" id="1000">
                        <left>55</left>
                        <top>25</top>
                        <width>300</width>
                        <height>60</height>
                        <label>$ADDON[script.games.rom.collection.browser 50004]</label>
                        <font>font14</font>
                        <textcolor>$VAR[ColorTextVar]</textcolor>
                        <focusedcolor>$VAR[ColorTextVar]</focusedcolor>
                        <onleft>900</onleft>
                        <onright>500</onright>
                        <onup>1100</onup>
                        <ondown>1001</ondown>
                    </control>
                    <control type="radiobutton" id="1001">
                        <left>55</left>
                        <top>85</top>
                        <width>300</width>
                        <height>60</height>
                        <label>31095</label>
                        <font>font14</font>
                        <textcolor>$VAR[ColorTextVar]</textcolor>
                        <focusedcolor>$VAR[ColorTextVar]</focusedcolor>
                        <onclick>Skin.ToggleSetting(Enable.SlimList)</onclick>
                        <selected>Skin.HasSetting(Enable.SlimList)</selected>
                        <onleft>900</onleft>
                        <onright>500</onright>
                        <onup>1000</onup>
                        <ondown>1100</ondown>
                    </control>
                    <control type="button" id="1100">
                        <description>Search</description>
                        <left>55</left>
                        <top>145</top>
                        <width>300</width>
                        <height>60</height>
                        <align>left</align>
                        <aligny>center</aligny>
                        <label>$ADDON[script.games.rom.collection.browser 50005]</label>
                        <textcolor>$VAR[ColorTextVar]</textcolor>
                        <visible>true</visible>
                        <onup>1001</onup>
                        <ondown>1000</ondown>
                        <onleft>900</onleft>
                        <onright>500</onright>
                    </control>
                    <control type="group">
                        <left>500</left>
                        <top>0</top>
                        <!-- Console filter -->
                        <control type="label">
                            <description>Consoles</description>
                            <left>0</left>
                            <top>-1030</top>
                            <width>300</width>
                            <align>center</align>
                            <font>font14_title</font>
                            <label>$ADDON[script.games.rom.collection.browser 50006]</label>
                            <textcolor>$VAR[ColorHighlightVar]</textcolor>
                        </control>
                        <control type="wraplist" id="500">
                            <left>0</left>
                            <top>40</top>
                            <width>300</width>
                            <height>180</height>
                            <onleft>1000</onleft>
                            <onright>600</onright>
                            <onup>500</onup>
                            <ondown>500</ondown>
                            <viewtype label="Console">wrap</viewtype>
                            <focusposition>1</focusposition>
                            <scrolltime>200</scrolltime>
                            <itemlayout height="60">
                                <control type="label">
                                    <width>300</width>
                                    <height>60</height>
                                    <align>left</align>
                                    <aligny>center</aligny>
                                    <textoffsetx>15</textoffsetx>
                                    <font>font14</font>
                                    <textcolor>$VAR[ColorTextVar]</textcolor>
                                    <selectedcolor>$VAR[ColorHighlightVar]</selectedcolor>
                                    <info>ListItem.Label</info>
                                </control>
                            </itemlayout>
                            <focusedlayout height="60">
                                <control type="image">
                                    <left>0</left>
                                    <top>0</top>
                                    <width>300</width>
                                    <height>60</height>
                                    <texture>listselect_fo.png</texture>
                                    <visible>Control.HasFocus(500)</visible>
                                    <colordiffuse>$VAR[ColorHighlightVar]</colordiffuse>
                                </control>
                                <control type="label">
                                    <width>300</width>
                                    <height>60</height>
                                    <align>left</align>
                                    <aligny>center</aligny>
                                    <textoffsetx>15</textoffsetx>
                                    <font>font14</font>
                                    <textcolor>$VAR[ColorTextVar]</textcolor>
                                    <selectedcolor>$VAR[ColorHighlightVar]</selectedcolor>
                                    <info>ListItem.Label</info>
                                </control>
                            </focusedlayout>
                        </control>
                        <!-- Genre filter -->
                        <control type="label">
                            <description>Genre</description>
                            <left>325</left>
                            <top>-1030</top>
                            <width>300</width>
                            <align>center</align>
                            <font>font14_title</font>
                            <label>$ADDON[script.games.rom.collection.browser 50001]</label>
                            <textcolor>$VAR[ColorHighlightVar]</textcolor>
                        </control>
                        <control type="wraplist" id="600">
                            <left>325</left>
                            <top>40</top>
                            <width>300</width>
                            <height>180</height>
                            <onleft>500</onleft>
                            <onright>700</onright>
                            <onup>600</onup>
                            <ondown>600</ondown>
                            <viewtype label="Genre">wrap</viewtype>
                            <focusposition>1</focusposition>
                            <scrolltime>200</scrolltime>
                            <itemlayout height="60">
                                <control type="label">
                                    <width>300</width>
                                    <height>60</height>
                                    <align>left</align>
                                    <aligny>center</aligny>
                                    <textoffsetx>15</textoffsetx>
                                    <font>font14</font>
                                    <textcolor>$VAR[ColorTextVar]</textcolor>
                                    <selectedcolor>$VAR[ColorHighlightVar]</selectedcolor>
                                    <info>ListItem.Label</info>
                                </control>
                            </itemlayout>
                            <focusedlayout height="60">
                                <control type="image">
                                    <left>0</left>
                                    <top>0</top>
                                    <width>300</width>
                                    <height>60</height>
                                    <texture>listselect_fo.png</texture>
                                    <colordiffuse>$VAR[ColorHighlightVar]</colordiffuse>
                                    <visible>Control.HasFocus(600)</visible>
                                </control>
                                <control type="label">
                                    <width>300</width>
                                    <height>60</height>
                                    <align>left</align>
                                    <aligny>center</aligny>
                                    <textoffsetx>15</textoffsetx>
                                    <font>font14</font>
                                    <textcolor>$VAR[ColorTextVar]</textcolor>
                                    <selectedcolor>$VAR[ColorHighlightVar]</selectedcolor>
                                    <info>ListItem.Label</info>
                                </control>
                            </focusedlayout>
                        </control>
                        <!-- Year filter -->
                        <control type="label">
                            <description>Year</description>
                            <left>650</left>
                            <top>-1030</top>
                            <width>300</width>
                            <align>center</align>
                            <font>font14_title</font>
                            <label>$ADDON[script.games.rom.collection.browser 50000]</label>
                            <textcolor>$VAR[ColorHighlightVar]</textcolor>
                        </control>
                        <control type="wraplist" id="700">
                            <left>650</left>
                            <top>40</top>
                            <width>300</width>
                            <height>180</height>
                            <onleft>600</onleft>
                            <onright>800</onright>
                            <onup>700</onup>
                            <ondown>700</ondown>
                            <viewtype label="Year">wrap</viewtype>
                            <focusposition>1</focusposition>
                            <scrolltime>200</scrolltime>
                            <itemlayout height="60">
                                <control type="label">
                                    <width>300</width>
                                    <height>60</height>
                                    <align>left</align>
                                    <aligny>center</aligny>
                                    <textoffsetx>15</textoffsetx>
                                    <font>font14</font>
                                    <textcolor>$VAR[ColorTextVar]</textcolor>
                                    <selectedcolor>$VAR[ColorHighlightVar]</selectedcolor>
                                    <info>ListItem.Label</info>
                                </control>
                            </itemlayout>
                            <focusedlayout height="60">
                                <control type="image">
                                    <left>0</left>
                                    <top>0</top>
                                    <width>300</width>
                                    <height>60</height>
                                    <texture>listselect_fo.png</texture>
                                    <colordiffuse>$VAR[ColorHighlightVar]</colordiffuse>
                                    <visible>Control.HasFocus(700)</visible>
                                </control>
                                <control type="label">
                                    <width>300</width>
                                    <height>60</height>
                                    <align>left</align>
                                    <aligny>center</aligny>
                                    <textoffsetx>15</textoffsetx>
                                    <font>font14</font>
                                    <textcolor>$VAR[ColorTextVar]</textcolor>
                                    <selectedcolor>$VAR[ColorHighlightVar]</selectedcolor>
                                    <info>ListItem.Label</info>
                                </control>
                            </focusedlayout>
                        </control>
                        <!-- Publisher filter -->
                        <control type="label">
                            <description>Publisher</description>
                            <left>975</left>
                            <top>-1030</top>
                            <width>300</width>
                            <align>center</align>
                            <font>font14_title</font>
                            <label>$ADDON[script.games.rom.collection.browser 50002]</label>
                            <textcolor>$VAR[ColorHighlightVar]</textcolor>
                        </control>
                        <control type="wraplist" id="800">
                            <left>975</left>
                            <top>40</top>
                            <width>300</width>
                            <height>180</height>
                            <onleft>700</onleft>
                            <onright>500</onright>
                            <onup>800</onup>
                            <ondown>800</ondown>
                            <viewtype label="Year">wrap</viewtype>
                            <focusposition>1</focusposition>
                            <scrolltime>200</scrolltime>
                            <itemlayout height="60">
                                <control type="label">
                                    <width>300</width>
                                    <height>60</height>
                                    <align>left</align>
                                    <aligny>center</aligny>
                                    <textoffsetx>15</textoffsetx>
                                    <font>font14</font>
                                    <textcolor>$VAR[ColorTextVar]</textcolor>
                                    <selectedcolor>$VAR[ColorHighlightVar]</selectedcolor>
                                    <info>ListItem.Label</info>
                                </control>
                            </itemlayout>
                            <focusedlayout height="60">
                                <control type="image">
                                    <left>0</left>
                                    <top>0</top>
                                    <width>300</width>
                                    <height>60</height>
                                    <texture>listselect_fo.png</texture>
                                    <colordiffuse>$VAR[ColorHighlightVar]</colordiffuse>
                                    <visible>Control.HasFocus(800)</visible>
                                </control>
                                <control type="label">
                                    <width>300</width>
                                    <height>60</height>
                                    <align>left</align>
                                    <aligny>center</aligny>
                                    <textoffsetx>15</textoffsetx>
                                    <font>font14</font>
                                    <textcolor>$VAR[ColorTextVar]</textcolor>
                                    <selectedcolor>$VAR[ColorHighlightVar]</selectedcolor>
                                    <info>ListItem.Label</info>
                                </control>
                            </focusedlayout>
                        </control>
                        <!-- Character filter -->
                        <control type="label">
                            <visible>False</visible>
                            <description>Character</description>
                            <left>1300</left>
                            <top>-1030</top>
                            <width>90</width>
                            <align>center</align>
                            <font>font14_title</font>
                            <label>$ADDON[script.games.rom.collection.browser 50007]</label>
                            <textcolor>$VAR[ColorHighlightVar]</textcolor>
                        </control>
                        <control type="wraplist" id="900">
                            <visible>False</visible>
                            <left>1300</left>
                            <top>40</top>
                            <width>90</width>
                            <height>180</height>
                            <onleft>800</onleft>
                            <onright>1000</onright>
                            <onup>900</onup>
                            <ondown>900</ondown>
                            <viewtype label="Character">wrap</viewtype>
                            <focusposition>1</focusposition>
                            <scrolltime>200</scrolltime>
                            <itemlayout height="60">
                                <control type="label">
                                    <left>0</left>
                                    <top>0</top>
                                    <width>90</width>
                                    <height>60</height>
                                    <align>left</align>
                                    <aligny>center</aligny>
                                    <textoffsetx>15</textoffsetx>
                                    <font>font14</font>
                                    <textcolor>$VAR[ColorTextVar]</textcolor>
                                    <selectedcolor>$VAR[ColorHighlightVar]</selectedcolor>
                                    <info>ListItem.Label</info>
                                </control>
                            </itemlayout>
                            <focusedlayout height="60">
                                <control type="image">
                                    <width>90</width>
                                    <height>60</height>
                                    <texture>listselect_fo.png</texture>
                                    <colordiffuse>$VAR[ColorHighlightVar]</colordiffuse>
                                    <visible>Control.HasFocus(900)</visible>
                                </control>
                                <control type="label">
                                    <width>90</width>
                                    <height>60</height>
                                    <align>left</align>
                                    <aligny>center</aligny>
                                    <textoffsetx>15</textoffsetx>
                                    <font>font14</font>
                                    <textcolor>$VAR[ColorTextVar]</textcolor>
                                    <selectedcolor>$VAR[ColorHighlightVar]</selectedcolor>
                                    <info>ListItem.Label</info>
                                </control>
                            </focusedlayout>
                        </control>
                    </control>
                </control>
            </control>
        </control>
        <!-- Messages -->
        <control type="label" id="4000">
            <visible>False</visible>
            <label></label>
            <left>10</left>
            <top>560</top>
            <width>680</width>
            <height>10</height>
            <font>font10</font>
            <textcolor>$VAR[ColorTextVar]</textcolor>
            <scroll>true</scroll>
        </control>
    </controls>
</window>