<?xml version="1.0" encoding="UTF-8"?>
<window>
	<allowoverlay>no</allowoverlay>
	<defaultcontrol always="false">101</defaultcontrol>
	<coordinates>
		<system>1</system>
		<left>0</left>
		<top>0</top>
	</coordinates>
	<controls>
		<control type="group">
			<animation effect="slide" end="0,-540" time="240" tween="quadratic" condition="Window.IsVisible(selectdialog) | Window.IsVisible(okdialog) | Window.IsVisible(VisualisationSettings) | Window.IsVisible(VisualisationPresetList) | Window.IsVisible(1120) | Window.Next(home) | Window.IsVisible(home)">Conditional</animation>
			<animation effect="slide" end="0,0" start="0,-540" time="200" tween="quadratic" easing="out">WindowOpen</animation>
			<animation effect="slide" start="0,0" end="0,-540" time="200" tween="quadratic" easing="out">WindowClose</animation>
			<control type="image">
				<left>0</left>
				<top>0</top>
				<width>FullScreenWidth</width>
				<height>520</height>
				<texture>background.png</texture>
				<colordiffuse>$VAR[ColorBackgroundVar]</colordiffuse>
			</control>
			<!-- ** Required ** Do not change <id> or <type> (Text box for lyrics) -->
			<control type="textbox" id="100">
				<description>textarea</description>
				<left>45</left>
				<top>30</top>
				<width>1830</width>
				<height>508</height>
				<align>center</align>
				<font>font15_textbox</font>
				<textcolor>$VAR[ColorTextVar]</textcolor>
            </control>
			<control type="spincontrol" id="101">
				<description>Next page button</description>
				<left>1800</left>
				<top>470</top>
				<subtype>page</subtype>
				<onleft>101</onleft>
				<onright>101</onright>
				<ondown>101</ondown>
				<onup>101</onup>
				<textcolor>$VAR[ColorHighlightVar]</textcolor>
				<showonepage>true</showonepage>
				<visible>false</visible>
				<!--<visible>Control.IsVisible(100)</visible>-->
			</control>
			<!-- ** Required ** Do not change <id> or <type> (Smooth scrolling list for lyrics) -->
			<control type="list" id="110">
				<left>45</left>
				<top>30</top>
				<width>1830</width>
				<height>450</height>
				<onleft>111</onleft>
				<onright>111</onright>
				<onup>110</onup>
				<ondown>110</ondown>
				<pagecontrol>111</pagecontrol>
				<scrolltime tween="quadratic" easing="out">200</scrolltime>
				<itemlayout height="50">
					<control type="label">
						<width>1830</width>
						<height>50</height>
						<font>font15</font>
						<textcolor>$VAR[ColorTextVar]</textcolor>
						<align>center</align>
						<selectedcolor>$VAR[ColorHighlightVar]</selectedcolor>
						<info>ListItem.Label</info>
					</control>
				</itemlayout>
				<focusedlayout height="50">
					<control type="label">
						<width>1830</width>
						<height>50</height>
						<font>font15</font>
						<align>center</align>
						<textcolor>$VAR[ColorHighlightVar]</textcolor>
						<label fallback="--">$INFO[ListItem.Label]</label>
					</control>
				</focusedlayout>
			</control>
			<!-- ** Required ** Do not change <id> or <type> (Song Chooser if it gets it wrong) -->
			<control type="list" id="120">
				<left>45</left>
				<top>30</top>
				<width>1830</width>
				<height>450</height>
				<onleft>121</onleft>
				<onright>121</onright>
				<onup>120</onup>
				<ondown>120</ondown>
				<pagecontrol>121</pagecontrol>
				<scrolltime tween="quadratic" easing="out">200</scrolltime>
				<itemlayout height="60" width="641">
					<control type="label">
						<width>630</width>
						<height>60</height>
						<font>font14</font>
						<textoffsetx>15</textoffsetx>
						<textcolor>$VAR[ColorTextVar]</textcolor>
						<selectedcolor>$VAR[ColorHighlightVar]</selectedcolor>
						<align>left</align>
						<aligny>center</aligny>
						<label>$INFO[ListItem.Label]</label>
					</control>
					<control type="label">
						<width>630</width>
						<height>60</height>
						<font>font14</font>
						<textoffsetx>15</textoffsetx>
						<textcolor>$VAR[ColorTextVar]</textcolor>
						<selectedcolor>$VAR[ColorHighlightVar]</selectedcolor>
						<align>right</align>
						<label>$INFO[ListItem.Label2]</label>
					</control>
				</itemlayout>
				<focusedlayout height="60" width="641">
					<control type="image">
						<left>1</left>
						<width>630</width>
						<height>60</height>
						<texture border="5">listselect_fo.png</texture>
						<visible>Control.HasFocus(120)</visible>
						<include>VisibleFadeEffect</include>
					</control>
					<control type="label">
						<width>630</width>
						<height>60</height>
						<font>font14</font>
						<textoffsetx>15</textoffsetx>
						<textcolor>$VAR[ColorTextVar]</textcolor>
						<selectedcolor>$VAR[ColorHighlightVar]</selectedcolor>
						<align>left</align>
						<aligny>center</aligny>
						<label>$INFO[ListItem.Label]</label>
						<animation effect="fade" start="100" end="70" time="300" tween="sine" easing="inout" condition="!Control.HasFocus(120)">Conditional</animation>
					</control>
					<control type="label">
						<width>630</width>
						<height>60</height>
						<font>font14</font>
						<textoffsetx>15</textoffsetx>
						<textcolor>$VAR[ColorTextVar]</textcolor>
						<selectedcolor>$VAR[ColorHighlightVar]</selectedcolor>
						<align>right</align>
						<label>$INFO[ListItem.Label2]</label>
						<animation effect="fade" start="100" end="70" time="300" tween="sine" easing="inout" condition="!Control.HasFocus(120)">Conditional</animation>
					</control>
				</focusedlayout>
			</control>
			<control type="label">
				<description>Scraper label</description>
				<left>870</left>
				<top>1020</top>
				<width>825</width>
				<height>45</height>
				<label>$LOCALIZE[31205] - $INFO[Control.GetLabel(200)]</label>
				<font>font12_title</font>
				<align>right</align>
				<aligny>center</aligny>
				<textcolor>$VAR[ColorTextVar]</textcolor>
				<visible>false</visible>
			</control>
			<control type="label" id="200">
				<description>Scraper label</description>
				<visible>false</visible>
			</control>
		</control>
		<!-- ** Required ** Do not change <id> or <type> -->
		<!-- ** Required ** Do not change <id> or <type> -->
	</controls>
</window>