<?xml version="1.0" encoding="UTF-8"?>
<window>
	<defaultcontrol always="true">9000</defaultcontrol>
	<onload>SetProperty(Window.HasSettings,True,home)</onload>
	<onload>ClearProperty(MediaMenu,Home)</onload>
	<onload>Skin.Reset(Expand.CustomWidget1)</onload>
	<onload>Skin.Reset(Expand.CustomWidget2)</onload>
	<onload>Skin.Reset(Expand.CustomWidget3)</onload>
	<onload>Skin.Reset(Expand.CustomWidget4)</onload>
	<onload>Skin.Reset(Expand.CustomWidget5)</onload>
	<onload>Skin.Reset(Expand.CustomWidget6)</onload>
	<onload>Skin.Reset(Expand.CustomWidget7)</onload>
	<onload>Skin.Reset(Expand.CustomWidget8)</onload>
	<onload condition="IsEmpty(Skin.String(CustomWidget1Icon))">Skin.SetString(CustomWidget1Icon,1)</onload>
	<onload condition="IsEmpty(Skin.String(CustomWidget1IconLabel))">Skin.SetString(CustomWidget1IconLabel,$LOCALIZE[31016])</onload>
	<onload condition="IsEmpty(Skin.String(CustomWidget2Icon))">Skin.SetString(CustomWidget2Icon,1)</onload>
	<onload condition="IsEmpty(Skin.String(CustomWidget2IconLabel))">Skin.SetString(CustomWidget2IconLabel,$LOCALIZE[31016])</onload>
	<onload condition="IsEmpty(Skin.String(CustomWidget3Icon))">Skin.SetString(CustomWidget3Icon,1)</onload>
	<onload condition="IsEmpty(Skin.String(CustomWidget3IconLabel))">Skin.SetString(CustomWidget3IconLabel,$LOCALIZE[31016])</onload>
	<onload condition="IsEmpty(Skin.String(CustomWidget4Icon))">Skin.SetString(CustomWidget4Icon,1)</onload>
	<onload condition="IsEmpty(Skin.String(CustomWidget4IconLabel))">Skin.SetString(CustomWidget4IconLabel,$LOCALIZE[31016])</onload>
	<onload condition="IsEmpty(Skin.String(CustomWidget5Icon))">Skin.SetString(CustomWidget5Icon,1)</onload>
	<onload condition="IsEmpty(Skin.String(CustomWidget5IconLabel))">Skin.SetString(CustomWidget5IconLabel,$LOCALIZE[31016])</onload>
	<onload condition="IsEmpty(Skin.String(CustomWidget6Icon))">Skin.SetString(CustomWidget6Icon,1)</onload>
	<onload condition="IsEmpty(Skin.String(CustomWidget6IconLabel))">Skin.SetString(CustomWidget6IconLabel,$LOCALIZE[31016])</onload>
	<onload condition="IsEmpty(Skin.String(CustomWidget7Icon))">Skin.SetString(CustomWidget7Icon,1)</onload>
	<onload condition="IsEmpty(Skin.String(CustomWidget7IconLabel))">Skin.SetString(CustomWidget7IconLabel,$LOCALIZE[31016])</onload>
	<onload condition="IsEmpty(Skin.String(CustomWidget8Icon))">Skin.SetString(CustomWidget8Icon,1)</onload>
	<onload condition="IsEmpty(Skin.String(CustomWidget8IconLabel))">Skin.SetString(CustomWidget8IconLabel,$LOCALIZE[31016])</onload>
	<onunload>ClearProperty(Window.HasSettings,Home)</onunload>
	<onunload>RunScript(script.skinshortcuts,type=buildxml&amp;mainmenuID=9000&amp;group=x1|x2|x3|x4|x5|x6|x7|x8|x9|x10|x11|x12|x13|x101|x202|x303|x404|x505|x606)</onunload>
	<controls>
		<include>CommonBackground</include>
		<control type="group">
			<left>0</left>
			<top>128</top>
			<include>Window_OpenClose_Animation</include>
			<control type="list" id="9000">
				<left>82</left>
				<top>0</top>
				<width>356</width>
				<height>840</height>
				<onleft>SetProperty(MediaMenu,True,home)</onleft>
				<onleft>SetFocus(9050,7)</onleft>
				<onright>9010</onright>
				<onup>9000</onup>
				<ondown>9000</ondown>
				<pagecontrol>-</pagecontrol>
				<scrolltime tween="quadratic" easing="out">200</scrolltime>
				<visible>!Window.IsActive(1121)</visible>
				<include>SettingsFadeEffect</include>
				<itemlayout height="90" width="356">
					<control type="label">
						<width>356</width>
						<height>90</height>
						<font>font15</font>
						<textoffsetx>20</textoffsetx>
						<textcolor>$VAR[ColorTextVar]</textcolor>
						<selectedcolor>$VAR[ColorHighlightVar]</selectedcolor>
						<align>right</align>
						<aligny>center</aligny>
						<label>$INFO[ListItem.Label]</label>
					</control>
				</itemlayout>
				<focusedlayout height="90" width="356">
					<control type="image">
						<animation effect="fade" time="50" start="100" end="50" condition="!Control.HasFocus(9000)">Conditional</animation>
						<width>356</width>
						<height>90</height>
						<texture>listselect_fo.png</texture>
						<colordiffuse>$VAR[ColorHighlightVar]</colordiffuse>
						<include>VisibleFadeEffect</include>
					</control>
					<control type="label">
						<width>356</width>
						<height>90</height>
						<font>font15</font>
						<textoffsetx>20</textoffsetx>
						<textcolor>$VAR[ColorTextVar]</textcolor>
						<selectedcolor>$VAR[ColorHighlightVar]</selectedcolor>
						<align>right</align>
						<aligny>center</aligny>
						<label>$INFO[ListItem.Label]</label>
					</control>
				</focusedlayout>
				<content>
					<item id="1">
						<label>513</label>
						<onclick>noop</onclick>
						<icon>-</icon>
					</item>
					<item id="2">
						<label>31311</label>
						<onclick>noop</onclick>
						<icon>-</icon>
					</item>
					<item id="3">
						<label>33069</label>
						<onclick>noop</onclick>
						<icon>-</icon>
					</item>
					<item id="4">
						<label>16000</label>
						<onclick>noop</onclick>
						<icon>-</icon>
					</item>
					<item id="5">
						<label>31009</label>
						<onclick>noop</onclick>
						<icon>-</icon>
					</item>
					<item id="6">
						<label>31014</label>
						<onclick>noop</onclick>
						<icon>-</icon>
					</item>
					<item id="7">
						<label>10038</label>
						<onclick>noop</onclick>
						<icon>-</icon>
					</item>
					<!--<item id="7">
						<label>24001</label>
						<onclick>noop</onclick>
						<icon>-</icon>
					</item>
					<item id="8">
						<label>14036</label>
						<onclick>noop</onclick>
						<icon>-</icon>
					</item>
					<item id="9">
						<label>13000</label>
						<onclick>noop</onclick>
						<icon>-</icon>
					</item>
					<item id="10">
						<label>10511</label>
						<onclick>noop</onclick>
						<icon>-</icon>
					</item>-->
				</content>
			</control>
			<control type="image">
				<description>LOGO</description>
				<left>82</left>
				<top>752</top>
				<width>356</width>
				<height>120</height>
				<aspectratio>keep</aspectratio>
				<texture>mimic-logo.png</texture>
				<colordiffuse>$VAR[ColorHighlightVar]</colordiffuse>
			</control>
			<control type="textbox">
				<description>description area</description>
				<left>552</left>
				<top>742</top>
				<width>1256</width>
				<height>140</height>
				<font>font15_textbox</font>
				<align>left</align>
				<textcolor>$VAR[ColorHighlightVar]</textcolor>
				<label>$VAR[SkinSettingsDescriptionVar]</label>
				<autoscroll time="3000" delay="4000" repeat="5000">true</autoscroll>
				<animation effect="fade" start="0" end="100" time="300" tween="sine" easing="inout">Visible</animation>
				<animation effect="fade" start="100" end="0" time="0" tween="sine" easing="inout">Hidden</animation>
				<visible>!Window.IsActive(1121)</visible>
			</control>
			<control type="group" id="9010">
				<visible>!Window.IsActive(1121)</visible>
				<include>SettingsFadeEffect</include>
				<control type="grouplist" id="9001">
					<description>Home window control area</description>
					<left>522</left>
					<top>0</top>
					<width>1316</width>
					<height>720</height>
					<itemgap>0</itemgap>
					<pagecontrol>60</pagecontrol>
					<onleft>9000</onleft>
					<onright>60</onright>
					<onup>9001</onup>
					<ondown>9001</ondown>
					<visible>Container(9000).HasFocus(1)</visible>
					<control type="button" id="108">
						<width>1316</width>
						<height>90</height>
						<textoffsetx>30</textoffsetx>
						<font>font15</font>
						<label>31018</label>
						<label2>$VAR[HomeLayoutSettingVar]</label2>
						<onclick>ActivateWindow(1131)</onclick>
					</control>
					<control type="button" id="100">
						<width>1316</width>
						<height>90</height>
						<textoffsetx>30</textoffsetx>
						<font>font15</font>
						<label>31911</label>
						<onclick>ActivateWindow(1121)</onclick>
					</control>
					<control type="button" id="101">
						<width>1316</width>
						<height>90</height>
						<textoffsetx>30</textoffsetx>
						<font>font15</font>
						<label>31143</label>
						<label2>$VAR[MenuItemsVar]</label2>
						<onclick>Skin.ToggleSetting(OriginalMenu)</onclick>
						<enable>Skin.HasSetting(Enable.HomeDefault)</enable>
					</control>
					<control type="radiobutton" id="102">
						<width>1316</width>
						<height>90</height>
						<textoffsetx>30</textoffsetx>
						<font>font15</font>
						<label>31509</label>
						<onclick>Skin.ToggleSetting(Disable.Musicinfo)</onclick>
						<selected>!Skin.HasSetting(Disable.Musicinfo)</selected>
					</control>
					<control type="radiobutton" id="103">
						<width>1316</width>
						<height>90</height>
						<textoffsetx>30</textoffsetx>
						<font>font15</font>
						<label>31510</label>
						<onclick>Skin.ToggleSetting(Disable.Videoinfo)</onclick>
						<selected>!Skin.HasSetting(Disable.Videoinfo)</selected>
					</control>
					<control type="radiobutton" id="104">
						<width>1316</width>
						<height>90</height>
						<textoffsetx>30</textoffsetx>
						<font>font15</font>
						<label>31002</label>
						<onclick>Skin.ToggleSetting(Disable.Topbarinfo)</onclick>
						<selected>!Skin.HasSetting(Disable.Topbarinfo)</selected>
					</control>
					<control type="radiobutton" id="106">
						<width>1316</width>
						<height>90</height>
						<textoffsetx>30</textoffsetx>
						<font>font15</font>
						<label>31101</label>
						<onclick>Skin.ToggleSetting(Enable.HomeFanartOverlay)</onclick>
						<selected>Skin.HasSetting(Enable.HomeFanartOverlay)</selected>
					</control>
					<control type="button" id="110">
						<width>1316</width>
						<height>90</height>
						<textoffsetx>30</textoffsetx>
						<font>font15</font>
						<label>31915</label>
						<label2>$VAR[HorizontalListNavVar]</label2>
						<onclick>Skin.ToggleSetting(HorizontalListNav)</onclick>
					</control>
					<control type="radiobutton" id="105">
						<width>1316</width>
						<height>90</height>
						<textoffsetx>30</textoffsetx>
						<font>font15</font>
						<label>31939</label>
						<onclick>Skin.ToggleSetting(Disable.WidgetPressUp)</onclick>
						<selected>Skin.HasSetting(Disable.WidgetPressUp)</selected>
					</control>
					<control type="radiobutton" id="107">
						<width>1316</width>
						<height>90</height>
						<textoffsetx>30</textoffsetx>
						<font>font15</font>
						<label>31967</label>
						<enable>Skin.HasSetting(Disable.WidgetPressUp)</enable>
						<onclick>Skin.ToggleSetting(Disable.WidgetAutoScroll)</onclick>
						<selected>Skin.HasSetting(Disable.WidgetAutoScroll)</selected>
					</control>
					<control type="radiobutton" id="109">
						<width>1316</width>
						<height>90</height>
						<textoffsetx>30</textoffsetx>
						<font>font15</font>
						<label>31112</label>
						<onclick>Skin.ToggleSetting(Disable.SubmenuSlide)</onclick>
						<selected>Skin.HasSetting(Disable.SubmenuSlide)</selected>
					</control>
				</control>
				<control type="grouplist" id="9007">
					<description>Custom Widgets control area</description>
					<left>522</left>
					<top>0</top>
					<width>1316</width>
					<height>720</height>
					<itemgap>0</itemgap>
					<pagecontrol>60</pagecontrol>
					<onleft>9000</onleft>
					<onright>60</onright>
					<onup>9007</onup>
					<ondown>9007</ondown>
					<visible>Container(9000).HasFocus(2)</visible>
					<control type="radiobutton" id="700">
						<visible>![Skin.HasSetting(Expand.CustomWidget2) | Skin.HasSetting(Expand.CustomWidget3) | Skin.HasSetting(Expand.CustomWidget4) | Skin.HasSetting(Expand.CustomWidget5) | Skin.HasSetting(Expand.CustomWidget6) | Skin.HasSetting(Expand.CustomWidget7) | Skin.HasSetting(Expand.CustomWidget8)]</visible>
						<width>1316</width>
						<height>90</height>
						<textoffsetx>30</textoffsetx>
						<font>font15</font>
						<label>[UPPERCASE]$LOCALIZE[31312] 1 $INFO[Skin.String(CustomWidget1Name),- ,][/UPPERCASE]</label>
						<onclick>Skin.ToggleSetting(Expand.CustomWidget1)</onclick>
						<radiowidth>40</radiowidth>
						<radioheight>40</radioheight>
						<radioposx>1250</radioposx>
						<textureradioonfocus colordiffuse="$VAR[ColorTextVar]">android/numberpicker_up_normal_holo_dark.png</textureradioonfocus>
						<textureradioonnofocus colordiffuse="$VAR[ColorTextVar]">android/numberpicker_up_normal_holo_dark.png</textureradioonnofocus>
						<textureradioofffocus colordiffuse="$VAR[ColorTextVar]">android/numberpicker_down_normal_holo_dark.png</textureradioofffocus>
						<textureradiooffnofocus colordiffuse="$VAR[ColorTextVar]">android/numberpicker_down_normal_holo_dark.png</textureradiooffnofocus>
					</control>
					<control type="button" id="701">
						<description>Path</description>
						<width>1316</width>
						<height>90</height>
						<textoffsetx>30</textoffsetx>
						<font>font15</font>
						<label>- $LOCALIZE[573]</label>
						<label2>$INFO[Skin.String(CustomWidget1Path.List)]</label2>
						<onclick>RunScript(script.favourites,property=CustomWidget1Path)</onclick>
						<visible>Skin.HasSetting(Expand.CustomWidget1)</visible>
					</control>
					<control type="button" id="702">
						<description>Name</description>
						<width>1316</width>
						<height>90</height>
						<textoffsetx>30</textoffsetx>
						<font>font15</font>
						<label>- $LOCALIZE[551]</label>
						<label2>$INFO[Skin.String(CustomWidget1Name)]</label2>
						<onclick>Skin.SetString(CustomWidget1Name)</onclick>
						<visible>Skin.HasSetting(Expand.CustomWidget1)</visible>
					</control>
					<control type="button" id="703">
						<width>1316</width>
						<height>90</height>
						<textoffsetx>30</textoffsetx>
						<font>font15</font>
						<label>- $LOCALIZE[31152]</label>
						<label2>$INFO[Skin.String(CustomWidget1IconLabel)]</label2>
						<onclick>SetProperty(Mimic.CustomWidget1IconSelect,1,home)</onclick>
						<onclick>ActivateWindow(1132)</onclick>
						<visible>Skin.HasSetting(Expand.CustomWidget1)</visible>
					</control>
					<control type="button" id="704">
						<width>1316</width>
						<height>90</height>
						<textoffsetx>30</textoffsetx>
						<font>font15</font>
						<label>- $LOCALIZE[10035]</label>
						<onclick>Skin.Reset(CustomWidget1Path.List)</onclick>
						<onclick>Skin.Reset(CustomWidget1Name)</onclick>
						<onclick>Skin.SetString(CustomWidget1Icon,1)</onclick>
						<onclick>Skin.SetString(CustomWidget1IconLabel,$LOCALIZE[31016])</onclick>
						<visible>Skin.HasSetting(Expand.CustomWidget1)</visible>
					</control>
					<control type="radiobutton" id="705">
						<visible>![Skin.HasSetting(Expand.CustomWidget1) | Skin.HasSetting(Expand.CustomWidget3) | Skin.HasSetting(Expand.CustomWidget4) | Skin.HasSetting(Expand.CustomWidget5) | Skin.HasSetting(Expand.CustomWidget6) | Skin.HasSetting(Expand.CustomWidget7) | Skin.HasSetting(Expand.CustomWidget8)]</visible>
						<width>1316</width>
						<height>90</height>
						<textoffsetx>30</textoffsetx>
						<font>font15</font>
						<label>[UPPERCASE]$LOCALIZE[31312] 2 $INFO[Skin.String(CustomWidget2Name),- ,][/UPPERCASE]</label>
						<onclick>Skin.ToggleSetting(Expand.CustomWidget2)</onclick>
						<radiowidth>40</radiowidth>
						<radioheight>40</radioheight>
						<radioposx>1250</radioposx>
						<textureradioonfocus colordiffuse="$VAR[ColorTextVar]">android/numberpicker_up_normal_holo_dark.png</textureradioonfocus>
						<textureradioonnofocus colordiffuse="$VAR[ColorTextVar]">android/numberpicker_up_normal_holo_dark.png</textureradioonnofocus>
						<textureradioofffocus colordiffuse="$VAR[ColorTextVar]">android/numberpicker_down_normal_holo_dark.png</textureradioofffocus>
						<textureradiooffnofocus colordiffuse="$VAR[ColorTextVar]">android/numberpicker_down_normal_holo_dark.png</textureradiooffnofocus>
					</control>
					<control type="button" id="706">
						<description>Path</description>
						<width>1316</width>
						<height>90</height>
						<textoffsetx>30</textoffsetx>
						<font>font15</font>
						<label>- $LOCALIZE[573]</label>
						<label2>$INFO[Skin.String(CustomWidget2Path.List)]</label2>
						<onclick>RunScript(script.favourites,property=CustomWidget2Path)</onclick>
						<visible>Skin.HasSetting(Expand.CustomWidget2)</visible>
					</control>
					<control type="button" id="707">
						<description>Name</description>
						<width>1316</width>
						<height>90</height>
						<textoffsetx>30</textoffsetx>
						<font>font15</font>
						<label>- $LOCALIZE[551]</label>
						<label2>$INFO[Skin.String(CustomWidget2Name)]</label2>
						<onclick>Skin.SetString(CustomWidget2Name)</onclick>
						<visible>Skin.HasSetting(Expand.CustomWidget2)</visible>
					</control>
					<control type="button" id="708">
						<width>1316</width>
						<height>90</height>
						<textoffsetx>30</textoffsetx>
						<font>font15</font>
						<label>- $LOCALIZE[31152]</label>
						<label2>$INFO[Skin.String(CustomWidget2IconLabel)]</label2>
						<onclick>SetProperty(Mimic.CustomWidget2IconSelect,1,home)</onclick>
						<onclick>ActivateWindow(1132)</onclick>
						<visible>Skin.HasSetting(Expand.CustomWidget2)</visible>
					</control>
					<control type="button" id="709">
						<width>1316</width>
						<height>90</height>
						<textoffsetx>30</textoffsetx>
						<font>font15</font>
						<label>- $LOCALIZE[10035]</label>
						<onclick>Skin.Reset(CustomWidget2Path.List)</onclick>
						<onclick>Skin.Reset(CustomWidget2Name)</onclick>
						<onclick>Skin.SetString(CustomWidget2Icon,1)</onclick>
						<onclick>Skin.SetString(CustomWidget2IconLabel,$LOCALIZE[31016])</onclick>
						<visible>Skin.HasSetting(Expand.CustomWidget2)</visible>
					</control>
					<control type="radiobutton" id="710">
						<visible>![Skin.HasSetting(Expand.CustomWidget1) | Skin.HasSetting(Expand.CustomWidget2) | Skin.HasSetting(Expand.CustomWidget4) | Skin.HasSetting(Expand.CustomWidget5) | Skin.HasSetting(Expand.CustomWidget6) | Skin.HasSetting(Expand.CustomWidget7) | Skin.HasSetting(Expand.CustomWidget8)]</visible>
						<width>1316</width>
						<height>90</height>
						<textoffsetx>30</textoffsetx>
						<font>font15</font>
						<label>[UPPERCASE]$LOCALIZE[31312] 3 $INFO[Skin.String(CustomWidget3Name),- ,][/UPPERCASE]</label>
						<onclick>Skin.ToggleSetting(Expand.CustomWidget3)</onclick>
						<radiowidth>40</radiowidth>
						<radioheight>40</radioheight>
						<radioposx>1250</radioposx>
						<textureradioonfocus colordiffuse="$VAR[ColorTextVar]">android/numberpicker_up_normal_holo_dark.png</textureradioonfocus>
						<textureradioonnofocus colordiffuse="$VAR[ColorTextVar]">android/numberpicker_up_normal_holo_dark.png</textureradioonnofocus>
						<textureradioofffocus colordiffuse="$VAR[ColorTextVar]">android/numberpicker_down_normal_holo_dark.png</textureradioofffocus>
						<textureradiooffnofocus colordiffuse="$VAR[ColorTextVar]">android/numberpicker_down_normal_holo_dark.png</textureradiooffnofocus>
					</control>
					<control type="button" id="711">
						<description>Path</description>
						<width>1316</width>
						<height>90</height>
						<textoffsetx>30</textoffsetx>
						<font>font15</font>
						<label>- $LOCALIZE[573]</label>
						<label2>$INFO[Skin.String(CustomWidget3Path.List)]</label2>
						<onclick>RunScript(script.favourites,property=CustomWidget3Path)</onclick>
						<visible>Skin.HasSetting(Expand.CustomWidget3)</visible>
					</control>
					<control type="button" id="712">
						<description>Name</description>
						<width>1316</width>
						<height>90</height>
						<textoffsetx>30</textoffsetx>
						<font>font15</font>
						<label>- $LOCALIZE[551]</label>
						<label2>$INFO[Skin.String(CustomWidget3Name)]</label2>
						<onclick>Skin.SetString(CustomWidget3Name)</onclick>
						<visible>Skin.HasSetting(Expand.CustomWidget3)</visible>
					</control>
					<control type="button" id="713">
						<width>1316</width>
						<height>90</height>
						<textoffsetx>30</textoffsetx>
						<font>font15</font>
						<label>- $LOCALIZE[31152]</label>
						<label2>$INFO[Skin.String(CustomWidget3IconLabel)]</label2>
						<onclick>SetProperty(Mimic.CustomWidget3IconSelect,1,home)</onclick>
						<onclick>ActivateWindow(1132)</onclick>
						<visible>Skin.HasSetting(Expand.CustomWidget3)</visible>
					</control>
					<control type="button" id="714">
						<width>1316</width>
						<height>90</height>
						<textoffsetx>30</textoffsetx>
						<font>font15</font>
						<label>- $LOCALIZE[10035]</label>
						<onclick>Skin.Reset(CustomWidget3Path.List)</onclick>
						<onclick>Skin.Reset(CustomWidget3Name)</onclick>
						<onclick>Skin.SetString(CustomWidget3Icon,1)</onclick>
						<onclick>Skin.SetString(CustomWidget3IconLabel,$LOCALIZE[31016])</onclick>
						<visible>Skin.HasSetting(Expand.CustomWidget3)</visible>
					</control>
					<control type="radiobutton" id="715">
						<visible>![Skin.HasSetting(Expand.CustomWidget1) | Skin.HasSetting(Expand.CustomWidget2) | Skin.HasSetting(Expand.CustomWidget3) | Skin.HasSetting(Expand.CustomWidget5) | Skin.HasSetting(Expand.CustomWidget6) | Skin.HasSetting(Expand.CustomWidget7) | Skin.HasSetting(Expand.CustomWidget8)]</visible>
						<width>1316</width>
						<height>90</height>
						<textoffsetx>30</textoffsetx>
						<font>font15</font>
						<label>[UPPERCASE]$LOCALIZE[31312] 4 $INFO[Skin.String(CustomWidget4Name),- ,][/UPPERCASE]</label>
						<onclick>Skin.ToggleSetting(Expand.CustomWidget4)</onclick>
						<radiowidth>40</radiowidth>
						<radioheight>40</radioheight>
						<radioposx>1250</radioposx>
						<textureradioonfocus colordiffuse="$VAR[ColorTextVar]">android/numberpicker_up_normal_holo_dark.png</textureradioonfocus>
						<textureradioonnofocus colordiffuse="$VAR[ColorTextVar]">android/numberpicker_up_normal_holo_dark.png</textureradioonnofocus>
						<textureradioofffocus colordiffuse="$VAR[ColorTextVar]">android/numberpicker_down_normal_holo_dark.png</textureradioofffocus>
						<textureradiooffnofocus colordiffuse="$VAR[ColorTextVar]">android/numberpicker_down_normal_holo_dark.png</textureradiooffnofocus>
					</control>
					<control type="button" id="716">
						<description>Path</description>
						<width>1316</width>
						<height>90</height>
						<textoffsetx>30</textoffsetx>
						<font>font15</font>
						<label>- $LOCALIZE[573]</label>
						<label2>$INFO[Skin.String(CustomWidget4Path.List)]</label2>
						<onclick>RunScript(script.favourites,property=CustomWidget4Path)</onclick>
						<visible>Skin.HasSetting(Expand.CustomWidget4)</visible>
					</control>
					<control type="button" id="717">
						<description>Name</description>
						<width>1316</width>
						<height>90</height>
						<textoffsetx>30</textoffsetx>
						<font>font15</font>
						<label>- $LOCALIZE[551]</label>
						<label2>$INFO[Skin.String(CustomWidget4Name)]</label2>
						<onclick>Skin.SetString(CustomWidget4Name)</onclick>
						<visible>Skin.HasSetting(Expand.CustomWidget4)</visible>
					</control>
					<control type="button" id="718">
						<width>1316</width>
						<height>90</height>
						<textoffsetx>30</textoffsetx>
						<font>font15</font>
						<label>- $LOCALIZE[31152]</label>
						<label2>$INFO[Skin.String(CustomWidget4IconLabel)]</label2>
						<onclick>SetProperty(Mimic.CustomWidget4IconSelect,1,home)</onclick>
						<onclick>ActivateWindow(1132)</onclick>
						<visible>Skin.HasSetting(Expand.CustomWidget4)</visible>
					</control>
					<control type="button" id="719">
						<width>1316</width>
						<height>90</height>
						<textoffsetx>30</textoffsetx>
						<font>font15</font>
						<label>- $LOCALIZE[10035]</label>
						<onclick>Skin.Reset(CustomWidget4Path.List)</onclick>
						<onclick>Skin.Reset(CustomWidget4Name)</onclick>
						<onclick>Skin.SetString(CustomWidget4Icon,1)</onclick>
						<onclick>Skin.SetString(CustomWidget4IconLabel,$LOCALIZE[31016])</onclick>
						<visible>Skin.HasSetting(Expand.CustomWidget4)</visible>
					</control>
					<control type="radiobutton" id="720">
						<visible>![Skin.HasSetting(Expand.CustomWidget1) | Skin.HasSetting(Expand.CustomWidget2) | Skin.HasSetting(Expand.CustomWidget3) | Skin.HasSetting(Expand.CustomWidget4) | Skin.HasSetting(Expand.CustomWidget6) | Skin.HasSetting(Expand.CustomWidget7) | Skin.HasSetting(Expand.CustomWidget8)]</visible>
						<width>1316</width>
						<height>90</height>
						<textoffsetx>30</textoffsetx>
						<font>font15</font>
						<label>[UPPERCASE]$LOCALIZE[31312] 5 $INFO[Skin.String(CustomWidget5Name),- ,][/UPPERCASE]</label>
						<onclick>Skin.ToggleSetting(Expand.CustomWidget5)</onclick>
						<radiowidth>40</radiowidth>
						<radioheight>40</radioheight>
						<radioposx>1250</radioposx>
						<textureradioonfocus colordiffuse="$VAR[ColorTextVar]">android/numberpicker_up_normal_holo_dark.png</textureradioonfocus>
						<textureradioonnofocus colordiffuse="$VAR[ColorTextVar]">android/numberpicker_up_normal_holo_dark.png</textureradioonnofocus>
						<textureradioofffocus colordiffuse="$VAR[ColorTextVar]">android/numberpicker_down_normal_holo_dark.png</textureradioofffocus>
						<textureradiooffnofocus colordiffuse="$VAR[ColorTextVar]">android/numberpicker_down_normal_holo_dark.png</textureradiooffnofocus>
					</control>
					<control type="button" id="721">
						<description>Path</description>
						<width>1316</width>
						<height>90</height>
						<textoffsetx>30</textoffsetx>
						<font>font15</font>
						<label>- $LOCALIZE[573]</label>
						<label2>$INFO[Skin.String(CustomWidget5Path.List)]</label2>
						<onclick>RunScript(script.favourites,property=CustomWidget5Path)</onclick>
						<visible>Skin.HasSetting(Expand.CustomWidget5)</visible>
					</control>
					<control type="button" id="722">
						<description>Name</description>
						<width>1316</width>
						<height>90</height>
						<textoffsetx>30</textoffsetx>
						<font>font15</font>
						<label>- $LOCALIZE[551]</label>
						<label2>$INFO[Skin.String(CustomWidget5Name)]</label2>
						<onclick>Skin.SetString(CustomWidget5Name)</onclick>
						<visible>Skin.HasSetting(Expand.CustomWidget5)</visible>
					</control>
					<control type="button" id="723">
						<width>1316</width>
						<height>90</height>
						<textoffsetx>30</textoffsetx>
						<font>font15</font>
						<label>- $LOCALIZE[31152]</label>
						<label2>$INFO[Skin.String(CustomWidget5IconLabel)]</label2>
						<onclick>SetProperty(Mimic.CustomWidget5IconSelect,1,home)</onclick>
						<onclick>ActivateWindow(1132)</onclick>
						<visible>Skin.HasSetting(Expand.CustomWidget5)</visible>
					</control>
					<control type="button" id="724">
						<width>1316</width>
						<height>90</height>
						<textoffsetx>30</textoffsetx>
						<font>font15</font>
						<label>- $LOCALIZE[10035]</label>
						<onclick>Skin.Reset(CustomWidget5Path.List)</onclick>
						<onclick>Skin.Reset(CustomWidget5Name)</onclick>
						<onclick>Skin.SetString(CustomWidget5Icon,1)</onclick>
						<onclick>Skin.SetString(CustomWidget5IconLabel,$LOCALIZE[31016])</onclick>
						<visible>Skin.HasSetting(Expand.CustomWidget5)</visible>
					</control>
					<control type="radiobutton" id="725">
						<visible>![Skin.HasSetting(Expand.CustomWidget1) | Skin.HasSetting(Expand.CustomWidget2) | Skin.HasSetting(Expand.CustomWidget3) | Skin.HasSetting(Expand.CustomWidget4) | Skin.HasSetting(Expand.CustomWidget5) | Skin.HasSetting(Expand.CustomWidget7) | Skin.HasSetting(Expand.CustomWidget8)]</visible>
						<width>1316</width>
						<height>90</height>
						<textoffsetx>30</textoffsetx>
						<font>font15</font>
						<label>[UPPERCASE]$LOCALIZE[31312] 6 $INFO[Skin.String(CustomWidget6Name),- ,][/UPPERCASE]</label>
						<onclick>Skin.ToggleSetting(Expand.CustomWidget6)</onclick>
						<radiowidth>40</radiowidth>
						<radioheight>40</radioheight>
						<radioposx>1250</radioposx>
						<textureradioonfocus colordiffuse="$VAR[ColorTextVar]">android/numberpicker_up_normal_holo_dark.png</textureradioonfocus>
						<textureradioonnofocus colordiffuse="$VAR[ColorTextVar]">android/numberpicker_up_normal_holo_dark.png</textureradioonnofocus>
						<textureradioofffocus colordiffuse="$VAR[ColorTextVar]">android/numberpicker_down_normal_holo_dark.png</textureradioofffocus>
						<textureradiooffnofocus colordiffuse="$VAR[ColorTextVar]">android/numberpicker_down_normal_holo_dark.png</textureradiooffnofocus>
					</control>
					<control type="button" id="726">
						<description>Path</description>
						<width>1316</width>
						<height>90</height>
						<textoffsetx>30</textoffsetx>
						<font>font15</font>
						<label>- $LOCALIZE[573]</label>
						<label2>$INFO[Skin.String(CustomWidget6Path.List)]</label2>
						<onclick>RunScript(script.favourites,property=CustomWidget6Path)</onclick>
						<visible>Skin.HasSetting(Expand.CustomWidget6)</visible>
					</control>
					<control type="button" id="727">
						<description>Name</description>
						<width>1316</width>
						<height>90</height>
						<textoffsetx>30</textoffsetx>
						<font>font15</font>
						<label>- $LOCALIZE[551]</label>
						<label2>$INFO[Skin.String(CustomWidget6Name)]</label2>
						<onclick>Skin.SetString(CustomWidget6Name)</onclick>
						<visible>Skin.HasSetting(Expand.CustomWidget6)</visible>
					</control>
					<control type="button" id="728">
						<width>1316</width>
						<height>90</height>
						<textoffsetx>30</textoffsetx>
						<font>font15</font>
						<label>- $LOCALIZE[31152]</label>
						<label2>$INFO[Skin.String(CustomWidget6IconLabel)]</label2>
						<onclick>SetProperty(Mimic.CustomWidget6IconSelect,1,home)</onclick>
						<onclick>ActivateWindow(1132)</onclick>
						<visible>Skin.HasSetting(Expand.CustomWidget6)</visible>
					</control>
					<control type="button" id="729">
						<width>1316</width>
						<height>90</height>
						<textoffsetx>30</textoffsetx>
						<font>font15</font>
						<label>- $LOCALIZE[10035]</label>
						<onclick>Skin.Reset(CustomWidget6Path.List)</onclick>
						<onclick>Skin.Reset(CustomWidget6Name)</onclick>
						<onclick>Skin.SetString(CustomWidget6Icon,1)</onclick>
						<onclick>Skin.SetString(CustomWidget6IconLabel,$LOCALIZE[31016])</onclick>
						<visible>Skin.HasSetting(Expand.CustomWidget6)</visible>
					</control>
					<control type="radiobutton" id="730">
						<visible>![Skin.HasSetting(Expand.CustomWidget1) | Skin.HasSetting(Expand.CustomWidget2) | Skin.HasSetting(Expand.CustomWidget3) | Skin.HasSetting(Expand.CustomWidget4) | Skin.HasSetting(Expand.CustomWidget5) | Skin.HasSetting(Expand.CustomWidget6) | Skin.HasSetting(Expand.CustomWidget8)]</visible>
						<width>1316</width>
						<height>90</height>
						<textoffsetx>30</textoffsetx>
						<font>font15</font>
						<label>[UPPERCASE]$LOCALIZE[31312] 7 $INFO[Skin.String(CustomWidget7Name),- ,][/UPPERCASE]</label>
						<onclick>Skin.ToggleSetting(Expand.CustomWidget7)</onclick>
						<radiowidth>40</radiowidth>
						<radioheight>40</radioheight>
						<radioposx>1250</radioposx>
						<textureradioonfocus colordiffuse="$VAR[ColorTextVar]">android/numberpicker_up_normal_holo_dark.png</textureradioonfocus>
						<textureradioonnofocus colordiffuse="$VAR[ColorTextVar]">android/numberpicker_up_normal_holo_dark.png</textureradioonnofocus>
						<textureradioofffocus colordiffuse="$VAR[ColorTextVar]">android/numberpicker_down_normal_holo_dark.png</textureradioofffocus>
						<textureradiooffnofocus colordiffuse="$VAR[ColorTextVar]">android/numberpicker_down_normal_holo_dark.png</textureradiooffnofocus>
					</control>
					<control type="button" id="731">
						<description>Path</description>
						<width>1316</width>
						<height>90</height>
						<textoffsetx>30</textoffsetx>
						<font>font15</font>
						<label>- $LOCALIZE[573]</label>
						<label2>$INFO[Skin.String(CustomWidget7Path.List)]</label2>
						<onclick>RunScript(script.favourites,property=CustomWidget7Path)</onclick>
						<visible>Skin.HasSetting(Expand.CustomWidget7)</visible>
					</control>
					<control type="button" id="732">
						<description>Name</description>
						<width>1316</width>
						<height>90</height>
						<textoffsetx>30</textoffsetx>
						<font>font15</font>
						<label>- $LOCALIZE[551]</label>
						<label2>$INFO[Skin.String(CustomWidget7Name)]</label2>
						<onclick>Skin.SetString(CustomWidget7Name)</onclick>
						<visible>Skin.HasSetting(Expand.CustomWidget7)</visible>
					</control>
					<control type="button" id="733">
						<width>1316</width>
						<height>90</height>
						<textoffsetx>30</textoffsetx>
						<font>font15</font>
						<label>- $LOCALIZE[31152]</label>
						<label2>$INFO[Skin.String(CustomWidget7IconLabel)]</label2>
						<onclick>SetProperty(Mimic.CustomWidget7IconSelect,1,home)</onclick>
						<onclick>ActivateWindow(1132)</onclick>
						<visible>Skin.HasSetting(Expand.CustomWidget7)</visible>
					</control>
					<control type="button" id="734">
						<width>1316</width>
						<height>90</height>
						<textoffsetx>30</textoffsetx>
						<font>font15</font>
						<label>- $LOCALIZE[10035]</label>
						<onclick>Skin.Reset(CustomWidget7Path.List)</onclick>
						<onclick>Skin.Reset(CustomWidget7Name)</onclick>
						<onclick>Skin.SetString(CustomWidget7Icon,1)</onclick>
						<onclick>Skin.SetString(CustomWidget7IconLabel,$LOCALIZE[31016])</onclick>
						<visible>Skin.HasSetting(Expand.CustomWidget7)</visible>
					</control>
					<control type="radiobutton" id="735">
						<visible>![Skin.HasSetting(Expand.CustomWidget1) | Skin.HasSetting(Expand.CustomWidget2) | Skin.HasSetting(Expand.CustomWidget3) | Skin.HasSetting(Expand.CustomWidget4) | Skin.HasSetting(Expand.CustomWidget5) | Skin.HasSetting(Expand.CustomWidget6) | Skin.HasSetting(Expand.CustomWidget7)]</visible>
						<width>1316</width>
						<height>90</height>
						<textoffsetx>30</textoffsetx>
						<font>font15</font>
						<label>[UPPERCASE]$LOCALIZE[31312] 8 $INFO[Skin.String(CustomWidget8Name),- ,][/UPPERCASE]</label>
						<onclick>Skin.ToggleSetting(Expand.CustomWidget8)</onclick>
						<radiowidth>40</radiowidth>
						<radioheight>40</radioheight>
						<radioposx>1250</radioposx>
						<textureradioonfocus colordiffuse="$VAR[ColorTextVar]">android/numberpicker_up_normal_holo_dark.png</textureradioonfocus>
						<textureradioonnofocus colordiffuse="$VAR[ColorTextVar]">android/numberpicker_up_normal_holo_dark.png</textureradioonnofocus>
						<textureradioofffocus colordiffuse="$VAR[ColorTextVar]">android/numberpicker_down_normal_holo_dark.png</textureradioofffocus>
						<textureradiooffnofocus colordiffuse="$VAR[ColorTextVar]">android/numberpicker_down_normal_holo_dark.png</textureradiooffnofocus>
					</control>
					<control type="button" id="736">
						<description>Path</description>
						<width>1316</width>
						<height>90</height>
						<textoffsetx>30</textoffsetx>
						<font>font15</font>
						<label>- $LOCALIZE[573]</label>
						<label2>$INFO[Skin.String(CustomWidget8Path.List)]</label2>
						<onclick>RunScript(script.favourites,property=CustomWidget8Path)</onclick>
						<visible>Skin.HasSetting(Expand.CustomWidget8)</visible>
					</control>
					<control type="button" id="737">
						<description>Name</description>
						<width>1316</width>
						<height>90</height>
						<textoffsetx>30</textoffsetx>
						<font>font15</font>
						<label>- $LOCALIZE[551]</label>
						<label2>$INFO[Skin.String(CustomWidget8Name)]</label2>
						<onclick>Skin.SetString(CustomWidget8Name)</onclick>
						<visible>Skin.HasSetting(Expand.CustomWidget8)</visible>
					</control>
					<control type="button" id="738">
						<width>1316</width>
						<height>90</height>
						<textoffsetx>30</textoffsetx>
						<font>font15</font>
						<label>- $LOCALIZE[31152]</label>
						<label2>$INFO[Skin.String(CustomWidget8IconLabel)]</label2>
						<onclick>SetProperty(Mimic.CustomWidget8IconSelect,1,home)</onclick>
						<onclick>ActivateWindow(1132)</onclick>
						<visible>Skin.HasSetting(Expand.CustomWidget8)</visible>
					</control>
					<control type="button" id="739">
						<width>1316</width>
						<height>90</height>
						<textoffsetx>30</textoffsetx>
						<font>font15</font>
						<label>- $LOCALIZE[10035]</label>
						<onclick>Skin.Reset(CustomWidget8Path.List)</onclick>
						<onclick>Skin.Reset(CustomWidget8Name)</onclick>
						<onclick>Skin.SetString(CustomWidget8Icon,1)</onclick>
						<onclick>Skin.SetString(CustomWidget8IconLabel,$LOCALIZE[31016])</onclick>
						<visible>Skin.HasSetting(Expand.CustomWidget8)</visible>
					</control>
				</control>
				<control type="grouplist" id="9006">
					<description>Backgrounds control area</description>
					<left>522</left>
					<top>0</top>
					<width>1316</width>
					<height>720</height>
					<itemgap>0</itemgap>
					<pagecontrol>60</pagecontrol>
					<onleft>9000</onleft>
					<onright>60</onright>
					<onup>9006</onup>
					<ondown>9006</ondown>
					<visible>Container(9000).HasFocus(3)</visible>
					<control type="button" id="600">
						<width>1316</width>
						<height>90</height>
						<textoffsetx>30</textoffsetx>
						<font>font15</font>
						<label>31947</label>
						<onclick>ActivateWindow(1128)</onclick>
					</control>
					<control type="button" id="601">
						<width>1316</width>
						<height>90</height>
						<textoffsetx>30</textoffsetx>
						<font>font15</font>
						<label>31115</label>
						<label2>$INFO[Skin.String(CustomBackground)]</label2>
						<onclick>Skin.SetImage(CustomBackground,,special://skin/backgrounds)</onclick>
					</control>
					<control type="button" id="604">
						<width>1316</width>
						<height>90</height>
						<textoffsetx>30</textoffsetx>
						<font>font15</font>
						<label>- $LOCALIZE[10035]</label>
						<onclick>Skin.Reset(CustomBackground)</onclick>
						<visible>!IsEmpty(Skin.String(CustomBackground))</visible>
					</control>
					<control type="radiobutton" id="602">
						<width>1316</width>
						<height>90</height>
						<textoffsetx>30</textoffsetx>
						<font>font15</font>
						<label>31124</label>
						<onclick>Skin.ToggleSetting(Disable.ShowBackgroundVideo)</onclick>
						<selected>!Skin.HasSetting(Disable.ShowBackgroundVideo)</selected>
					</control>
					<control type="radiobutton" id="603">
						<width>1316</width>
						<height>90</height>
						<textoffsetx>30</textoffsetx>
						<font>font15</font>
						<label>31125</label>
						<onclick>Skin.ToggleSetting(Disable.ShowBackgroundVis)</onclick>
						<selected>!Skin.HasSetting(Disable.ShowBackgroundVis)</selected>
					</control>
				</control>
				<control type="grouplist" id="9002">
					<description>General control area</description>
					<left>522</left>
					<top>0</top>
					<width>1316</width>
					<height>720</height>
					<itemgap>0</itemgap>
					<pagecontrol>60</pagecontrol>
					<onleft>9000</onleft>
					<onright>60</onright>
					<onup>9002</onup>
					<ondown>9002</ondown>
					<visible>Container(9000).HasFocus(4)</visible>
					<control type="radiobutton" id="200">
						<width>1316</width>
						<height>90</height>
						<textoffsetx>30</textoffsetx>
						<font>font15</font>
						<label>20189</label>
						<onclick>Skin.ToggleSetting(Enable.AutoScroll)</onclick>
						<selected>Skin.HasSetting(Enable.AutoScroll)</selected>
					</control>
					<control type="button" id="201">
						<width>1316</width>
						<height>90</height>
						<textoffsetx>30</textoffsetx>
						<font>font15</font>
						<label>31931</label>
						<label2>$VAR[VideoPlotLocalizeVar]</label2>
						<onclick>Skin.ToggleSetting(VideoInfoPlotToggle)</onclick>
					</control>
					<control type="radiobutton" id="202">
						<width>1316</width>
						<height>90</height>
						<textoffsetx>30</textoffsetx>
						<font>font15</font>
						<label>31123</label>
						<onclick>Skin.ToggleSetting(Disable.ShowPlayingMusic)</onclick>
						<selected>!Skin.HasSetting(Disable.ShowPlayingMusic)</selected>
					</control>
					<control type="button" id="203">
						<width>1316</width>
						<height>90</height>
						<textoffsetx>30</textoffsetx>
						<font>font15</font>
						<label>31943</label>
						<onclick>ActivateWindow(1127)</onclick>
					</control>
				</control>
				<control type="grouplist" id="9005">
					<description>Colors control area</description>
					<left>522</left>
					<top>0</top>
					<width>1316</width>
					<height>720</height>
					<itemgap>0</itemgap>
					<pagecontrol>60</pagecontrol>
					<onleft>9000</onleft>
					<onright>60</onright>
					<onup>9005</onup>
					<ondown>9005</ondown>
					<visible>Container(9000).HasFocus(5)</visible>
					<control type="radiobutton" id="502">
						<width>1316</width>
						<height>90</height>
						<textoffsetx>30</textoffsetx>
						<font>font15</font>
						<label>31211</label>
						<onclick>Skin.ToggleSetting(ColorCustomizer.Enabled)</onclick>
						<selected>Skin.HasSetting(ColorCustomizer.Enabled)</selected>
					</control>
					<control type="button" id="503">
						<width>1316</width>
						<height>90</height>
						<textoffsetx>30</textoffsetx>
						<font>font15</font>
						<label>31212</label>
						<onclick>Skin.SetString(ColorCustomizer,highlightcolor.name)</onclick>
						<onclick>ActivateWindow(1130)</onclick>
						<enable>Skin.HasSetting(ColorCustomizer.Enabled)</enable>
					</control>
					<control type="button" id="504">
						<width>1316</width>
						<height>90</height>
						<textoffsetx>30</textoffsetx>
						<font>font15</font>
						<label>31213</label>
						<onclick>Skin.SetString(ColorCustomizer,backgroundcolor.name)</onclick>
						<onclick>ActivateWindow(1130)</onclick>
						<enable>Skin.HasSetting(ColorCustomizer.Enabled)</enable>
					</control>
					<control type="button" id="505">
						<width>1316</width>
						<height>90</height>
						<textoffsetx>30</textoffsetx>
						<font>font15</font>
						<label>31214</label>
						<onclick>Skin.SetString(ColorCustomizer,dialogcolor.name)</onclick>
						<onclick>ActivateWindow(1130)</onclick>
						<enable>Skin.HasSetting(ColorCustomizer.Enabled)</enable>
					</control>
					<control type="button" id="506">
						<width>1316</width>
						<height>90</height>
						<textoffsetx>30</textoffsetx>
						<font>font15</font>
						<label>31145</label>
						<onclick>Skin.SetString(ColorCustomizer,textcolor.name)</onclick>
						<onclick>ActivateWindow(1130)</onclick>
						<enable>Skin.HasSetting(ColorCustomizer.Enabled)</enable>
					</control>
					<control type="button" id="507">
						<width>1316</width>
						<height>90</height>
						<textoffsetx>30</textoffsetx>
						<font>font15</font>
						<label>31147</label>
						<onclick>Skin.SetString(ColorCustomizer,menucolor.name)</onclick>
						<onclick>ActivateWindow(1130)</onclick>
						<enable>Skin.HasSetting(ColorCustomizer.Enabled)</enable>
					</control>
					<control type="button" id="508">
						<width>1316</width>
						<height>90</height>
						<textoffsetx>30</textoffsetx>
						<font>font15</font>
						<label>- $LOCALIZE[10035]</label>
						<onclick>Skin.SetString(highlightcolor.name,FF3989D3)</onclick>
						<onclick>Skin.SetString(backgroundcolor.name,FF444444)</onclick>
						<onclick>Skin.SetString(dialogcolor.name,FFCCCCCC)</onclick>
						<onclick>Skin.SetString(textcolor.name,FFCCCCCC)</onclick>
						<onclick>Skin.SetString(menucolor.name,FFCCCCCC)</onclick>
						<visible>Skin.HasSetting(ColorCustomizer.Enabled)</visible>
					</control>
				</control>
				<control type="grouplist" id="90050">
					<description>control area</description>
					<left>1761</left>
					<top>103</top>
					<width>64</width>
					<height>720</height>
					<itemgap>26</itemgap>
					<visible>Container(9000).HasFocus(5) + Skin.HasSetting(ColorCustomizer.Enabled)</visible>
					<animation effect="fade" time="400" tween="" easing="" start="0" end="100">Visible</animation>
					<control type="image" id="5050">
						<width>64</width>
						<height>64</height>
						<texture>colors/FFCCCCCC.png</texture>
						<colordiffuse>$INFO[Skin.String(highlightcolor.name)]</colordiffuse>
					</control>
					<control type="image" id="5051">
						<width>64</width>
						<height>64</height>
						<texture>colors/FFCCCCCC.png</texture>
						<colordiffuse>$INFO[Skin.String(backgroundcolor.name)]</colordiffuse>
					</control>
					<control type="image" id="5052">
						<width>64</width>
						<height>64</height>
						<texture>colors/FFCCCCCC.png</texture>
						<colordiffuse>$INFO[Skin.String(dialogcolor.name)]</colordiffuse>
					</control>
					<control type="image" id="5053">
						<width>64</width>
						<height>64</height>
						<texture>colors/FFCCCCCC.png</texture>
						<colordiffuse>$INFO[Skin.String(textcolor.name)]</colordiffuse>
					</control>
					<control type="image" id="5054">
						<width>64</width>
						<height>64</height>
						<texture>colors/FFCCCCCC.png</texture>
						<colordiffuse>$INFO[Skin.String(menucolor.name)]</colordiffuse>
					</control>
				</control>
				<control type="grouplist" id="9003">
					<description>Extras control area</description>
					<left>522</left>
					<top>0</top>
					<width>1316</width>
					<height>720</height>
					<itemgap>0</itemgap>
					<pagecontrol>60</pagecontrol>
					<onleft>9000</onleft>
					<onright>60</onright>
					<onup>9003</onup>
					<ondown>9003</ondown>
					<visible>Container(9000).HasFocus(6)</visible>
					<control type="radiobutton" id="306">
						<description>Startup Playlist Path</description>
						<width>1316</width>
						<height>90</height>
						<textoffsetx>30</textoffsetx>
						<font>font15</font>
						<label>21398</label>
						<onclick>Skin.ToggleSetting(Use_Startup_Playlist)</onclick>
						<selected>Skin.HasSetting(Use_Startup_Playlist)</selected>
					</control>
					<control type="button" id="307">
						<description>Startup Playlist Path</description>
						<width>1316</width>
						<height>90</height>
						<textoffsetx>30</textoffsetx>
						<font>font15</font>
						<label>15311</label>
						<label2>$INFO[Skin.String(Startup_Playlist_Path)]</label2>
						<onclick>Skin.SetFile(Startup_Playlist_Path,,special://MusicPlaylists/)</onclick>
						<enable>Skin.HasSetting(Use_Startup_Playlist)</enable>
					</control>
					<control type="radiobutton" id="305">
						<width>1316</width>
						<height>90</height>
						<textoffsetx>30</textoffsetx>
						<font>font15</font>
						<label>31083</label>
						<onclick>Skin.ToggleSetting(Disable.NextAired)</onclick>
						<selected>!Skin.HasSetting(Disable.NextAired)</selected>
					</control>
					<control type="radiobutton" id="312">
						<width>1316</width>
						<height>90</height>
						<textoffsetx>30</textoffsetx>
						<font>font15</font>
						<label>31135</label>
						<onclick>Skin.ToggleSetting(Disable.AutoComplete)</onclick>
						<selected>!Skin.HasSetting(Disable.AutoComplete)</selected>
					</control>
					<control type="button" id="303">
						<width>1316</width>
						<height>90</height>
						<textoffsetx>30</textoffsetx>
						<font>font15</font>
						<label>31119</label>
						<onclick>RunScript(script.toolbox,info=extrafanartmovie)</onclick>
						<enable>System.HasAddon(script.toolbox)</enable>
					</control>
					<control type="button" id="304">
						<width>1316</width>
						<height>90</height>
						<textoffsetx>30</textoffsetx>
						<font>font15</font>
						<label>31120</label>
						<onclick>RunScript(script.toolbox,info=extrafanarttvshow)</onclick>
						<enable>System.HasAddon(script.toolbox)</enable>
					</control>
					<control type="button" id="310">
						<width>1316</width>
						<height>90</height>
						<textoffsetx>30</textoffsetx>
						<font>font15</font>
						<label>$LOCALIZE[31110]</label>
						<label2>$INFO[Skin.String(MusicLibraryPath)]</label2>
						<onclick>Skin.SetPath(MusicLibraryPath)</onclick>
					</control>
					<control type="button" id="311">
						<width>1316</width>
						<height>90</height>
						<textoffsetx>30</textoffsetx>
						<font>font15</font>
						<label>- $LOCALIZE[10035]</label>
						<onclick>Skin.Reset(MusicLibraryPath)</onclick>
						<visible>!IsEmpty(Skin.String(MusicLibraryPath))</visible>
					</control>
				</control>
				<control type="grouplist" id="9004">
					<description>Advanced control area</description>
					<left>522</left>
					<top>0</top>
					<width>1316</width>
					<height>720</height>
					<itemgap>0</itemgap>
					<pagecontrol>60</pagecontrol>
					<onleft>9000</onleft>
					<onright>60</onright>
					<onup>9004</onup>
					<ondown>9004</ondown>
					<visible>Container(9000).HasFocus(7)</visible>
					<control type="radiobutton" id="402">
						<width>1316</width>
						<height>90</height>
						<textoffsetx>30</textoffsetx>
						<font>font15</font>
						<label>31941</label>
						<onclick>Skin.ToggleSetting(KioskMode.Enabled)</onclick>
						<selected>Skin.HasSetting(KioskMode.Enabled)</selected>
					</control>
					<control type="button" id="408">
						<width>1316</width>
						<height>90</height>
						<textoffsetx>30</textoffsetx>
						<font>font15</font>
						<label>31043</label>
						<onclick>RunScript(script.toolbox,info=exportskinsettings)</onclick>
						<enable>System.HasAddon(script.toolbox)</enable>
					</control>
					<control type="button" id="409">
						<width>1316</width>
						<height>90</height>
						<textoffsetx>30</textoffsetx>
						<font>font15</font>
						<label>31128</label>
						<onclick>RunScript(script.toolbox,info=importskinsettings)</onclick>
						<enable>System.HasAddon(script.toolbox)</enable>
					</control>
					<control type="button" id="407">
						<width>1316</width>
						<height>90</height>
						<textoffsetx>30</textoffsetx>
						<font>font15</font>
						<label>31109</label>
						<onclick>RunScript(script.toolbox,info=yesnodialog,header=$LOCALIZE[31024],text='"$LOCALIZE[31040]"',yesaction=Skin.ResetSettings||Skin.SetBool(Enable.HomeDefault))</onclick>
						<enable>System.HasAddon(script.toolbox)</enable>
					</control>
				</control>
			</control>
			<control type="scrollbar" id="60">
				<visible>!Window.IsActive(1121)</visible>
				<left>1906</left>
				<top>-83</top>
				<width>14</width>
				<height>1035</height>
				<onleft>9010</onleft>
				<onright>9000</onright>
				<ondown>60</ondown>
				<onup>60</onup>
			</control>
		</control>
		<include>Topbar</include>
		<include>Bottombar</include>
		<include>SettingsMediaMenu</include>
	</controls>
</window>