<?xml version="1.0" encoding="UTF-8"?>
<includes>
	<variable name="GlobalBackgroundVar">
		<value condition="!IsEmpty(ListItem.Art(fanart)) + !Skin.HasSetting(Disable.Fanart)">$INFO[ListItem.Art(fanart)]</value>
		<value condition="StringCompare(Container(9033).ListItem.Art(thumb),1)">$INFO[Window(Home).Property(script.grab.fanart.Movie.FanArt)]</value>
		<value condition="StringCompare(Container(9033).ListItem.Art(thumb),2)">$INFO[Window(Home).Property(script.grab.fanart.TV.FanArt)]</value>
		<value condition="StringCompare(Container(9033).ListItem.Art(thumb),3)">$INFO[Window(Home).Property(script.grab.fanart.Video.FanArt)]</value>
		<value condition="StringCompare(Container(9033).ListItem.Art(thumb),4)">$INFO[Window(Home).Property(script.grab.fanart.Music.FanArt)]</value>
		<value condition="StringCompare(Container(9033).ListItem.Art(thumb),5)">$INFO[Window(Home).Property(script.grab.fanart.Global.FanArt)]</value>
		<value condition="StringCompare(Container(9033).ListItem.Art(thumb),6)">$INFO[Skin.String(WeatherFanartDir)]$INFO[Window(Weather).Property(Current.FanartCode)]</value>
		<value condition="!IsEmpty(Container(9033).ListItem.Art(thumb))">$INFO[Container(9033).ListItem.Art(thumb)]</value>
		<value condition="!IsEmpty(Skin.String(CustomBackground))">$INFO[Skin.String(CustomBackground)]</value>
		<value>$INFO[Window(home).Property(fakelabel)]</value>
	</variable>
	<variable name="HomeBackgroundVar">
		<value condition="!IsEmpty(Container(8000).ListItem.Art(fanart)) + Control.HasFocus(8000)">$INFO[Container(8000).ListItem.Art(fanart)]</value>
		<value condition="StringCompare(Container(9000).ListItem.Art(thumb),1)">$INFO[Window(Home).Property(script.grab.fanart.Movie.FanArt)]</value>
		<value condition="StringCompare(Container(9000).ListItem.Art(thumb),2)">$INFO[Window(Home).Property(script.grab.fanart.TV.FanArt)]</value>
		<value condition="StringCompare(Container(9000).ListItem.Art(thumb),3)">$INFO[Window(Home).Property(script.grab.fanart.Video.FanArt)]</value>
		<value condition="StringCompare(Container(9000).ListItem.Art(thumb),4)">$INFO[Window(Home).Property(script.grab.fanart.Music.FanArt)]</value>
		<value condition="StringCompare(Container(9000).ListItem.Art(thumb),5)">$INFO[Window(Home).Property(script.grab.fanart.Global.FanArt)]</value>
		<value condition="StringCompare(Container(9000).ListItem.Art(thumb),6)">$INFO[Skin.String(WeatherFanartDir)]$INFO[Window(Weather).Property(Current.FanartCode)]</value>
		<value condition="StringCompare(Container(9000).ListItem.Property(BGType),7)">$INFO[Container(9034).ListItem.Art(fanart)]</value>
		<value condition="!IsEmpty(Container(9000).ListItem.Art(thumb))">$INFO[Container(9000).ListItem.Art(thumb)]</value>
		<value condition="!IsEmpty(Skin.String(CustomBackground))">$INFO[Skin.String(CustomBackground)]</value>
		<value>$INFO[Container(9000).ListItem.Thumb]</value>
	</variable>
	<variable name="GlobalFanartSetting">
		<value condition="Skin.HasSetting(Disable.Fanart)">$LOCALIZE[20445]: $LOCALIZE[24023]</value>
		<value>$LOCALIZE[20445]: $LOCALIZE[305]</value>
	</variable>
	<variable name="VizBackgroundClickVar">
		<value condition="IsEmpty(Skin.String(Viz.Background))">Skin.SetString(Viz.Background,1)</value>
 		<value condition="StringCompare(Skin.String(Viz.Background),1)">Skin.SetString(Viz.Background,2)</value>
		<value condition="StringCompare(Skin.String(Viz.Background),2)">Skin.SetString(Viz.Background,3)</value>
		<value condition="StringCompare(Skin.String(Viz.Background),3)">Skin.SetString(Viz.Background,4)</value>
+		<value condition="StringCompare(Skin.String(Viz.Background),4)">Skin.Reset(Viz.Background)</value>
	</variable>
	<variable name="VizBackgroundLabelVar">
		<value condition="StringCompare(Skin.String(Viz.Background),1)">$LOCALIZE[31068]</value>
		<value condition="StringCompare(Skin.String(Viz.Background),2)">$LOCALIZE[31065]</value>
		<value condition="StringCompare(Skin.String(Viz.Background),3) + System.HasAddon(script.artistslideshow)">$INFO[System.AddonTitle(script.artistslideshow)]</value>
		<value condition="StringCompare(Skin.String(Viz.Background),4) + System.HasAddon(script.toolbox)">$LOCALIZE[31310]</value>
		<value>$LOCALIZE[20445]</value>
	</variable>
	<variable name="VizBackgroundVar">
		<value condition="StringCompare(Skin.String(Viz.Background),2)">$INFO[Window(Home).Property(script.grab.fanart.Music.FanArt)]</value>
		<value condition="StringCompare(Skin.String(Viz.Background),3)">$INFO[Window(Visualisation).Property(ArtistSlideshow)]</value>
		<value condition="StringCompare(Skin.String(Viz.Background),4)">$INFO[Window(home).Property(ImageFilter)]</value>
		<value condition="!IsEmpty(Player.Art(fanart))">$INFO[Player.Art(fanart)]</value>
		<value>$INFO[Window(Home).Property(script.grab.fanart.Music.FanArt)]</value>
	</variable>
	<variable name="OverlayVar">
		<value condition="Container.ListItem.IsResumable + IsEmpty(Window(Home).Property(Overlay.Resumable))">overlays/showcase/resumable.png</value>
		<value condition="StringCompare(Window(Home).Property(Overlay.Path),overlays/showcase/3/)">$INFO[ListItem.Overlay,overlays/showcase/3/]</value>
		<value condition="StringCompare(Window(Home).Property(Overlay.Path),overlays/showcase/2/)">$INFO[ListItem.Overlay,overlays/showcase/2/]</value>
		<value condition="StringCompare(Window(Home).Property(Overlay.Path),overlays/showcase/1/)">$INFO[ListItem.Overlay,overlays/showcase/1/]</value>
		<value>$INFO[ListItem.Overlay,overlays/showcase/]</value>
	</variable>
	<variable name="ListItem.Overlay">
		<value condition="ListItem.IsResumable">overlays/list/resumable.png</value>
		<value>$INFO[ListItem.Overlay,overlays/list/]</value>
	</variable>
	<variable name="BreadcrumbsFillerVar">
		<value condition="Container.Content(tvshows) | Container.Content(seasons)">$LOCALIZE[20343]: </value>
		<value condition="SubString(Container.FolderPath,videodb://recentlyadded,left)">$INFO[Window(home).Property(fakelabel)]</value>
		<value condition="Container.Content(episodes) + !StringCompare(Container.FolderName,ListItem.TvShowTitle)">$INFO[ListItem.TvShowTitle]: </value>
		<value condition="SubString(Container.FolderPath,videodb://tvshows/,left)">$LOCALIZE[20343]: </value>
		<value condition="SubString(Container.FolderPath,videodb://movies/,left)">$LOCALIZE[20342]: </value>
		<value condition="Window.IsActive(textviewer)">$INFO[Control.GetLabel(1)]</value>
		<value condition="Window.IsActive(script-NextAired-TVGuide.xml) | Window.IsActive(script-NextAired-TVGuide2.xml)">$INFO[System.AddonTitle(script.tv.show.next.aired)]</value>
		<value condition="Window.IsActive(skinsettings)">$LOCALIZE[20077]</value>
		<value condition="Window.IsActive(tvchannels) | Window.IsActive(TVGuide) | Window.IsActive(TVRecordings) | Window.IsActive(TVTimers) | Window.IsActive(TVSearch)">$LOCALIZE[19020]: </value>
		<value condition="Window.IsActive(RadioChannels) | Window.IsActive(RadioGuide) | Window.IsActive(RadioRecordings) | Window.IsActive(RadioSearch)">$LOCALIZE[19183]: </value>
		<value condition="Window.IsActive(script-RSS_Editor-rssEditor.xml) | Window.IsActive(script-RSS_Editor-setEditor.xml)">$INFO[System.AddonTitle(script.rss.editor)]</value>
		<value condition="!IsEmpty(Container.FolderName)">$INFO[System.CurrentWindow]: </value>
		<value>$INFO[System.CurrentWindow]</value>
	</variable>
	<variable name="BreadcrumbsVar">
		<value condition="Window.IsActive(videos) + Container.Filtered">$VAR[BreadcrumbsFillerVar]$INFO[Container.FolderName]</value>
		<value condition="Window.IsActive(videos)">$VAR[BreadcrumbsFillerVar]$INFO[Container.FolderName]</value>
		<value condition="Window.IsActive(addoninformation) + !Window.IsActive(textviewer)">$VAR[BreadcrumbsFillerVar]$INFO[ListItem.Property(Addon.Name)]</value>
		<value condition="Window.IsActive(textviewer)">$VAR[BreadcrumbsFillerVar]</value>
		<value condition="Window.IsActive(script-globalsearch-main.xml)">$INFO[System.AddonTitle(script.globalsearch)]</value>
		<value condition="Window.IsActive(TVGuide) | Window.IsActive(RadioGuide)">$VAR[BreadcrumbsFillerVar,,$LOCALIZE[19069]]</value>
		<value condition="Window.IsActive(TVRecordings) | Window.IsActive(RadioRecordings)">$VAR[BreadcrumbsFillerVar,,$LOCALIZE[19163]]</value>
		<value condition="Window.IsActive(TVTimers) | Window.IsActive(RadioTimers)">$VAR[BreadcrumbsFillerVar,,$LOCALIZE[19040]]</value>
		<value condition="Window.IsActive(TVSearch) | Window.IsActive(RadioSearch)">$VAR[BreadcrumbsFillerVar,,$LOCALIZE[137]]</value>
		<value>$VAR[BreadcrumbsFillerVar]$INFO[Container.FolderName]</value>
	</variable>
	<variable name="LibraryStatsVar">
		<value condition="StringCompare(Container(9000).ListItem.Property(InfoLine),1)">[COLOR $VAR[ColorTextVar]]$LOCALIZE[20342]: [/COLOR]$INFO[Window(Home).Property(Movies.Count)][COLOR $VAR[ColorTextVar]]  •  $LOCALIZE[16102]: [/COLOR]$INFO[Window(Home).Property(Movies.Watched)][COLOR $VAR[ColorTextVar]]  •  $LOCALIZE[16101]: [/COLOR]$INFO[Window(Home).Property(Movies.UnWatched)]</value>
		<value condition="StringCompare(Container(9000).ListItem.Property(InfoLine),2)">[COLOR $VAR[ColorTextVar]]$LOCALIZE[20343]: [/COLOR]$INFO[Window(Home).Property(TVShows.Count)][COLOR $VAR[ColorTextVar]]  •  $LOCALIZE[20360]: [/COLOR]$INFO[Window(Home).Property(Episodes.Count)][COLOR $VAR[ColorTextVar]]  •  $LOCALIZE[16101]: [/COLOR]$INFO[Window(Home).Property(Episodes.UnWatched)]</value>
		<value condition="StringCompare(Container(9000).ListItem.Property(InfoLine),3)">[COLOR $VAR[ColorTextVar]]$LOCALIZE[133]: [/COLOR]$INFO[Window(Home).Property(Music.ArtistsCount)][COLOR $VAR[ColorTextVar]]  •  $LOCALIZE[132]: [/COLOR]$INFO[Window(Home).Property(Music.AlbumsCount)][COLOR $VAR[ColorTextVar]]  •  $LOCALIZE[134]: [/COLOR]$INFO[Window(Home).Property(Music.SongsCount)]</value>
		<value condition="StringCompare(Container(9000).ListItem.Property(InfoLine),4) + PVR.IsRecording">[COLOR $VAR[ColorTextVar]]$LOCALIZE[19158]: [/COLOR]$INFO[PVR.NowRecordingDateTime][COLOR $VAR[ColorTextVar]]  •  $LOCALIZE[19029]: [/COLOR]$INFO[PVR.NowRecordingTitle] ($INFO[PVR.NowRecordingChannel])</value>
		<value condition="StringCompare(Container(9000).ListItem.Property(InfoLine),4) + PVR.HasNonRecordingTimer">[COLOR $VAR[ColorTextVar]]$LOCALIZE[19157]: [/COLOR]$INFO[PVR.NextRecordingDateTime][COLOR $VAR[ColorTextVar]]  •  $LOCALIZE[19029]: [/COLOR]$INFO[PVR.NextRecordingTitle] ($INFO[PVR.NextRecordingChannel])</value>
		<value condition="StringCompare(Container(9000).ListItem.Property(InfoLine),4)">[COLOR $VAR[ColorTextVar]]$LOCALIZE[19019]: [/COLOR]$INFO[Pvr.BackendChannels][COLOR $VAR[ColorTextVar]]  •  $LOCALIZE[19163]: [/COLOR]$INFO[Pvr.BackendRecordings]</value>
		<value condition="StringCompare(Container(9000).ListItem.Property(InfoLine),5)">[COLOR $VAR[ColorTextVar]]$INFO[Weather.Location]: [/COLOR]$INFO[Weather.Conditions]</value>
		<value condition="StringCompare(Container(9000).ListItem.Property(InfoLine),6)">[COLOR $VAR[ColorTextVar]]$LOCALIZE[20161] $LOCALIZE[24001]: [/COLOR]$INFO[Window(Home).Property(RandomAddon.Count)][COLOR $VAR[ColorTextVar]]  •  [/COLOR][COLOR $VAR[ColorTextVar]]$LOCALIZE[1036]: [/COLOR]$INFO[Window(home).Property(favourite.count)]</value>
		<value condition="StringCompare(Container(9000).ListItem.Property(InfoLine),7)">[COLOR $VAR[ColorTextVar]]$LOCALIZE[20389]: [/COLOR]$INFO[Window(Home).Property(MusicVideos.Count)][COLOR $VAR[ColorTextVar]]  •  $LOCALIZE[16102]: [/COLOR]$INFO[Window(Home).Property(MusicVideos.Watched)][COLOR $VAR[ColorTextVar]]  •  $LOCALIZE[16101]: [/COLOR]$INFO[Window(Home).Property(MusicVideos.UnWatched)]</value>
		<value condition="StringCompare(Container(9000).ListItem.Property(InfoLine),8)">[COLOR $VAR[ColorTextVar]]$LOCALIZE[31309] [/COLOR]$INFO[System.memory(used.percent)][COLOR $VAR[ColorTextVar]]  •  $LOCALIZE[13271] [/COLOR]$INFO[System.CPUUsage]</value>
		<value condition="StringCompare(Container(9000).ListItem.Property(InfoLine),9)">[COLOR $VAR[ColorTextVar]]$LOCALIZE[20342]: [/COLOR]$INFO[Window(Home).Property(PlaylistCount)][COLOR $VAR[ColorTextVar]]  •  $LOCALIZE[16102]: [/COLOR]$INFO[Window(Home).Property(PlaylistWatched)][COLOR $VAR[ColorTextVar]]  •  $LOCALIZE[16101]: [/COLOR]$INFO[Window(Home).Property(PlaylistUnWatched)][COLOR $VAR[ColorTextVar]]  •  $LOCALIZE[575]: [/COLOR]$INFO[Window(Home).Property(PlaylistInProgress)]</value>
		<value condition="StringCompare(Container(9000).ListItem.Property(InfoLine),10)">[COLOR $VAR[ColorTextVar]]$LOCALIZE[20343]: [/COLOR]$INFO[Window(Home).Property(PlaylistTVShowCount)][COLOR $VAR[ColorTextVar]]  •  $LOCALIZE[20360]: [/COLOR]$INFO[Window(Home).Property(PlaylistEpisodes)][COLOR $VAR[ColorTextVar]]  •  $LOCALIZE[16101]: [/COLOR]$INFO[Window(Home).Property(PlaylistEpisodesUnWatched)]</value>
		<value condition="StringCompare(Container(9000).ListItem.Property(InfoLine),11)">[COLOR $VAR[ColorTextVar]]$LOCALIZE[20389]: [/COLOR]$INFO[Window(Home).Property(PlaylistCount)][COLOR $VAR[ColorTextVar]]  •  $LOCALIZE[16102]: [/COLOR]$INFO[Window(Home).Property(PlaylistWatched)][COLOR $VAR[ColorTextVar]]  •  $LOCALIZE[16101]: [/COLOR]$INFO[Window(Home).Property(PlaylistUnWatched)][COLOR $VAR[ColorTextVar]]  •  $LOCALIZE[575]: [/COLOR]$INFO[Window(Home).Property(PlaylistInProgress)]</value>
	</variable>
	<variable name="MusicOSDRepeatButtonVar">
		<value condition="[!Playlist.IsRepeat + !Playlist.IsRepeatOne] + !Control.HasFocus(707)">osd/buttons/OSDRepeat2.png</value>
		<value condition="Playlist.IsRepeatOne+!Control.HasFocus(707)">osd/buttons/OSDRepeatOne2.png</value>
		<value condition="Playlist.IsRepeat+!Control.HasFocus(707)">osd/buttons/OSDRepeatAll2.png</value>
		<value condition="[!Playlist.IsRepeat + !Playlist.IsRepeatOne] + Control.HasFocus(707)">osd/buttons/OSDRepeat.png</value>
		<value condition="Playlist.IsRepeatOne + Control.HasFocus(707)">osd/buttons/OSDRepeatOne.png</value>
		<value condition="Playlist.IsRepeat + Control.HasFocus(707)">osd/buttons/OSDRepeatAll.png</value>
	</variable>
	<!--  List Label Vars -->
	<variable name="VideoListLabel2Var">
		<value condition="Container.Content(episodes)">$INFO[ListItem.Premiered]</value>
		<value>$INFO[ListItem.Genre]</value>
	</variable>
	<variable name="MusicListLabel3Var">
		<value condition="Container.Content(songs) + !IsEmpty(ListItem.Title)">$INFO[ListItem.Title]</value>
		<value>$INFO[ListItem.Label]</value>
	</variable>
	<variable name="MusicListLabel4Var">
		<value condition="Container.Content(albums)">$INFO[ListItem.Year]</value>
		<value>$INFO[ListItem.Duration]</value>
	</variable>
	<variable name="PosterVar">
		<value condition="Container.Content(episodes) + !IsEmpty(ListItem.Art(season.poster))">$INFO[ListItem.Art(season.poster)]</value>
		<value condition="Container.Content(episodes) + !IsEmpty(Container.Art(season.poster))">$INFO[Container.Art(season.poster)]</value>
		<value condition="Container.Content(episodes) + !IsEmpty(ListItem.Art(tvshow.poster))">$INFO[ListItem.Art(tvshow.poster)]</value>
		<value condition="!IsEmpty(ListItem.Art(poster))">$INFO[ListItem.Art(poster)]</value>
		<value>$INFO[ListItem.Icon]</value>
	</variable>
	<variable name="MusicThumbVar">
		<value condition="SubString(ListItem.Label,* All Albums) | SubString(ListItem.Label,* All Songs)">$INFO[ListItem.Icon]</value>
		<value>$INFO[ListItem.Art(thumb)]</value>
	</variable>
	<variable name="RatingAndVotesVar">
		<value condition="IsEmpty(ListItem.Votes)">$LOCALIZE[563]</value>
		<value>$INFO[ListItem.Votes,, $LOCALIZE[20350]]</value>
	</variable>
	<variable name="DurationVar">
		<value condition="Container.Content(tvshows) + !IsEmpty(Window(Home).Property(NextAired.Runtime))">$INFO[Window(Home).Property(NextAired.Runtime)]</value>
		<value condition="!IsEmpty(ListItem.Duration)">$INFO[ListItem.Duration]</value>
		<value>?</value>
	</variable>
	<variable name="OneOrMoreSeasonsVar">
		<value condition="StringCompare(ListItem.Property(TotalSeasons),1)">$LOCALIZE[20373]</value>
		<value>$LOCALIZE[33054]</value>
	</variable>
	<variable name="OneOrMoreEpisodesVar">
		<value condition="StringCompare(ListItem.Property(TotalEpisodes),1)">$LOCALIZE[20359]</value>
		<value>$LOCALIZE[20360]</value>
	</variable>
	<variable name="VideoInfoPlotVar">
		<value condition="Skin.HasSetting(VideoInfoPlotToggle) + !IsEmpty(ListItem.PlotOutline)">$INFO[ListItem.PlotOutline]</value>
		<value>$INFO[ListItem.Plot]</value>
	</variable>
	<variable name="VideoPlotVar">
		<value condition="Container.Content(seasons)">$INFO[Container.ShowPlot]</value>
		<value condition="!IsEmpty(Window(home).Property(Set.Movies.ExtendedPlot))">$INFO[Window(home).Property(Set.Movies.ExtendedPlot)]</value>
		<value condition="!IsEmpty(ListItem.PlotOutline) + !Skin.HasSetting(VideoInfoPlotToggle)">[COLOR $VAR[ColorHighlightVar]]$INFO[ListItem.Tagline,, ][/COLOR]$INFO[ListItem.PlotOutline]</value>
		<value condition="System.GetBool(videolibrary.showunwatchedplots)">[COLOR $VAR[ColorHighlightVar]]$INFO[ListItem.Tagline,, ][/COLOR]$INFO[ListItem.Plot]</value>
		<value>$INFO[ListItem.Plot]</value>
	</variable>
	<variable name="OtherPlotVar">
		<value condition="Container.Content(albums) + !IsEmpty(ListItem.Property(Album_Description))">$INFO[ListItem.Property(Album_Description)]</value>
		<value condition="Container.Content(albums)">$LOCALIZE[414]</value>
		<value condition="Container.Content(artists) + !IsEmpty(ListItem.Property(Artist_Description))">$INFO[ListItem.Property(Artist_Description)]</value>
		<value condition="Container.Content(artists)">$LOCALIZE[547]</value>
	</variable>
	<variable name="MusicPlotVar">
		<value condition="!IsEmpty(ListItem.Property(Album_Description))">$INFO[ListItem.Property(Album_Description)]</value>
		<value condition="!IsEmpty(ListItem.Property(Artist_Description))">$INFO[ListItem.Property(Artist_Description)]</value>
		<value condition="!IsEmpty(ListItem.Property(Addon.Description))">$INFO[ListItem.Property(Addon.Description)]$INFO[ListItem.Property(Addon.Disclaimer), -- ]</value>
		<value condition="!IsEmpty(ListItem.Comment)">$INFO[ListItem.Comment]</value>
		<value>$INFO[ListItem.Plot]</value>
	</variable>
	<variable name="VideoPlotLocalizeVar">
		<value condition="Skin.HasSetting(VideoInfoPlotToggle)">$LOCALIZE[31045]</value>
		<value>$LOCALIZE[31044]</value>
	</variable>
	<variable name="SourceFlagVar">
		<value condition="[SubString(ListItem.filename,PDTV) | SubString(ListItem.filename,sdtv) | SubString(ListItem.filename,sd tv)]">sdtv</value>
		<value condition="[SubString(ListItem.Filename,hdtv) | SubString(ListItem.Filename,hd tv)]">hdtv</value>
		<value condition="[SubString(ListItem.Filename,hddvd) | SubString(ListItem.Filename,hd-dvd)]">hddvd</value>
		<value condition="ListItem.IsStereoscopic">bluray3d</value>
		<value condition="[SubString(ListItem.Filename,bluray) | SubString(ListItem.Filename,blu-ray) | SubString(ListItem.Filename,bdrip) | SubString(ListItem.Filename,brrip)]">bluray</value>
		<value condition="SubString(ListItem.Filename,dvb)">dvb</value>
		<value condition="SubString(ListItem.Filename,web-dl)">web-dl</value>
		<value condition="SubString(ListItem.Filename,dvd) | StringCompare(ListItem.FileExtension,iso) | StringCompare(ListItem.FileExtension,ifo)">dvd</value>
		<value>$INFO[ListItem.VideoCodec]</value>
	</variable>
	<variable name="VideoSourceFlagVar">
		<value condition="[SubString(Player.Filenameandpath,PDTV) | SubString(Player.Filenameandpath,sdtv)]">sdtv</value>
		<value condition="SubString(Player.Filenameandpath,hdtv)">hdtv</value>
		<value condition="[SubString(Player.Filenameandpath,hddvd) | SubString(Player.Filenameandpath,hd-dvd)]">hddvd</value>
		<value condition="VideoPlayer.IsStereoscopic">bluray3d</value>
		<value condition="[SubString(Player.Filenameandpath,bluray) | SubString(Player.Filenameandpath,blu-ray) | SubString(Player.Filenameandpath,bdrip) | SubString(Player.Filenameandpath,brrip)]">bluray</value>
		<value condition="SubString(Player.Filenameandpath,dvb)">dvb</value>
		<value condition="SubString(Player.Filenameandpath,web-dl)">web-dl</value>
		<value condition="SubString(Player.Filenameandpath,dvd) | SubString(Player.Filenameandpath,.iso,Right) | SubString(Player.Filenameandpath,.ifo,Right)">dvd</value>
		<value>$INFO[VideoPlayer.VideoCodec]</value>
	</variable>
	<!-- InfoPanel -->
	<variable name="InfoPanelLabel1Var">
		<value condition="[Container.Content(movies) | Container.Content(episodes) | Container.Content(sets)] + !IsEmpty(Window(home).Property(Set.Movies.Director))">[COLOR $VAR[ColorHighlightVar]]$LOCALIZE[31000]:[/COLOR][CR]$INFO[Window(home).Property(Set.Movies.Director)]</value>
		<value condition="[Container.Content(movies) | Container.Content(episodes) | Container.Content(sets)]">[COLOR $VAR[ColorHighlightVar]]$LOCALIZE[31000]:[/COLOR][CR]$INFO[ListItem.Director]</value>
		<value condition="[Container.Content(tvshows) | Container.Content(seasons)] + !IsEmpty(Window(Home).Property(NextAired.Status))">[COLOR $VAR[ColorHighlightVar]]$LOCALIZE[126]:[/COLOR][CR]$INFO[Window(Home).Property(NextAired.Status)]</value>
		<value condition="[Container.Content(tvshows) | Container.Content(seasons)]">[COLOR $VAR[ColorHighlightVar]]$LOCALIZE[515]:[/COLOR][CR]$INFO[ListItem.Genre]</value>
	</variable>
	<variable name="InfoPanelLabel2Var">
		<value condition="[Container.Content(movies) | Container.Content(episodes) | Container.Content(sets)] + !IsEmpty(Window(home).Property(Set.Movies.Writer))">[COLOR $VAR[ColorHighlightVar]]$LOCALIZE[31001]:[/COLOR][CR]$INFO[Window(home).Property(Set.Movies.Writer)]</value>
		<value condition="[Container.Content(movies) | Container.Content(episodes) | Container.Content(sets)]">[COLOR $VAR[ColorHighlightVar]]$LOCALIZE[31001]:[/COLOR][CR]$INFO[ListItem.Writer]</value>
		<value condition="[Container.Content(tvshows) | Container.Content(seasons)] + !IsEmpty(Window(Home).Property(NextAired.NextDate))">[COLOR $VAR[ColorHighlightVar]]$LOCALIZE[31010]:[/COLOR][CR]$INFO[Window(Home).Property(NextAired.NextDate),,: ]$INFO[Window(Home).Property(NextAired.NextTitle)]</value>
		<value condition="[Container.Content(tvshows) | Container.Content(seasons)] + !IsEmpty(Window(Home).Property(NextAired.LatestDate))">[COLOR $VAR[ColorHighlightVar]]$LOCALIZE[31011]:[/COLOR][CR]$INFO[Window(Home).Property(NextAired.LatestNumber),, - ]$INFO[Window(Home).Property(NextAired.LatestTitle)]</value>
		<value condition="[Container.Content(tvshows) | Container.Content(seasons)]">[COLOR $VAR[ColorHighlightVar]]$LOCALIZE[31019]:[/COLOR][CR]$INFO[ListItem.Studio]</value>
	</variable>
	<variable name="InfoPanelLabel3Var">
		<value condition="[Container.Content(movies) | Container.Content(episodes) | Container.Content(sets)]">[COLOR $VAR[ColorHighlightVar]]$LOCALIZE[563]:[/COLOR][CR]$INFO[ListItem.RatingAndVotes]$INFO[ListItem.Top250, / $LOCALIZE[13409] #]</value>
		<value condition="Container.Content(tvshows) + !IsEmpty(Window(Home).Property(NextAired.Status))">[COLOR $VAR[ColorHighlightVar]]$INFO[ListItem.Property(TotalSeasons)]$VAR[OneOrMoreSeasonsVar, , / ]$INFO[ListItem.Property(TotalEpisodes),, ]$VAR[OneOrMoreEpisodesVar]:[/COLOR][CR]$INFO[ListItem.Property(UnWatchedEpisodes),, $LOCALIZE[16101]]</value>
		<value condition="Container.Content(tvshows)">[COLOR $VAR[ColorHighlightVar]]$LOCALIZE[20360]:[/COLOR][CR]$INFO[ListItem.Property(TotalEpisodes)]$INFO[ListItem.Property(UnWatchedEpisodes), (,[LOWERCASE] $LOCALIZE[16101][/LOWERCASE])]</value>
		<value condition="Container.Content(seasons)">[COLOR $VAR[ColorHighlightVar]]$LOCALIZE[20360]:[/COLOR][CR]$INFO[ListItem.Property(TotalEpisodes)]</value>
	</variable>
	<variable name="InfoPanelLabel4Var">
		<value condition="[Container.Content(movies) | Container.Content(episodes) | Container.Content(sets)] + !IsEmpty(Window(home).Property(Set.Movies.Runtime))">[COLOR $VAR[ColorHighlightVar]]$LOCALIZE[2050]:[/COLOR][CR]$INFO[Window(home).Property(Set.Movies.Runtime),, $LOCALIZE[12391]]</value>
		<value condition="[Container.Content(movies) | Container.Content(episodes) | Container.Content(sets)]">[COLOR $VAR[ColorHighlightVar]]$LOCALIZE[2050]:[/COLOR][CR]$INFO[ListItem.Duration,, $LOCALIZE[12391]]</value>
		<value condition="Container.Content(tvshows) + !IsEmpty(Window(Home).Property(NextAired.Runtime))">[COLOR $VAR[ColorHighlightVar]]$LOCALIZE[2050]:[/COLOR][CR]$VAR[DurationVar,, $LOCALIZE[12391]]</value>
		<value condition="Container.Content(tvshows)">[COLOR $VAR[ColorHighlightVar]]$LOCALIZE[33054]:[/COLOR][CR]$INFO[ListItem.Property(TotalSeasons)]</value>
		<value condition="Container.Content(seasons)">[COLOR $VAR[ColorHighlightVar]]$LOCALIZE[16101]:[/COLOR][CR]$INFO[ListItem.Property(UnWatchedEpisodes)]</value>
	</variable>
	<variable name="InfoPanelLabel5Var">
		<value condition="[Container.Content(movies) | Container.Content(sets)] + !IsEmpty(Window(home).Property(Set.Movies.Years))">[COLOR $VAR[ColorHighlightVar]]$LOCALIZE[345]:[/COLOR][CR]$INFO[Window(home).Property(Set.Movies.Years)]</value>
		<value condition="[Container.Content(movies) | Container.Content(sets)]">[COLOR $VAR[ColorHighlightVar]]$LOCALIZE[345]:[/COLOR][CR]$INFO[ListItem.Year]</value>
		<value condition="Container.Content(tvshows) | Container.Content(episodes) | Container.Content(seasons)">[COLOR $VAR[ColorHighlightVar]]$LOCALIZE[20416]:[/COLOR][CR]$INFO[ListItem.Premiered]</value>
	</variable>
	<variable name="BannerThumb">
		<value condition="!IsEmpty(ListItem.Art(banner))">$INFO[ListItem.Art(banner)]</value>
		<value condition="!IsEmpty(ListItem.Art(poster)) + IsEmpty(ListItem.Art(fanart))">$INFO[ListItem.Art(poster)]</value>
	</variable>
	<variable name="PosterThumb">
		<!--<value condition="!IsEmpty(ListItem.Art(season.poster))">$INFO[ListItem.Art(season.poster)]</value>
		<value condition="!IsEmpty(ListItem.Art(tvshow.poster)) + !Container.Content(seasons)">$INFO[ListItem.Art(tvshow.poster)]</value>-->
		<value condition="!IsEmpty(ListItem.Art(poster))">$INFO[ListItem.Art(poster)]</value>
		<value condition="StringCompare(ListItem.Label,..)">$INFO[ListItem.Icon]</value>
		<value>$INFO[ListItem.Art(thumb)]</value>
	</variable>
	<variable name="FloorLabelVar">
		<value condition="Container.Content(episodes) + SubString(Container.FolderPath,/recentlyaddedepisodes)">$INFO[ListItem.Season,,x]$INFO[ListItem.Episode,,. ]$INFO[ListItem.Title]</value>
		<value>$INFO[ListItem.Label]</value>
	</variable>
	<variable name="FloorSubLabelVar">
		<value condition="Container.Content(episodes)">$INFO[ListItem.TvShowTitle]</value>
		<value condition="Container.Content(addons)">$INFO[ListItem.Property(Addon.Summary)]</value>
		<value condition="Container.Content(musicvideos)">$INFO[ListItem.Artist]</value>
		<value condition="IsEmpty(ListItem.Genre)">$INFO[Window(Home).Property(Set.Movies.Genre)]</value>
		<value>$INFO[ListItem.Genre]</value>
	</variable>
	<variable name="FloorLabel2Var">
		<value condition="Container.Content(artists)">$INFO[ListItem.Property(Artist_Genre)]</value>
		<value condition="Container.Content(songs)">$INFO[ListItem.Duration,, | ]$INFO[ListItem.Album]</value>
		<value condition="Container.Content(addons)">$INFO[ListItem.Property(Addon.Summary)]</value>
		<value condition="Container.Content()">$INFO[ListItem.Comment]</value>
		<value>$INFO[ListItem.Label2]</value>
	</variable>
	<variable name="SeekLabelVar">
		<value condition="Player.Paused + !Player.Caching">$LOCALIZE[112]</value>
		<value condition="Player.Playing + !Player.Seeking + !Player.DisplayAfterSeek | [Player.Paused + !Player.Caching]">$INFO[System.Time]$INFO[Player.FinishTime, - ,]</value>
		<value condition="[Player.Paused + Player.Caching] + !Player.Seeking + !Player.DisplayAfterSeek">$INFO[Player.CacheLevel,$LOCALIZE[15107] ,%]</value>
		<value condition="!IsEmpty(Player.SeekStepSize) + ![Player.Forwarding | Player.Rewinding]">$LOCALIZE[31046][COLOR $VAR[ColorHighlightVar]] $INFO[Player.SeekStepSize][/COLOR]</value>
		<value condition="Player.DisplayAfterSeek + ![Player.Forwarding | Player.Rewinding]">$LOCALIZE[31046] [COLOR $VAR[ColorHighlightVar]]$INFO[Player.SeekOffset][/COLOR]</value>
		<value condition="!Player.DisplayAfterSeek + Player.Seeking">$LOCALIZE[31046]</value>
	</variable>
	<variable name="MusicSeekLabelVar">
		<value condition="Player.Playing + !Player.Seeking + !Player.DisplayAfterSeek">$INFO[System.Time]</value>
		<value condition="Player.Paused + !Player.Caching">$LOCALIZE[112]</value>
		<value condition="!IsEmpty(Player.SeekStepSize) + ![Player.Forwarding | Player.Rewinding]">$LOCALIZE[31046][COLOR $VAR[ColorHighlightVar]] $INFO[Player.SeekStepSize][/COLOR]</value>
		<value condition="Player.DisplayAfterSeek + ![Player.Forwarding | Player.Rewinding]">$LOCALIZE[31046] [COLOR $VAR[ColorHighlightVar]]$INFO[Player.SeekOffset][/COLOR]</value>
		<value condition="!Player.DisplayAfterSeek + Player.Seeking">$LOCALIZE[31046]</value>
	</variable>
	<variable name="VideoPlayerForwardRewindVar">
		<value condition="Player.Forwarding2x | Player.Rewinding2x">2x</value>
		<value condition="Player.Forwarding4x | Player.Rewinding4x">4x</value>
		<value condition="Player.Forwarding8x | Player.Rewinding8x">8x</value>
		<value condition="Player.Forwarding16x | Player.Rewinding16x">16x</value>
		<value condition="Player.Forwarding32x | Player.Rewinding32x">32x</value>
	</variable>
	<variable name="PlayerArtworkVar">
		<value condition="VideoPlayer.Content(episodes) + !IsEmpty(Player.Art(tvshow.clearart))">$INFO[Player.Art(tvshow.thumb)]</value>
		<!--<value condition="VideoPlayer.Content(episodes)">$INFO[Player.Art(tvshow.clearlogo)]</value>
		<value condition="!IsEmpty(Player.Art(clearart))">$INFO[Player.Art(clearart)]</value>-->
		<value>$INFO[Player.Art(thumb)]</value>
	</variable>
	<variable name="PlayerTitleLabelVar">
		<value condition="Player.ChapterCount">$INFO[Player.Title]$INFO[player.chapter, • $LOCALIZE[21396] ]$INFO[player.chaptercount, / ,]</value>
		<value>$INFO[Player.Title]</value>
	</variable>
	<variable name="SkinSettingsDescriptionVar">
		<value condition="Control.HasFocus(100)">$LOCALIZE[31912]</value>
		<value condition="Control.HasFocus(101)">$LOCALIZE[31144]</value>
		<value condition="Control.HasFocus(102)">$LOCALIZE[31920]</value>
		<value condition="Control.HasFocus(103)">$LOCALIZE[31921]</value>
		<value condition="Control.HasFocus(104)">$LOCALIZE[31013]</value>
		<value condition="Control.HasFocus(105)">$LOCALIZE[31940]</value>
		<value condition="Control.HasFocus(106)">$LOCALIZE[31111]</value>
		<value condition="Control.HasFocus(107)">$LOCALIZE[31968]</value>
		<value condition="Control.HasFocus(108)">$LOCALIZE[31020]</value>
		<value condition="Control.HasFocus(109)">$LOCALIZE[31113]</value>
		<value condition="Control.HasFocus(110)">$LOCALIZE[31916]</value>
		<value condition="Control.HasFocus(200)">$LOCALIZE[31917]</value>
		<value condition="Control.HasFocus(201)">$LOCALIZE[31932]</value>
		<value condition="Control.HasFocus(202)">$LOCALIZE[31122]</value>
		<value condition="Control.HasFocus(203)">$LOCALIZE[31944]</value>
		<value condition="Control.HasFocus(303) | Control.HasFocus(304)">$LOCALIZE[31121]</value>
		<value condition="Control.HasFocus(305)">$LOCALIZE[31938]</value>
		<value condition="Control.HasFocus(306)">$LOCALIZE[31114]</value>
		<value condition="Control.HasFocus(310)">$LOCALIZE[31936]</value>
		<value condition="Control.HasFocus(312)">$LOCALIZE[31136]</value>
		<value condition="Control.HasFocus(402)">$LOCALIZE[31942]</value>
		<value condition="Control.HasFocus(407)">$LOCALIZE[31105]</value>
		<value condition="Control.HasFocus(408)">$LOCALIZE[31133]</value>
		<value condition="Control.HasFocus(409)">$LOCALIZE[31134]</value>
		<value condition="Control.HasFocus(502)">$LOCALIZE[31206]</value>
		<value condition="Control.HasFocus(503)">$LOCALIZE[31207]</value>
		<value condition="Control.HasFocus(504)">$LOCALIZE[31208]</value>
		<value condition="Control.HasFocus(505)">$LOCALIZE[31209]</value>
		<value condition="Control.HasFocus(506)">$LOCALIZE[31210]</value>
		<value condition="Control.HasFocus(507)">$LOCALIZE[31220]</value>
		<value condition="Control.HasFocus(600)">$LOCALIZE[31946]</value>
		<value condition="Control.HasFocus(601)">$LOCALIZE[31116]</value>
		<value condition="Control.HasFocus(602)">$LOCALIZE[31918]</value>
		<value condition="Control.HasFocus(603)">$LOCALIZE[31919]</value>
		<value condition="Container(9000).HasFocus(2)">$LOCALIZE[31126]</value>
		<value condition="Control.HasFocus(90000) + IsEmpty(Container(90000).ListItem.Property(Path))">$LOCALIZE[31923]</value>
		<value condition="Control.HasFocus(90012)">$LOCALIZE[31925]</value>
		<value condition="Control.HasFocus(90013) | Control.HasFocus(90021)">$LOCALIZE[31926]</value>
		<value condition="Control.HasFocus(90014)">$LOCALIZE[31149]</value>
		<value condition="Control.HasFocus(90016)">$LOCALIZE[31933]</value>
		<value condition="Control.HasFocus(90017)">$LOCALIZE[31935]</value>
		<value condition="Control.HasFocus(90018)">$LOCALIZE[31150]</value>
		<value condition="Control.HasFocus(90020)">$LOCALIZE[31927]</value>
	</variable>
	<variable name="HorizontalListNavVar">
		<value condition="Skin.HasSetting(HorizontalListNav)">$LOCALIZE[31005]</value>
		<value>$LOCALIZE[571]</value>
	</variable>
	<variable name="FavViewSettingVar">
		<value condition="Skin.HasSetting(Enable.FavView)">$LOCALIZE[31086]</value>
		<value>$LOCALIZE[535]</value>
	</variable>
	<variable name="MenuItemsVar">
		<value condition="Skin.HasSetting(OriginalMenu)">3</value>
		<value>5</value>
	</variable>
	<variable name="HomeLayoutSettingVar">
		<value condition="Skin.HasSetting(Enable.HomeDefault)">$LOCALIZE[571]</value>
		<value condition="Skin.HasSetting(Enable.HomeTopMenu)">$LOCALIZE[31071]</value>
		<value condition="Skin.HasSetting(Enable.HomeVerticalMenu)">$LOCALIZE[31072]</value>
	</variable>
	<variable name="WidgetListContent">
		<value condition="StringCompare(Container(9000).ListItem.Property(Widget),2)">plugin://service.library.data.provider?type=randommovies&amp;reload=$INFO[Window.Property(randommovies)]</value>
		<value condition="StringCompare(Container(9000).ListItem.Property(Widget),5)">plugin://service.library.data.provider?type=randomepisodes&amp;reload=$INFO[Window.Property(randomepisodes)]</value>
		<value condition="StringCompare(Container(9000).ListItem.Property(Widget),6)">plugin://service.library.data.provider?type=recommendedepisodes&amp;reload=$INFO[Window.Property(recommendedepisodes)]</value>
		<value condition="StringCompare(Container(9000).ListItem.Property(Widget),7)">plugin://service.library.data.provider?type=randomsongs&amp;reload=$INFO[Window.Property(randomsongs)]</value>
		<value condition="StringCompare(Container(9000).ListItem.Property(Widget),8)">plugin://service.library.data.provider?type=randomalbums&amp;reload=$INFO[Window.Property(randomalbums)]</value>
		<value condition="StringCompare(Container(9000).ListItem.Property(Widget),9)">plugin://service.library.data.provider?type=recentalbums&amp;reload=$INFO[Window.Property(recentalbums)]</value>
		<value condition="StringCompare(Container(9000).ListItem.Property(Widget),10)">plugin://service.library.data.provider?type=recommendedalbums&amp;reload=$INFO[Window.Property(recommendedalbums)]</value>
		<value condition="StringCompare(Container(9000).ListItem.Property(Widget),20)">plugin://script.extendedinfo?info=trendingmovies</value>
		<value condition="StringCompare(Container(9000).ListItem.Property(Widget),21)">plugin://script.extendedinfo?info=trendingshows</value>
		<value condition="StringCompare(Container(9000).ListItem.Property(Widget),22)">plugin://script.extendedinfo?info=toprentals</value>
		<value condition="StringCompare(Container(9000).ListItem.Property(Widget),23)">plugin://script.extendedinfo?info=topartists</value>
		<value condition="StringCompare(Container(9000).ListItem.Property(Widget),24)">plugin://script.extendedinfo?info=dailybabes</value>
		<value condition="StringCompare(Container(9000).ListItem.Property(Widget),25)">$INFO[Skin.String(CustomWidget1Path.List)]</value>
		<value condition="StringCompare(Container(9000).ListItem.Property(Widget),26)">$INFO[Skin.String(CustomWidget2Path.List)]</value>
		<value condition="StringCompare(Container(9000).ListItem.Property(Widget),27)">$INFO[Skin.String(CustomWidget3Path.List)]</value>
		<value condition="StringCompare(Container(9000).ListItem.Property(Widget),28)">$INFO[Skin.String(CustomWidget4Path.List)]</value>
		<value condition="StringCompare(Container(9000).ListItem.Property(Widget),29)">$INFO[Skin.String(CustomWidget5Path.List)]</value>
		<value condition="StringCompare(Container(9000).ListItem.Property(Widget),30)">$INFO[Skin.String(CustomWidget6Path.List)]</value>
		<value condition="StringCompare(Container(9000).ListItem.Property(Widget),31)">$INFO[Skin.String(CustomWidget7Path.List)]</value>
		<value condition="StringCompare(Container(9000).ListItem.Property(Widget),32)">$INFO[Skin.String(CustomWidget8Path.List)]</value>
		<value condition="!IsEmpty(Container(9000).ListItem.Property(Widget))">$INFO[Container(9000).ListItem.Property(Widget)]</value>
	</variable>
	<variable name="InfoLineLabelVar">
		<value condition="StringCompare(Container(90000).ListItem.Property(InfoLine),1)">$LOCALIZE[31097]</value>
		<value condition="StringCompare(Container(90000).ListItem.Property(InfoLine),2)">$LOCALIZE[31098]</value>
		<value condition="StringCompare(Container(90000).ListItem.Property(InfoLine),3)">$LOCALIZE[31099]</value>
		<value condition="StringCompare(Container(90000).ListItem.Property(InfoLine),4)">$LOCALIZE[31058]</value>
		<value condition="StringCompare(Container(90000).ListItem.Property(InfoLine),5)">$LOCALIZE[20088]</value>
		<value condition="StringCompare(Container(90000).ListItem.Property(InfoLine),6)">$LOCALIZE[31061]</value>
		<value condition="StringCompare(Container(90000).ListItem.Property(InfoLine),7)">$LOCALIZE[31082]</value>
		<value condition="StringCompare(Container(90000).ListItem.Property(InfoLine),8)">$LOCALIZE[130]</value>
		<value condition="StringCompare(Container(90000).ListItem.Property(InfoLine),9)">$LOCALIZE[31130]</value>
		<value condition="StringCompare(Container(90000).ListItem.Property(InfoLine),10)">$LOCALIZE[31131]</value>
		<value condition="StringCompare(Container(90000).ListItem.Property(InfoLine),11)">$LOCALIZE[31132]</value>
	</variable>
	<variable name="BackgroundLabel2Var">
		<value condition="StringCompare(Container(90000).ListItem.Art(thumb),1)">$LOCALIZE[31062]</value>
		<value condition="StringCompare(Container(90000).ListItem.Art(thumb),2)">$LOCALIZE[31063]</value>
		<value condition="StringCompare(Container(90000).ListItem.Art(thumb),3)">$LOCALIZE[31064]</value>
		<value condition="StringCompare(Container(90000).ListItem.Art(thumb),4)">$LOCALIZE[31065]</value>
		<value condition="StringCompare(Container(90000).ListItem.Art(thumb),5)">$LOCALIZE[31066]</value>
		<value condition="StringCompare(Container(90000).ListItem.Art(thumb),6)">$LOCALIZE[31084]</value>
		<value condition="StringCompare(Container(90000).ListItem.Art(thumb),7)">$LOCALIZE[31028]: $LOCALIZE[31029]</value>
		<value condition="StringCompare(Container(90000).ListItem.Art(thumb),8)">$LOCALIZE[31028]: $LOCALIZE[31030]</value>
		<value condition="StringCompare(Container(90000).ListItem.Art(thumb),9)">$LOCALIZE[31028]: $LOCALIZE[31035]</value>
		<value condition="StringCompare(Container(90000).ListItem.Art(thumb),10)">$LOCALIZE[31028]: $LOCALIZE[31036]</value>
		<value condition="StringCompare(Container(90000).ListItem.Property(BGType),4) | StringCompare(Container(90000).ListItem.Property(BGType),5)">$INFO[Container(90000).ListItem.Art(thumb),$LOCALIZE[31028]: ]</value>
		<value condition="StringCompare(Container(90000).ListItem.Property(BGType),7)">$INFO[Container(90000).ListItem.Art(thumb),$LOCALIZE[20012]: ]</value>
		<value>$INFO[Container(90000).ListItem.Art(thumb)]</value>
	</variable>
	<variable name="RatingFlagVar">
		<value condition="SubString(ListItem.mpaa,US:G) | SubString(ListItem.mpaa,USA:G) | SubString(ListItem.mpaa,Rated G)">flags/mpaa/G.png</value>
		<value condition="SubString(ListItem.mpaa,PG-13)">flags/mpaa/PG-13.png</value>
		<value condition="Substring(ListItem.mpaa,Rated PG) | StringCompare(ListItem.Mpaa,PG)">flags/mpaa/PG.png</value>
		<value condition="SubString(ListItem.mpaa,US:R) | SubString(ListItem.mpaa,USA:R) | SubString(ListItem.mpaa,Rated R) | StringCompare(ListItem.mpaa,R)">flags/mpaa/R.png</value>
		<value condition="SubString(ListItem.mpaa,US:NC-17)| SubString(ListItem.mpaa,USA:NC-17)| SubString(ListItem.mpaa,Rated NC-17)">flags/mpaa/NC-17.png</value>
		<value condition="SubString(ListItem.mpaa,UK:U)">flags/mpaa/BBFC_U_Certificate_UK.png</value>
		<value condition="SubString(ListItem.mpaa,UK:PG)">flags/mpaa/BBFC_PG_Certificate_UK.png</value>
		<value condition="SubString(ListItem.mpaa,UK:12A)">flags/mpaa/BBFC_12A_Certificate_UK.png</value>
		<value condition="SubString(ListItem.mpaa,UK:12)">flags/mpaa/BBFC_12_Certificate_UK.png</value>
		<value condition="SubString(ListItem.mpaa,UK:15)">flags/mpaa/BBFC_15_Certificate_UK.png</value>
		<value condition="SubString(ListItem.mpaa,UK:18)">flags/mpaa/BBFC_18_Certificate_UK.png</value>
		<value condition="SubString(ListItem.mpaa,Germany:16) | SubString(ListItem.mpaa,ab 16) | StringCompare(ListItem.mpaa,16) | Substring(ListItem.mpaa,FSK 16) | SubString(ListItem.mpaa,Rated 16)">flags/mpaa/FSK-16.png</value>
		<value condition="SubString(ListItem.mpaa,Germany:6)| SubString(ListItem.mpaa,ab 6) | StringCompare(ListItem.mpaa,6) | Substring(ListItem.mpaa,FSK 16) | SubString(ListItem.mpaa,Rated 6)">flags/mpaa/FSK-6.png</value>
		<value condition="SubString(ListItem.mpaa,Germany:12) | SubString(ListItem.mpaa,ab 12) | StringCompare(ListItem.mpaa,12) | Substring(ListItem.mpaa,FSK 12) | SubString(ListItem.mpaa,Rated 12)">flags/mpaa/FSK-12.png</value>
		<value condition="SubString(ListItem.mpaa,Germany:18) | SubString(ListItem.mpaa,ab 18) | StringCompare(ListItem.mpaa,18) | Substring(ListItem.mpaa,FSK 18) | SubString(ListItem.mpaa,Rated 18)">flags/mpaa/FSK-18.png</value>
		<value condition="SubString(ListItem.mpaa,Germany)|SubString(ListItem.mpaa,FSK)| SubString(ListItem.mpaa,o.A)| SubString(ListItem.mpaa,Rated 0)">flags/mpaa/FSK-0.png</value>
		<value condition="SubString(ListItem.mpaa,besorolás alatt)">flags/mpaa/HU_BA.png</value>
		<value condition="SubString(ListItem.mpaa,korhatárra való tekintett nélkül megtekintetheto)">flags/mpaa/HU_KN.png</value>
		<value condition="SubString(ListItem.mpaa,12 éven aluliak számára a megtekintése nagykorú felügyelete mellett ajánlott)">flags/mpaa/HU_12.png</value>
		<value condition="SubString(ListItem.mpaa,16 éven aluliak számára nem ajánlott)">flags/mpaa/HU_16.png</value>
		<value condition="SubString(ListItem.mpaa,18 éven aluliak számára nem ajánlott)">flags/mpaa/HU_18.png</value>
		<value condition="substring(ListItem.mpaa,France:U) | Substring(ListItem.mpaa,partir de 3 ans) | Substring(ListItem.mpaa,partir de 6 ans)">flags/mpaa/csaU.png</value>
		<value condition="substring(ListItem.mpaa,France:-10) | Substring(ListItem.mpaa,Interdit aux moins de 10 ans) | Substring(ListItem.mpaa,des propos ou des images peuvent heurter)">flags/mpaa/csa10.png</value>
		<value condition="substring(ListItem.mpaa,France:-12) | Substring(ListItem.mpaa,Interdit aux moins de 12 ans)">flags/mpaa/csa12.png</value>
		<value condition="substring(ListItem.mpaa,France:-16) | Substring(ListItem.mpaa,Interdit aux moins de 16 ans)">flags/mpaa/csa16.png</value>
		<value condition="substring(ListItem.mpaa,France:-18) | Substring(ListItem.mpaa,Interdit aux moins de 18 ans)">flags/mpaa/csa18.png</value>
		<value condition="substring(ListItem.mpaa,전체)">flags/mpaa/KR_Certificate_All.png</value>
		<value condition="substring(ListItem.mpaa,12세)">flags/mpaa/KR_Certificate_12.png</value>
		<value condition="substring(ListItem.mpaa,15세)">flags/mpaa/KR_Certificate_15.png</value>
		<value condition="substring(ListItem.mpaa,불가)">flags/mpaa/KR_Certificate_18.png</value>
		<value condition="substring(ListItem.mpaa,제한)">flags/mpaa/KR_Certificate_R.png</value>
		<value condition="substring(ListItem.mpaa,Brazil:Livre) | substring(ListItem.mpaa,Livre)">flags/mpaa/MPAA_Brazil_Livre.png</value>
		<value condition="substring(ListItem.mpaa,Brazil:10) | substring(ListItem.mpaa,10 anos)">flags/mpaa/MPAA_Brazil_10.png</value>
		<value condition="substring(ListItem.mpaa,Brazil:12) | substring(ListItem.mpaa,12 anos)">flags/mpaa/MPAA_Brazil_12.png</value>
		<value condition="substring(ListItem.mpaa,Brazil:14) | substring(ListItem.mpaa,14 anos)">flags/mpaa/MPAA_Brazil_14.png</value>
		<value condition="substring(ListItem.mpaa,Brazil:16) | substring(ListItem.mpaa,16 anos)">flags/mpaa/MPAA_Brazil_16.png</value>
		<value condition="substring(ListItem.mpaa,Brazil:18) | substring(ListItem.mpaa,18 anos)">flags/mpaa/MPAA_Brazil_18.png</value>
		<value condition="substring(ListItem.mpaa,Australia:)">$INFO[ListItem.MPAA,flags/mpaa/australia_,.png]</value>
		<value>$INFO[ListItem.MPAA,flags/mpaa/,.png]</value>
	</variable>
	<variable name="VideoRatingFlagVar">
		<value condition="SubString(VideoPlayer.mpaa,US:G) | SubString(VideoPlayer.mpaa,USA:G) | SubString(VideoPlayer.mpaa,Rated G)">flags/mpaa/G.png</value>
		<value condition="SubString(VideoPlayer.mpaa,PG-13)">flags/mpaa/PG-13.png</value>
		<value condition="Substring(VideoPlayer.mpaa,Rated PG) | StringCompare(VideoPlayer.Mpaa,PG)">flags/mpaa/PG.png</value>
		<value condition="SubString(VideoPlayer.mpaa,US:R) | SubString(VideoPlayer.mpaa,USA:R) | SubString(VideoPlayer.mpaa,Rated R) | StringCompare(VideoPlayer.mpaa,R)">flags/mpaa/R.png</value>
		<value condition="SubString(VideoPlayer.mpaa,US:NC-17)| SubString(VideoPlayer.mpaa,USA:NC-17)| SubString(VideoPlayer.mpaa,Rated NC-17)">flags/mpaa/NC-17.png</value>
		<value condition="SubString(VideoPlayer.mpaa,UK:U)">flags/mpaa/BBFC_U_Certificate_UK.png</value>
		<value condition="SubString(VideoPlayer.mpaa,UK:PG)">flags/mpaa/BBFC_PG_Certificate_UK.png</value>
		<value condition="SubString(VideoPlayer.mpaa,UK:12A)">flags/mpaa/BBFC_12A_Certificate_UK.png</value>
		<value condition="SubString(VideoPlayer.mpaa,UK:12)">flags/mpaa/BBFC_12_Certificate_UK.png</value>
		<value condition="SubString(VideoPlayer.mpaa,UK:15)">flags/mpaa/BBFC_15_Certificate_UK.png</value>
		<value condition="SubString(VideoPlayer.mpaa,UK:18)">flags/mpaa/BBFC_18_Certificate_UK.png</value>
		<value condition="SubString(VideoPlayer.mpaa,Germany:16) | SubString(VideoPlayer.mpaa,ab 16) | StringCompare(VideoPlayer.mpaa,16) | Substring(VideoPlayer.mpaa,FSK 16) | SubString(VideoPlayer.mpaa,Rated 16)">flags/mpaa/FSK-16.png</value>
		<value condition="SubString(VideoPlayer.mpaa,Germany:6)| SubString(VideoPlayer.mpaa,ab 6) | StringCompare(VideoPlayer.mpaa,6) | Substring(VideoPlayer.mpaa,FSK 16) | SubString(VideoPlayer.mpaa,Rated 6)">flags/mpaa/FSK-6.png</value>
		<value condition="SubString(VideoPlayer.mpaa,Germany:12) | SubString(VideoPlayer.mpaa,ab 12) | StringCompare(VideoPlayer.mpaa,12) | Substring(VideoPlayer.mpaa,FSK 12) | SubString(VideoPlayer.mpaa,Rated 12)">flags/mpaa/FSK-12.png</value>
		<value condition="SubString(VideoPlayer.mpaa,Germany:18) | SubString(VideoPlayer.mpaa,ab 18) | StringCompare(VideoPlayer.mpaa,18) | Substring(VideoPlayer.mpaa,FSK 18) | SubString(VideoPlayer.mpaa,Rated 18)">flags/mpaa/FSK-18.png</value>
		<value condition="SubString(VideoPlayer.mpaa,Germany)|SubString(VideoPlayer.mpaa,FSK)| SubString(VideoPlayer.mpaa,o.A)| SubString(VideoPlayer.mpaa,Rated 0)">flags/mpaa/FSK-0</value>
		<value condition="SubString(VideoPlayer.mpaa,besorolás alatt)">flags/mpaa/HU_BA.png</value>
		<value condition="SubString(VideoPlayer.mpaa,korhatárra való tekintett nélkül megtekintetheto)">flags/mpaa/HU_KN.png</value>
		<value condition="SubString(VideoPlayer.mpaa,12 éven aluliak számára a megtekintése nagykorú felügyelete mellett ajánlott)">flags/mpaa/HU_12.png</value>
		<value condition="SubString(VideoPlayer.mpaa,16 éven aluliak számára nem ajánlott)">flags/mpaa/HU_16.png</value>
		<value condition="SubString(VideoPlayer.mpaa,18 éven aluliak számára nem ajánlott)">flags/mpaa/HU_18.png</value>
		<value condition="substring(VideoPlayer.mpaa,France:U) | Substring(VideoPlayer.mpaa,partir de 3 ans) | Substring(VideoPlayer.mpaa,partir de 6 ans)">flags/mpaa/csaU.png</value>
		<value condition="substring(VideoPlayer.mpaa,France:-10) | Substring(VideoPlayer.mpaa,Interdit aux moins de 10 ans) | Substring(VideoPlayer.mpaa,des propos ou des images peuvent heurter)">flags/mpaa/csa10.png</value>
		<value condition="substring(VideoPlayer.mpaa,France:-12) | Substring(VideoPlayer.mpaa,Interdit aux moins de 12 ans)">flags/mpaa/csa12.png</value>
		<value condition="substring(VideoPlayer.mpaa,France:-16) | Substring(VideoPlayer.mpaa,Interdit aux moins de 16 ans)">flags/mpaa/csa16.png</value>
		<value condition="substring(VideoPlayer.mpaa,France:-18) | Substring(VideoPlayer.mpaa,Interdit aux moins de 18 ans)">flags/mpaa/csa18.png</value>
		<value condition="substring(VideoPlayer.mpaa,전체)">flags/mpaa/KR_Certificate_All.png</value>
		<value condition="substring(VideoPlayer.mpaa,12세)">flags/mpaa/KR_Certificate_12.png</value>
		<value condition="substring(VideoPlayer.mpaa,15세)">flags/mpaa/KR_Certificate_15.png</value>
		<value condition="substring(VideoPlayer.mpaa,불가)">flags/mpaa/KR_Certificate_18.png</value>
		<value condition="substring(VideoPlayer.mpaa,제한)">flags/mpaa/KR_Certificate_R.png</value>
		<value condition="substring(VideoPlayer.mpaa,Brazil:Livre) | substring(VideoPlayer.mpaa,Livre)">flags/mpaa/MPAA_Brazil_Livre.png</value>
		<value condition="substring(VideoPlayer.mpaa,Brazil:10) | substring(VideoPlayer.mpaa,10 anos)">flags/mpaa/MPAA_Brazil_10.png</value>
		<value condition="substring(VideoPlayer.mpaa,Brazil:12) | substring(VideoPlayer.mpaa,12 anos)">flags/mpaa/MPAA_Brazil_12.png</value>
		<value condition="substring(VideoPlayer.mpaa,Brazil:14) | substring(VideoPlayer.mpaa,14 anos)">flags/mpaa/MPAA_Brazil_14.png</value>
		<value condition="substring(VideoPlayer.mpaa,Brazil:16) | substring(VideoPlayer.mpaa,16 anos)">flags/mpaa/MPAA_Brazil_16.png</value>
		<value condition="substring(VideoPlayer.mpaa,Brazil:18) | substring(VideoPlayer.mpaa,18 anos)">flags/mpaa/MPAA_Brazil_18.png</value>
		<value>$INFO[VideoPlayer.MPAA,flags/mpaa/,.png]</value>
	</variable>
	<variable name="UnFocusHDIndicator">
		<value condition="ListItem.IsStereoscopic">overlays/list/3d.png</value>
		<value>$INFO[ListItem.VideoResolution,overlays/list/,.png]</value>
	</variable>
	<variable name="VizArtistInfoVar">
		<value condition="Skin.HasSetting(Enable.VizInfo)">$LOCALIZE[31106]</value>
		<value condition="Skin.HasSetting(Enable.VizPersistent)">$LOCALIZE[31107]</value>
		<value>$LOCALIZE[1223]</value>
	</variable>
	<variable name="VideoSubLabelVar">
		<value condition="Container.Content(tvshows) | Container.Content(seasons)">$LOCALIZE[20360]: $INFO[ListItem.Property(TotalEpisodes)][COLOR $VAR[ColorHighlightVar]]$INFO[ListItem.Property(UnWatchedEpisodes), (,[LOWERCASE] $LOCALIZE[16101][/LOWERCASE])][/COLOR]</value>
		<value>$INFO[ListItem.Year,, • ]$INFO[ListItem.RatingAndVotes,, • ]$INFO[ListItem.Duration,, $LOCALIZE[12391]]</value>
	</variable>
	<variable name="WidgetListTargetVar">
		<value condition="StringCompare(Container(9000).ListItem.Property(WidgetType),1)">video</value>
		<value condition="StringCompare(Container(9000).ListItem.Property(WidgetType),2)">music</value>
		<value condition="StringCompare(Container(9000).ListItem.Property(WidgetType),4)">programs</value>
		<value condition="StringCompare(Container(9000).ListItem.Property(WidgetType),5)">pictures</value>
	</variable>
	<!--<variable name="AudioChannelVar">
		<value condition="IntegerGreaterThan(VideoPlayer.AudioChannels,7)">7.1</value>
		<value condition="IntegerGreaterThan(VideoPlayer.AudioChannels,6)">6.1</value>
		<value condition="IntegerGreaterThan(VideoPlayer.AudioChannels,5)">5.1</value>
		<value condition="IntegerGreaterThan(VideoPlayer.AudioChannels,4)">5.0</value>
		<value condition="IntegerGreaterThan(VideoPlayer.AudioChannels,3)">4.0</value>
		<value condition="IntegerGreaterThan(VideoPlayer.AudioChannels,2)">2.1</value>
		<value condition="IntegerGreaterThan(VideoPlayer.AudioChannels,1)">2.0</value>
		<value condition="IntegerGreaterThan(VideoPlayer.AudioChannels,0)">1.0</value>
	</variable>-->
	<variable name="StudioIconVar">
		<value condition="!IsEmpty(ListItem.Studio)">$INFO[ListItem.Studio,flags/studios/,.png]</value>
		<value>$INFO[ListItem.Icon]</value>
	</variable>
	<variable name="StarRatingDiffuseVar">
		<value condition="ListItem.IsSelected | ListItem.IsPlaying">$VAR[ColorHighlightVar]</value>
		<value condition="!StringCompare(ListItem.StarRating,rating0.png)">$VAR[ColorHighlightVar]</value>
		<value>$VAR[ColorTextVar]</value>
	</variable>
	<variable name="HomeNowPlayingThumbVar">
		<value condition="[VideoPlayer.Content(movies) | VideoPlayer.Content(musicvideos)] + !IsEmpty(Player.Art(poster))">$INFO[Player.Art(poster)]</value>
		<value condition="VideoPlayer.Content(episodes) + !IsEmpty(Player.Art(tvshow.poster))">$INFO[Player.Art(tvshow.poster)]</value>
		<value condition="VideoPlayer.Content(livetv) + !IsEmpty(VideoPlayer.Cover)">$INFO[VideoPlayer.Cover]</value>
		<value>$INFO[Player.Art(thumb)]</value>
	</variable>
	<variable name="ColorHighlightVar">
		<value condition="Skin.HasSetting(ColorCustomizer.Enabled) + !IsEmpty(Skin.String(highlightcolor.name))">$INFO[Skin.String(highlightcolor.name)]</value>
		<value>highlight</value>
	</variable>
	<variable name="ColorBackgroundVar">
		<value condition="Skin.HasSetting(ColorCustomizer.Enabled) + !IsEmpty(Skin.String(backgroundcolor.name))">$INFO[Skin.String(backgroundcolor.name)]</value>
		<value>background</value>
	</variable>
	<variable name="ColorDialogVar">
		<value condition="Skin.HasSetting(ColorCustomizer.Enabled) + !IsEmpty(Skin.String(dialogcolor.name))">$INFO[Skin.String(dialogcolor.name)]</value>
		<value>dialog</value>
	</variable>
	<variable name="ColorTextVar">
		<value condition="Skin.HasSetting(ColorCustomizer.Enabled) + !IsEmpty(Skin.String(textcolor.name))">$INFO[Skin.String(textcolor.name)]</value>
		<value>maintext</value>
	</variable>
	<variable name="ColorMenuVar">
		<value condition="Skin.HasSetting(ColorCustomizer.Enabled) + !IsEmpty(Skin.String(menucolor.name))">$INFO[Skin.String(menucolor.name)]</value>
		<value>maintext</value>
	</variable>
	<variable name="ColorCustomizerLabelVar">
		<value condition="StringCompare(Skin.String(ColorCustomizer),highlightcolor.name)">$LOCALIZE[31216]</value>
		<value condition="StringCompare(Skin.String(ColorCustomizer),backgroundcolor.name)">$LOCALIZE[31217]</value>
		<value condition="StringCompare(Skin.String(ColorCustomizer),dialogcolor.name)">$LOCALIZE[31218]</value>
		<value condition="StringCompare(Skin.String(ColorCustomizer),textcolor.name)">$LOCALIZE[31146]</value>
		<value condition="StringCompare(Skin.String(ColorCustomizer),menucolor.name)">$LOCALIZE[31148]</value>
	</variable>
	<variable name="CustomColorVar">
		<value condition="StringCompare(Skin.String(ColorCustomizer),highlightcolor.name) + Skin.String(highlightcolor.name)">$INFO[Skin.String(highlightcolor.name)]</value>
		<value condition="StringCompare(Skin.String(ColorCustomizer),backgroundcolor.name) + Skin.String(backgroundcolor.name)">$INFO[Skin.String(backgroundcolor.name)]</value>
		<value condition="StringCompare(Skin.String(ColorCustomizer),dialogcolor.name) + Skin.String(dialogcolor.name)">$INFO[Skin.String(dialogcolor.name)]</value>
		<value condition="StringCompare(Skin.String(ColorCustomizer),textcolor.name) + Skin.String(textcolor.name)">$INFO[Skin.String(textcolor.name)]</value>
		<value condition="StringCompare(Skin.String(ColorCustomizer),menucolor.name) + Skin.String(menucolor.name)">$INFO[Skin.String(menucolor.name)]</value>
		<value>$LOCALIZE[31138]</value>
	</variable>
	<variable name="ExtraFanartVar">
		<value condition="Skin.HasSetting(Enable.Extra.Fanart) + !IsEmpty(ListItem.Art(extrafanart1))">$INFO[Control.GetLabel(4410)]</value>
		<value condition="Skin.HasSetting(Enable.Landscape.Art) + !IsEmpty(ListItem.Art(landscape))">$INFO[ListItem.Art(landscape)]</value>
		<value>$INFO[ListItem.Art(fanart)]</value>
	</variable>
	<variable name="ArtLabelVar">
		<value condition="[[Skin.HasSetting(Enable.IconLandscape) + Control.IsVisible(500)] | [Skin.HasSetting(Enable.ShiftLandscape) + Control.IsVisible(57)] | [Skin.HasSetting(Enable.WallLandscape) + Control.IsVisible(509)]] + !IsEmpty(ListItem.Art(landscape))">$LOCALIZE[31100]</value>
		<value condition="[Skin.HasSetting(InfoWall.Banners) + Control.IsVisible(51)] | [Skin.HasSetting(Enable.IconBanner) + Control.IsVisible(500)] | [Skin.HasSetting(Enable.WallBanner) + Control.IsVisible(509)]">$LOCALIZE[31085]</value>
		<value condition="[Skin.HasSetting(Enable.IconLogo) + Control.IsVisible(500) + !Container.Content(seasons)] | [Skin.HasSetting(Enable.WallLogo) + Control.IsVisible(509) + !Container.Content(seasons)]">$LOCALIZE[31088]</value>
		<value>$LOCALIZE[31016]</value>
	</variable>
	<variable name="Art2LabelVar">
		<value condition="Skin.HasSetting(Enable.Extra.Fanart) + !IsEmpty(ListItem.Art(extrafanart1))">$LOCALIZE[31118]</value>
		<value condition="Skin.HasSetting(Enable.Landscape.Art) + !IsEmpty(ListItem.Art(landscape))">$LOCALIZE[31100]</value>
		<value>$LOCALIZE[20445]</value>
	</variable>
	<variable name="LandscapeArtVar">
		<value condition="!IsEmpty(ListItem.Art(landscape)) + !Container.Content(episodes)">$INFO[ListItem.Art(landscape)]</value>
		<value condition="!IsEmpty(ListItem.Art(fanart)) + !Container.Content(episodes)">$INFO[ListItem.Art(fanart)]</value>
		<value condition="!IsEmpty(ListItem.Thumb) + Container.Content(episodes)">$INFO[ListItem.Thumb]</value>
		<value>thumbs/diffuse.png</value>
	</variable>
	<variable name="SortDirection">
		<value condition="Container.SortDirection(Ascending)">$LOCALIZE[31050]</value>
		<value condition="Container.SortDirection(Descending)">$LOCALIZE[31051]</value>
	</variable>
</includes>