<?xml version="1.0" encoding="UTF-8"?>
<includes>
	<!-- Video LowList -->
	<include name="VideoLowList">
		<control type="group">
			<visible>Control.IsVisible(501) + !Window.IsActive(addoninformation)</visible>
			<include>ViewAnimation</include>
			<animation effect="slide" end="0,-20" start="0,0" time="480" condition="[Player.HasAudio + !Skin.HasSetting(Disable.ShowPlayingMusic) + !Control.HasFocus(60)] | [Player.HasVideo + !Skin.HasSetting(Disable.ShowPlayingVideo) + !Control.HasFocus(60)]">Conditional</animation>
			<control type="image">
				<top>770</top>
				<width>FullScreenWidth</width>
				<height>651</height>
				<colordiffuse>$VAR[ColorBackgroundVar]</colordiffuse>
				<texture>background.png</texture>
				<animation effect="slide" end="0,-170" time="120" condition="!Skin.HasSetting(nohighlist)">Conditional</animation>
			</control>
			<control type="group">
				<visible>!Container.Content(addons)</visible>
				<left>30</left>
				<top>431</top>
				<control type="image">
					<width>402</width>
					<height>603</height>
					<aspectratio aligny="center" align="center">scale</aspectratio>
					<texture background="true">$VAR[PosterVar]</texture>
					<fadetime>IconCrossfadeTime</fadetime>
				</control>
			</control>
			<control type="group">
				<visible>Container.Content(addons)</visible>
				<left>30</left>
				<top>633</top>
				<control type="image">
					<width>402</width>
					<height>402</height>
					<aspectratio aligny="center" align="center">scale</aspectratio>
					<texture background="true">$INFO[ListItem.Icon]</texture>
					<fadetime>IconCrossfadeTime</fadetime>
				</control>
			</control>
			<control type="group">
				<left>1300</left>
				<top>625</top>
				<include>VisibleFadeEffect</include>
				<control type="textbox" id="70">
					<label>$VAR[VideoPlotVar]</label>
					<width>585</width>
					<height>340</height>
					<font>font14_textbox</font>
					<include>ShowCaseInfoPanelButtonsValues</include>
					<autoscroll time="3000" delay="4000" repeat="5000">Skin.HasSetting(Enable.AutoScroll)</autoscroll>
				</control>
			</control>
			<control type="group">
				<visible>!Container.Content(addons)</visible>
				<left>1267</left>
				<top>965</top>
				<width>1840</width>
				<height>90</height>
				<control type="image">
					<left>15</left>
					<colordiffuse>$VAR[ColorTextVar]</colordiffuse>
					<include>MediaFlagVars</include>
					<texture>$INFO[ListItem.VideoResolution,flags/resolution/,.png]</texture>
					<visible>!IsEmpty(ListItem.VideoResolution)</visible>
					<include>VisibleFadeEffect</include>
				</control>
				<control type="image">
					<left>173</left>
					<colordiffuse>$VAR[ColorTextVar]</colordiffuse>
					<include>MediaFlagVars</include>
					<texture>$INFO[ListItem.AudioCodec,flags/audio/,.png]</texture>
					<visible>!IsEmpty(ListItem.AudioCodec)</visible>
					<include>VisibleFadeEffect</include>
				</control>
				<control type="image">
					<left>330</left>
					<colordiffuse>$VAR[ColorTextVar]</colordiffuse>
					<include>MediaFlagVars</include>
					<texture>$INFO[ListItem.AudioChannels,flags/channels/,.png]</texture>
					<visible>!IsEmpty(ListItem.AudioChannels)</visible>
					<include>VisibleFadeEffect</include>
				</control>
				<control type="image">
					<left>497</left>
					<colordiffuse>$VAR[ColorTextVar]</colordiffuse>
					<include>MediaFlagVars</include>
					<texture>$VAR[SourceFlagVar,flags/video/,.png]</texture>
					<visible>!IsEmpty(ListItem.VideoCodec)</visible>
					<include>VisibleFadeEffect</include>
				</control>
				<control type="group">
					<visible>Container.Content(tvshows) | Container.Content(seasons)</visible>
					<include>VisibleFadeEffect</include>
					<control type="group">
						<top>-6</top>
						<width>162.5</width>
						<visible>!IsEmpty(ListItem.Property(TotalSeasons))</visible>
						<control type="label">
							<left>0</left>
							<top>2</top>
							<width>162.5</width>
							<height>60</height>
							<align>center</align>
							<label>[B]$INFO[ListItem.Property(TotalSeasons)][/B]</label>
							<font>font16</font>
							<wrapmultiline>true</wrapmultiline>
							<textcolor>$VAR[ColorTextVar]</textcolor>
						</control>
						<control type="label">
							<top>52</top>
							<width>162.5</width>
							<height>30</height>
							<align>center</align>
							<label>[LOWERCASE]$VAR[OneOrMoreSeasonsVar][/LOWERCASE]</label>
							<font>font12</font>
							<textcolor>$VAR[ColorTextVar]</textcolor>
						</control>
					</control>
					<control type="group">
						<visible>!IsEmpty(ListItem.Property(TotalEpisodes))</visible>
						<width>162.5</width>
						<left>162.5</left>
						<top>-6</top>
						<control type="label">
							<left>0</left>
							<top>2</top>
							<width>162.5</width>
							<height>60</height>
							<align>center</align>
							<label>[B]$INFO[ListItem.Property(TotalEpisodes)][/B]</label>
							<font>font16</font>
							<wrapmultiline>true</wrapmultiline>
							<textcolor>$VAR[ColorTextVar]</textcolor>
						</control>
						<control type="label">
							<top>52</top>
							<width>162.5</width>
							<height>30</height>
							<align>center</align>
							<label>[LOWERCASE]$VAR[OneOrMoreEpisodesVar][/LOWERCASE]</label>
							<font>font12</font>
							<textcolor>$VAR[ColorTextVar]</textcolor>
						</control>
					</control>
					<control type="image" id="800016">
						<left>339</left>
						<colordiffuse>$VAR[ColorTextVar]</colordiffuse>
						<include>MediaFlagVars</include>
						<texture>$INFO[ListItem.Studio,flags/studios/,.png]</texture>
						<visible>!IsEmpty(Control.GetLabel(800016))</visible>
					</control>
					<control type="label">
						<left>339</left>
						<width>135</width>
						<height>90</height>
						<align>center</align>
						<aligny>center</aligny>
						<label>$INFO[ListItem.Studio]</label>
						<font>font10</font>
						<textcolor>$VAR[ColorTextVar]</textcolor>
						<wrapmultiline>true</wrapmultiline>
						<visible>IsEmpty(Control.GetLabel(800016))</visible>
					</control>
					<control type="image">
						<left>506</left>
						<colordiffuse>$VAR[ColorTextVar]</colordiffuse>
						<include>MediaFlagVars</include>
						<texture fallback="flags/mpaa/NR.png">$VAR[RatingFlagVar]</texture>
					</control>
				</control>
			</control>
			<control type="grouplist">
				<visible>Container.Content(addons)</visible>
				<left>1280</left>
				<top>620</top>
				<width>610</width>
				<height>360</height>
				<usecontrolcoords>true</usecontrolcoords>
				<control type="button">
					<label>[COLOR $VAR[ColorHighlightVar]]$LOCALIZE[146][/COLOR][CR]$INFO[ListItem.Property(Addon.Type)]</label>
					<width>610</width>
					<include>ShowCaseInfoPanelButtonsValues</include>
					<visible>!IsEmpty(ListItem.Property(Addon.Type))</visible>
				</control>
				<control type="button">
					<label>[COLOR $VAR[ColorHighlightVar]]$LOCALIZE[21863]:[/COLOR][CR]$INFO[ListItem.Property(Addon.Creator)]</label>
					<width>610</width>
					<include>ShowCaseInfoPanelButtonsValues</include>
					<visible>!IsEmpty(ListItem.Property(Addon.Creator))</visible>
				</control>
			</control>
			<control type="group">
				<visible>Container.Content(addons)</visible>
				<left>1295</left>
				<top>814</top>
				<control type="textbox" id="70">
					<label>$INFO[ListItem.Property(Addon.Description)]</label>
					<width>595</width>
					<height>220</height>
					<font>font14_textbox4</font>
					<include>ShowCaseInfoPanelButtonsValues</include>
					<autoscroll time="3000" delay="4000" repeat="5000">Skin.HasSetting(Enable.AutoScroll)</autoscroll>
				</control>
			</control>
			<control type="list" id="501">
				<left>463</left>
				<top>632</top>
				<width>976</width>
				<height>402</height>
				<onleft>SetProperty(MediaMenu,True,home)</onleft>
				<onleft>SetFocus(9050)</onleft>
				<onright>60</onright>
				<onup>501</onup>
				<ondown>501</ondown>
				<pagecontrol>60</pagecontrol>
				<viewtype label="31003">list</viewtype>
				<scrolltime tween="quadratic" easing="out">200</scrolltime>
				<itemlayout height="67" width="806" condition="Container.Content(movies)">
					<control type="label">
						<left>15</left>
						<width>90</width>
						<height>67</height>
						<font>font15</font>
						<textcolor>$VAR[ColorHighlightVar]</textcolor>
						<selectedcolor>$VAR[ColorHighlightVar]</selectedcolor>
						<align>left</align>
						<aligny>center</aligny>
						<label fallback="• • • •">$INFO[ListItem.Year]</label>
						<visible>!IsEmpty(ListItem.Title)</visible>
					</control>
					<control type="label">
						<left>110</left>
						<width>620</width>
						<height>67</height>
						<font>font15</font>
						<textcolor>$VAR[ColorTextVar]</textcolor>
						<selectedcolor>$VAR[ColorHighlightVar]</selectedcolor>
						<label>$INFO[ListItem.Label]</label>
					</control>
					<control type="label">
						<left>110</left>
						<width>620</width>
						<height>67</height>
						<font>font15</font>
						<align>right</align>
						<textcolor>$VAR[ColorTextVar]</textcolor>
						<selectedcolor>$VAR[ColorHighlightVar]</selectedcolor>
						<aligny>center</aligny>
						<label>$INFO[ListItem.Rating]</label>
					</control>
					<control type="image">
						<left>742</left>
						<top>2</top>
						<width>64</width>
						<height>64</height>
						<aspectratio>keep</aspectratio>
						<texture>$VAR[ListItem.Overlay]</texture>
					</control>
				</itemlayout>
				<focusedlayout height="67" width="806" condition="Container.Content(movies)">
					<control type="image">
						<width>806</width>
						<height>67</height>
						<texture>listselect_fo.png</texture>
						<colordiffuse>$VAR[ColorHighlightVar]</colordiffuse>
						<visible>Control.HasFocus(501)</visible>
						<include>VisibleFadeEffect</include>
					</control>
					<control type="label">
						<left>15</left>
						<width>90</width>
						<height>67</height>
						<font>font15</font>
						<selectedcolor>$VAR[ColorTextVar]</selectedcolor>
						<align>left</align>
						<aligny>center</aligny>
						<label fallback="• • • •">$INFO[ListItem.Year]</label>
						<animation effect="fade" start="100" end="70" time="300" tween="sine" easing="inout" condition="!Control.HasFocus(501)">Conditional</animation>
						<visible>!IsEmpty(ListItem.Title)</visible>
					</control>
					<control type="label">
						<left>110</left>
						<width>620</width>
						<height>67</height>
						<font>font15</font>
						<selectedcolor>$VAR[ColorTextVar]</selectedcolor>
						<label>$INFO[ListItem.Label]</label>
						<animation effect="fade" start="100" end="70" time="300" tween="sine" easing="inout" condition="!Control.HasFocus(501)">Conditional</animation>
					</control>
					<control type="label">
						<left>110</left>
						<width>620</width>
						<height>67</height>
						<font>font15</font>
						<align>right</align>
						<selectedcolor>$VAR[ColorTextVar]</selectedcolor>
						<aligny>center</aligny>
						<label>$INFO[ListItem.Rating]</label>
						<animation effect="fade" start="100" end="70" time="300" tween="sine" easing="inout" condition="!Control.HasFocus(501)">Conditional</animation>
					</control>
					<control type="image">
						<left>742</left>
						<top>2</top>
						<width>64</width>
						<height>64</height>
						<aspectratio>keep</aspectratio>
						<texture>$VAR[ListItem.Overlay]</texture>
					</control>
				</focusedlayout>
				<itemlayout height="67" width="806" condition="Container.Content(tvshows)">
					<control type="label">
						<left>15</left>
						<width>90</width>
						<height>67</height>
						<font>font15</font>
						<textcolor>$VAR[ColorHighlightVar]</textcolor>
						<selectedcolor>$VAR[ColorHighlightVar]</selectedcolor>
						<align>left</align>
						<aligny>center</aligny>
						<label fallback="• • • •">$INFO[ListItem.Year]</label>
						<visible>!IsEmpty(ListItem.Title)</visible>
					</control>
					<control type="label">
						<left>110</left>
						<width>565</width>
						<height>67</height>
						<font>font15</font>
						<textcolor>$VAR[ColorTextVar]</textcolor>
						<selectedcolor>$VAR[ColorHighlightVar]</selectedcolor>
						<label>$INFO[ListItem.Label]</label>
					</control>
					<control type="label">
						<left>110</left>
						<width>620</width>
						<height>67</height>
						<font>font15</font>
						<align>right</align>
						<textcolor>$VAR[ColorTextVar]</textcolor>
						<selectedcolor>$VAR[ColorHighlightVar]</selectedcolor>
						<aligny>center</aligny>
						<label>$INFO[ListItem.Rating]</label>
					</control>
					<control type="image">
						<left>742</left>
						<top>2</top>
						<width>64</width>
						<height>64</height>
						<aspectratio>keep</aspectratio>
						<texture>$VAR[ListItem.Overlay]</texture>
					</control>
				</itemlayout>
				<focusedlayout height="67" width="806" condition="Container.Content(tvshows)">
					<control type="image">
						<width>806</width>
						<height>67</height>
						<texture>listselect_fo.png</texture>
						<colordiffuse>$VAR[ColorHighlightVar]</colordiffuse>
						<visible>Control.HasFocus(501)</visible>
						<include>VisibleFadeEffect</include>
					</control>
					<control type="label">
						<left>15</left>
						<width>90</width>
						<height>67</height>
						<font>font15</font>
						<selectedcolor>$VAR[ColorTextVar]</selectedcolor>
						<align>left</align>
						<aligny>center</aligny>
						<label fallback="• • • •">$INFO[ListItem.Year]</label>
						<animation effect="fade" start="100" end="70" time="300" tween="sine" easing="inout" condition="!Control.HasFocus(501)">Conditional</animation>
						<visible>!IsEmpty(ListItem.Title)</visible>
					</control>
					<control type="label">
						<left>110</left>
						<width>565</width>
						<height>67</height>
						<font>font15</font>
						<selectedcolor>$VAR[ColorTextVar]</selectedcolor>
						<label>$INFO[ListItem.Label]</label>
						<animation effect="fade" start="100" end="70" time="300" tween="sine" easing="inout" condition="!Control.HasFocus(501)">Conditional</animation>
					</control>
					<control type="label">
						<left>110</left>
						<width>620</width>
						<height>67</height>
						<font>font15</font>
						<align>right</align>
						<selectedcolor>$VAR[ColorTextVar]</selectedcolor>
						<aligny>center</aligny>
						<label>$INFO[ListItem.Rating]</label>
						<animation effect="fade" start="100" end="70" time="300" tween="sine" easing="inout" condition="!Control.HasFocus(501)">Conditional</animation>
					</control>
					<control type="image">
						<left>742</left>
						<top>2</top>
						<width>64</width>
						<height>64</height>
						<aspectratio>keep</aspectratio>
						<texture>$VAR[ListItem.Overlay]</texture>
					</control>
				</focusedlayout>
				<itemlayout height="67" width="806" condition="Container.Content(seasons)">
					<control type="label">
						<left>15</left>
						<width>600</width>
						<height>67</height>
						<font>font15</font>
						<textcolor>$VAR[ColorTextVar]</textcolor>
						<selectedcolor>$VAR[ColorHighlightVar]</selectedcolor>
						<label>$INFO[ListItem.Label]</label>
					</control>
					<control type="label">
						<left>110</left>
						<width>620</width>
						<height>67</height>
						<font>font15</font>
						<align>right</align>
						<textcolor>$VAR[ColorTextVar]</textcolor>
						<selectedcolor>$VAR[ColorHighlightVar]</selectedcolor>
						<aligny>center</aligny>
						<label>$INFO[ListItem.Property(TotalEpisodes),, $LOCALIZE[20453]]</label>
					</control>
					<control type="image">
						<left>742</left>
						<top>2</top>
						<width>64</width>
						<height>64</height>
						<aspectratio>keep</aspectratio>
						<texture>$VAR[ListItem.Overlay]</texture>
					</control>
				</itemlayout>
				<focusedlayout height="67" width="806" condition="Container.Content(seasons)">
					<control type="image">
						<width>806</width>
						<height>67</height>
						<texture>listselect_fo.png</texture>
						<visible>Control.HasFocus(501)</visible>
						<colordiffuse>$VAR[ColorHighlightVar]</colordiffuse>
						<include>VisibleFadeEffect</include>
					</control>
					<control type="label">
						<left>15</left>
						<width>600</width>
						<height>67</height>
						<font>font15</font>
						<selectedcolor>$VAR[ColorTextVar]</selectedcolor>
						<label>$INFO[ListItem.Label]</label>
						<animation effect="fade" start="100" end="70" time="300" tween="sine" easing="inout" condition="!Control.HasFocus(501)">Conditional</animation>
					</control>
					<control type="label">
						<left>110</left>
						<width>620</width>
						<height>67</height>
						<font>font15</font>
						<align>right</align>
						<selectedcolor>$VAR[ColorTextVar]</selectedcolor>
						<aligny>center</aligny>
						<label>$INFO[ListItem.Property(TotalEpisodes),, $LOCALIZE[20453]]</label>
						<animation effect="fade" start="100" end="70" time="300" tween="sine" easing="inout" condition="!Control.HasFocus(501)">Conditional</animation>
					</control>
					<control type="image">
						<left>742</left>
						<top>2</top>
						<width>64</width>
						<height>64</height>
						<aspectratio>keep</aspectratio>
						<texture>$VAR[ListItem.Overlay]</texture>
					</control>
				</focusedlayout>
				<itemlayout height="67" width="806" condition="Container.Content(episodes)">
					<control type="label">
						<width>730</width>
						<height>67</height>
						<font>font15</font>
						<textcolor>$VAR[ColorTextVar]</textcolor>
						<selectedcolor>$VAR[ColorHighlightVar]</selectedcolor>
						<label>$INFO[ListItem.Label]</label>
						<textoffsetx>15</textoffsetx>
					</control>
					<control type="label">
						<left>110</left>
						<width>620</width>
						<height>67</height>
						<font>font15</font>
						<align>right</align>
						<textcolor>$VAR[ColorTextVar]</textcolor>
						<selectedcolor>$VAR[ColorHighlightVar]</selectedcolor>
						<aligny>center</aligny>
						<label>$INFO[ListItem.Rating]</label>
					</control>
					<control type="image">
						<left>742</left>
						<top>2</top>
						<width>64</width>
						<height>64</height>
						<aspectratio>keep</aspectratio>
						<texture>$VAR[ListItem.Overlay]</texture>
					</control>
				</itemlayout>
				<focusedlayout height="67" width="806" condition="Container.Content(episodes)">
					<control type="image">
						<width>806</width>
						<height>67</height>
						<texture>listselect_fo.png</texture>
						<colordiffuse>$VAR[ColorHighlightVar]</colordiffuse>
						<visible>Control.HasFocus(501)</visible>
						<include>VisibleFadeEffect</include>
					</control>
					<control type="label">
						<width>730</width>
						<height>67</height>
						<font>font15</font>
						<selectedcolor>$VAR[ColorTextVar]</selectedcolor>
						<label>$INFO[ListItem.Label]</label>
						<textoffsetx>15</textoffsetx>
						<animation effect="fade" start="100" end="70" time="300" tween="sine" easing="inout" condition="!Control.HasFocus(501)">Conditional</animation>
					</control>
					<control type="label">
						<left>110</left>
						<width>620</width>
						<height>67</height>
						<font>font15</font>
						<align>right</align>
						<selectedcolor>$VAR[ColorTextVar]</selectedcolor>
						<aligny>center</aligny>
						<label>$INFO[ListItem.Rating]</label>
						<animation effect="fade" start="100" end="70" time="300" tween="sine" easing="inout" condition="!Control.HasFocus(501)">Conditional</animation>
					</control>
					<control type="image">
						<left>742</left>
						<top>2</top>
						<width>64</width>
						<height>64</height>
						<aspectratio>keep</aspectratio>
						<texture>$VAR[ListItem.Overlay]</texture>
					</control>
				</focusedlayout>
				<itemlayout height="67" width="806" condition="Container.Content(addons)">
					<control type="label">
						<left>15</left>
						<width>775</width>
						<height>67</height>
						<font>font15</font>
						<textcolor>$VAR[ColorTextVar]</textcolor>
						<selectedcolor>$VAR[ColorHighlightVar]</selectedcolor>
						<label>$INFO[ListItem.Label]</label>
					</control>
					<control type="label">
						<left>110</left>
						<width>680</width>
						<height>67</height>
						<font>font15</font>
						<align>right</align>
						<textcolor>$VAR[ColorTextVar]</textcolor>
						<selectedcolor>$VAR[ColorHighlightVar]</selectedcolor>
						<aligny>center</aligny>
						<label>$INFO[ListItem.Label2]</label>
					</control>
				</itemlayout>
				<focusedlayout height="67" width="806" condition="Container.Content(addons)">
					<control type="image">
						<width>806</width>
						<height>67</height>
						<texture>listselect_fo.png</texture>
						<colordiffuse>$VAR[ColorHighlightVar]</colordiffuse>
						<visible>Control.HasFocus(501)</visible>
						<include>VisibleFadeEffect</include>
					</control>
					<control type="label">
						<left>15</left>
						<width>775</width>
						<height>67</height>
						<font>font15</font>
						<selectedcolor>$VAR[ColorTextVar]</selectedcolor>
						<label>$INFO[ListItem.Label]</label>
						<animation effect="fade" start="100" end="70" time="300" tween="sine" easing="inout" condition="!Control.HasFocus(501)">Conditional</animation>
					</control>
					<control type="label">
						<left>110</left>
						<width>680</width>
						<height>67</height>
						<font>font15</font>
						<align>right</align>
						<selectedcolor>$VAR[ColorTextVar]</selectedcolor>
						<aligny>center</aligny>
						<label>$INFO[ListItem.label2]</label>
						<animation effect="fade" start="100" end="70" time="300" tween="sine" easing="inout" condition="!Control.HasFocus(501)">Conditional</animation>
					</control>
				</focusedlayout>
			</control>
			<control type="scrollbar" id="60">
				<left>1906</left>
				<top>600</top>
				<width>14</width>
				<height>465</height>
				<onup>60</onup>
				<ondown>60</ondown>
				<onleft>50</onleft>
				<onright>50</onright>
				<showonepage>false</showonepage>
				<orientation>vertical</orientation>
			</control>
		</control>
	</include>
	<!-- Music LowList -->
	<include name="MusicLowList">
		<control type="group">
			<visible>Control.IsVisible(501) + !Window.IsActive(addoninformation)</visible>
			<include>ViewAnimation</include>
			<animation effect="slide" end="0,-20" start="0,0" time="480" condition="[[Player.HasAudio + !Skin.HasSetting(Disable.ShowPlayingMusic)] | [Player.HasVideo + !Skin.HasSetting(Disable.ShowPlayingVideo)]] + !Control.HasFocus(60)">Conditional</animation>
			<animation effect="slide" end="0,15" start="0,0" time="0" condition="Window.IsActive(musicplaylist)">Conditional</animation>
			<control type="image">
				<top>602</top>
				<width>FullScreenWidth</width>
				<height>485</height>
				<texture>background.png</texture>
				<colordiffuse>$VAR[ColorBackgroundVar]</colordiffuse>
			</control>
			<control type="group">
				<visible>!Container.Content(addons)</visible>
				<left>30</left>
				<top>633</top>
				<control type="image">
					<width>402</width>
					<height>402</height>
					<aspectratio aligny="center" align="center">scale</aspectratio>
					<texture background="true">$VAR[MusicThumbVar]</texture>
					<fadetime>IconCrossfadeTime</fadetime>
				</control>
			</control>
			<control type="group">
				<visible>Container.Content(addons)</visible>
				<left>30</left>
				<top>633</top>
				<control type="image">
					<width>402</width>
					<height>402</height>
					<aspectratio aligny="center" align="center">scale</aspectratio>
					<texture background="true">$INFO[ListItem.Icon]</texture>
					<fadetime>IconCrossfadeTime</fadetime>
				</control>
			</control>
			<control type="grouplist">
				<visible>!Container.Content(addons)</visible>
				<left>1280</left>
				<top>620</top>
				<width>610</width>
				<height>360</height>
				<usecontrolcoords>true</usecontrolcoords>
				<control type="button">
					<label>[COLOR $VAR[ColorHighlightVar]]$LOCALIZE[557]:[/COLOR][CR]$INFO[ListItem.Artist]</label>
					<width>610</width>
					<include>ShowCaseInfoPanelButtonsValues</include>
					<visible>!IsEmpty(ListItem.Artist)</visible>
				</control>
				<control type="button">
					<label>[COLOR $VAR[ColorHighlightVar]]$LOCALIZE[515]:[/COLOR][CR]$INFO[ListItem.Genre]</label>
					<width>610</width>
					<include>ShowCaseInfoPanelButtonsValues</include>
					<visible>!IsEmpty(ListItem.Genre)</visible>
				</control>
				<control type="button">
					<label>[COLOR $VAR[ColorHighlightVar]]$LOCALIZE[180]:[/COLOR][CR]$INFO[ListItem.Duration]</label>
					<width>610</width>
					<include>ShowCaseInfoPanelButtonsValues</include>
					<visible>!IsEmpty(ListItem.Duration)</visible>
				</control>
				<control type="button">
					<label>[COLOR $VAR[ColorHighlightVar]]$LOCALIZE[21894]:[/COLOR][CR]$INFO[ListItem.Property(Artist_Formed)]</label>
					<width>610</width>
					<include>ShowCaseInfoPanelButtonsValues</include>
					<visible>!IsEmpty(ListItem.Property(Artist_Formed)) + IsEmpty(ListItem.Property(Artist_Genre))</visible>
				</control>
				<control type="button">
					<label>[COLOR $VAR[ColorHighlightVar]]$LOCALIZE[21893]:[/COLOR][CR]$INFO[ListItem.Property(Artist_Born)]</label>
					<width>610</width>
					<include>ShowCaseInfoPanelButtonsValues</include>
					<visible>!IsEmpty(ListItem.Property(Artist_Born)) + IsEmpty(ListItem.Property(Artist_Genre))</visible>
				</control>
				<control type="button">
					<label>[COLOR $VAR[ColorHighlightVar]]$LOCALIZE[515]:[/COLOR][CR]$INFO[ListItem.Property(Artist_Genre)]</label>
					<width>610</width>
					<include>ShowCaseInfoPanelButtonsValues</include>
					<visible>!IsEmpty(ListItem.Property(Artist_Genre))</visible>
				</control>
			</control>
			<control type="group">
				<visible>!Container.Content(addons)</visible>
				<left>1295</left>
				<top>814</top>
				<control type="textbox" id="70">
					<label>$VAR[OtherPlotVar]</label>
					<width>595</width>
					<height>220</height>
					<font>font14_textbox4</font>
					<include>ShowCaseInfoPanelButtonsValues</include>
					<autoscroll time="3000" delay="4000" repeat="5000">Skin.HasSetting(Enable.AutoScroll)</autoscroll>
				</control>
			</control>
			<control type="grouplist">
				<visible>Container.Content(addons)</visible>
				<left>1280</left>
				<top>620</top>
				<width>610</width>
				<height>360</height>
				<usecontrolcoords>true</usecontrolcoords>
				<control type="button">
					<label>[COLOR $VAR[ColorHighlightVar]]$LOCALIZE[146][/COLOR][CR]$INFO[ListItem.Property(Addon.Type)]</label>
					<width>610</width>
					<include>ShowCaseInfoPanelButtonsValues</include>
					<visible>!IsEmpty(ListItem.Property(Addon.Type))</visible>
				</control>
				<control type="button">
					<label>[COLOR $VAR[ColorHighlightVar]]$LOCALIZE[21863]:[/COLOR][CR]$INFO[ListItem.Property(Addon.Creator)]</label>
					<width>610</width>
					<include>ShowCaseInfoPanelButtonsValues</include>
					<visible>!IsEmpty(ListItem.Property(Addon.Creator))</visible>
				</control>
			</control>
			<control type="group">
				<visible>Container.Content(addons)</visible>
				<left>1295</left>
				<top>814</top>
				<control type="textbox" id="70">
					<label>$INFO[ListItem.Property(Addon.Description)]</label>
					<width>595</width>
					<height>220</height>
					<font>font14_textbox4</font>
					<include>ShowCaseInfoPanelButtonsValues</include>
					<autoscroll time="3000" delay="4000" repeat="5000">Skin.HasSetting(Enable.AutoScroll)</autoscroll>
				</control>
			</control>
			<control type="list" id="501">
				<left>463</left>
				<top>633</top>
				<width>976</width>
				<height>402</height>
				<onleft>SetProperty(MediaMenu,True,home)</onleft>
				<onleft>SetFocus(9050)</onleft>
				<onright>60</onright>
				<onup>501</onup>
				<ondown>501</ondown>
				<pagecontrol>60</pagecontrol>
				<viewtype label="31003">list</viewtype>
				<scrolltime tween="quadratic" easing="out">200</scrolltime>
				<itemlayout height="67" width="806" condition="Container.Content(albums)">
					<control type="label">
						<left>15</left>
						<width>90</width>
						<height>67</height>
						<font>font15</font>
						<textcolor>$VAR[ColorHighlightVar]</textcolor>
						<selectedcolor>$VAR[ColorHighlightVar]</selectedcolor>
						<align>left</align>
						<aligny>center</aligny>
						<label fallback="• • • •">$INFO[ListItem.Year]</label>
						<visible>!IsEmpty(ListItem.Album)</visible>
					</control>
					<control type="label">
						<left>110</left>
						<width>510</width>
						<height>67</height>
						<font>font15</font>
						<textcolor>$VAR[ColorTextVar]</textcolor>
						<selectedcolor>$VAR[ColorHighlightVar]</selectedcolor>
						<label>$INFO[ListItem.Label]</label>
					</control>
					<control type="label">
						<left>110</left>
						<width>680</width>
						<height>67</height>
						<font>font15</font>
						<align>right</align>
						<textcolor>$VAR[ColorTextVar]</textcolor>
						<selectedcolor>$VAR[ColorHighlightVar]</selectedcolor>
						<aligny>center</aligny>
						<label>$INFO[ListItem.Label2]</label>
						<visible>StringCompare(Container.SortMethod,$LOCALIZE[557])</visible>
					</control>
					<control type="image">
						<left>610</left>
						<top>17</top>
						<width>180</width>
						<height>34</height>
						<aspectratio>keep</aspectratio>
						<texture fallback="rating0.png">$INFO[ListItem.StarRating]</texture>
						<colordiffuse>$VAR[ColorTextVar]</colordiffuse>
						<visible>!IsEmpty(ListItem.Title)</visible>
					</control>
				</itemlayout>
				<focusedlayout height="67" width="806" condition="Container.Content(albums)">
					<control type="image">
						<width>806</width>
						<height>67</height>
						<texture>listselect_fo.png</texture>
						<colordiffuse>$VAR[ColorHighlightVar]</colordiffuse>
						<visible>Control.HasFocus(501)</visible>
						<include>VisibleFadeEffect</include>
					</control>
					<control type="label">
						<left>15</left>
						<width>90</width>
						<height>67</height>
						<font>font15</font>
						<selectedcolor>$VAR[ColorTextVar]</selectedcolor>
						<align>left</align>
						<aligny>center</aligny>
						<label fallback="• • • •">$INFO[ListItem.Year]</label>
						<animation effect="fade" start="100" end="70" time="300" tween="sine" easing="inout" condition="!Control.HasFocus(501)">Conditional</animation>
						<visible>!IsEmpty(ListItem.Album)</visible>
					</control>
					<control type="label">
						<left>110</left>
						<width>500</width>
						<height>67</height>
						<font>font15</font>
						<selectedcolor>$VAR[ColorTextVar]</selectedcolor>
						<label>$INFO[ListItem.Label]</label>
						<animation effect="fade" start="100" end="70" time="300" tween="sine" easing="inout" condition="!Control.HasFocus(501)">Conditional</animation>
					</control>
					<control type="label">
						<left>110</left>
						<width>680</width>
						<height>67</height>
						<font>font15</font>
						<align>right</align>
						<selectedcolor>$VAR[ColorTextVar]</selectedcolor>
						<aligny>center</aligny>
						<label>$INFO[ListItem.label2]</label>
						<animation effect="fade" start="100" end="70" time="300" tween="sine" easing="inout" condition="!Control.HasFocus(501)">Conditional</animation>
						<visible>StringCompare(Container.SortMethod,$LOCALIZE[557])</visible>
					</control>
					<control type="image">
						<left>610</left>
						<top>17</top>
						<width>180</width>
						<height>34</height>
						<aspectratio>keep</aspectratio>
						<texture fallback="rating0.png">$INFO[ListItem.StarRating]</texture>
						<visible>!IsEmpty(ListItem.Title)</visible>
						<animation effect="fade" start="100" end="70" time="300" tween="sine" easing="inout" condition="!Control.HasFocus(501)">Conditional</animation>
					</control>
				</focusedlayout>
				<itemlayout height="67" width="806" condition="Container.Content(songs)">
					<control type="label">
						<left>15</left>
						<width>60</width>
						<height>67</height>
						<font>font15</font>
						<textcolor>$VAR[ColorHighlightVar]</textcolor>
						<selectedcolor>$VAR[ColorHighlightVar]</selectedcolor>
						<align>left</align>
						<aligny>center</aligny>
						<label fallback="• •">$INFO[ListItem.TrackNumber]</label>
						<visible>!IsEmpty(ListItem.Title)</visible>
					</control>
					<control type="label">
						<left>65</left>
						<top>0</top>
						<width>545</width>
						<height>67</height>
						<font>font15</font>
						<textcolor>$VAR[ColorTextVar]</textcolor>
						<selectedcolor>$VAR[ColorHighlightVar]</selectedcolor>
						<label>$INFO[ListItem.Title]</label>
						<visible>!IsEmpty(ListItem.Title)</visible>
					</control>
					<control type="label">
						<left>65</left>
						<top>0</top>
						<width>545</width>
						<height>67</height>
						<font>font15</font>
						<textcolor>$VAR[ColorTextVar]</textcolor>
						<selectedcolor>$VAR[ColorHighlightVar]</selectedcolor>
						<label>$INFO[ListItem.Label]</label>
						<visible>IsEmpty(ListItem.Title)</visible>
					</control>
					<control type="image">
						<left>610</left>
						<top>17</top>
						<width>180</width>
						<height>34</height>
						<aspectratio>keep</aspectratio>
						<texture fallback="rating0.png">$INFO[ListItem.StarRating]</texture>
						<colordiffuse>$VAR[ColorTextVar]</colordiffuse>
						<visible>!IsEmpty(ListItem.Title)</visible>
					</control>
				</itemlayout>
				<focusedlayout height="67" width="806" condition="Container.Content(songs)">
					<control type="image">
						<width>806</width>
						<height>67</height>
						<texture>listselect_fo.png</texture>
						<colordiffuse>$VAR[ColorHighlightVar]</colordiffuse>
						<visible>Control.HasFocus(501)</visible>
						<include>VisibleFadeEffect</include>
					</control>
					<control type="label">
						<left>15</left>
						<width>60</width>
						<height>67</height>
						<font>font15</font>
						<selectedcolor>$VAR[ColorTextVar]</selectedcolor>
						<align>left</align>
						<aligny>center</aligny>
						<label fallback="• •">$INFO[ListItem.TrackNumber]</label>
						<visible>!IsEmpty(ListItem.Title)</visible>
						<animation effect="fade" start="100" end="70" time="300" tween="sine" easing="inout" condition="!Control.HasFocus(501)">Conditional</animation>
					</control>
					<control type="label">
						<left>65</left>
						<top>0</top>
						<width>545</width>
						<height>67</height>
						<font>font15</font>
						<selectedcolor>$VAR[ColorTextVar]</selectedcolor>
						<label>$INFO[ListItem.Title]</label>
						<animation effect="fade" start="100" end="70" time="300" tween="sine" easing="inout" condition="!Control.HasFocus(501)">Conditional</animation>
						<visible>!IsEmpty(ListItem.Title)</visible>
					</control>
					<control type="label">
						<left>65</left>
						<top>0</top>
						<width>545</width>
						<height>67</height>
						<font>font15</font>
						<selectedcolor>$VAR[ColorTextVar]</selectedcolor>
						<label>$INFO[ListItem.Label]</label>
						<animation effect="fade" start="100" end="70" time="300" tween="sine" easing="inout" condition="!Control.HasFocus(501)">Conditional</animation>
						<visible>IsEmpty(ListItem.Title)</visible>
					</control>
					<control type="image">
						<left>610</left>
						<top>17</top>
						<width>180</width>
						<height>34</height>
						<aspectratio>keep</aspectratio>
						<texture fallback="rating0.png">$INFO[ListItem.StarRating]</texture>
						<visible>!IsEmpty(ListItem.Title)</visible>
						<animation effect="fade" start="100" end="70" time="300" tween="sine" easing="inout" condition="!Control.HasFocus(501)">Conditional</animation>
					</control>
				</focusedlayout>
				<itemlayout height="67" width="806" condition="![Container.Content(albums) | Container.Content(songs)]">
					<control type="label">
						<left>15</left>
						<width>775</width>
						<height>67</height>
						<font>font15</font>
						<textcolor>$VAR[ColorTextVar]</textcolor>
						<selectedcolor>$VAR[ColorHighlightVar]</selectedcolor>
						<label>$INFO[ListItem.Label]</label>
					</control>
					<control type="label">
						<left>110</left>
						<width>680</width>
						<height>67</height>
						<font>font15</font>
						<align>right</align>
						<textcolor>$VAR[ColorTextVar]</textcolor>
						<selectedcolor>$VAR[ColorHighlightVar]</selectedcolor>
						<aligny>center</aligny>
						<label>$INFO[ListItem.Label2]</label>
					</control>
				</itemlayout>
				<focusedlayout height="67" width="806" condition="![Container.Content(albums) | Container.Content(songs)]">
					<control type="image">
						<width>806</width>
						<height>67</height>
						<texture>listselect_fo.png</texture>
						<colordiffuse>$VAR[ColorHighlightVar]</colordiffuse>
						<visible>Control.HasFocus(501)</visible>
						<include>VisibleFadeEffect</include>
					</control>
					<control type="label">
						<left>15</left>
						<width>775</width>
						<height>67</height>
						<font>font15</font>
						<selectedcolor>$VAR[ColorTextVar]</selectedcolor>
						<label>$INFO[ListItem.Label]</label>
						<animation effect="fade" start="100" end="70" time="300" tween="sine" easing="inout" condition="!Control.HasFocus(501)">Conditional</animation>
					</control>
					<control type="label">
						<left>110</left>
						<width>680</width>
						<height>67</height>
						<font>font15</font>
						<align>right</align>
						<selectedcolor>$VAR[ColorTextVar]</selectedcolor>
						<aligny>center</aligny>
						<label>$INFO[ListItem.label2]</label>
						<animation effect="fade" start="100" end="70" time="300" tween="sine" easing="inout" condition="!Control.HasFocus(501)">Conditional</animation>
					</control>
				</focusedlayout>
			</control>
			<control type="scrollbar" id="60">
				<left>1906</left>
				<top>602</top>
				<width>14</width>
				<height>463</height>
				<onup>60</onup>
				<ondown>60</ondown>
				<onleft>50</onleft>
				<onright>50</onright>
				<showonepage>false</showonepage>
				<orientation>vertical</orientation>
			</control>
		</control>
	</include>
	<!-- Addon LowList -->
	<include name="AddonLowList">
		<control type="group">
			<visible>Control.IsVisible(501) + !Window.IsActive(addoninformation)</visible>
			<include>ViewAnimation</include>
			<animation effect="slide" end="0,-15" start="0,0" time="0" condition="Window.IsActive(pictures)">Conditional</animation>
			<animation effect="slide" end="0,-20" start="0,0" time="480" condition="[[Player.HasAudio + !Skin.HasSetting(Disable.ShowPlayingMusic)] | [Player.HasVideo + !Skin.HasSetting(Disable.ShowPlayingVideo)]] + !Control.HasFocus(60)">Conditional</animation>
			<control type="image">
				<top>617</top>
				<width>FullScreenWidth</width>
				<height>485</height>
				<texture>background.png</texture>
				<colordiffuse>$VAR[ColorBackgroundVar]</colordiffuse>
			</control>
			<control type="group">
				<left>30</left>
				<top>648</top>
				<control type="image">
					<width>402</width>
					<height>402</height>
					<aspectratio aligny="center" align="center">scale</aspectratio>
					<texture background="true">$INFO[ListItem.Icon]</texture>
					<fadetime>IconCrossfadeTime</fadetime>
				</control>
			</control>
			<control type="grouplist">
				<left>1280</left>
				<top>635</top>
				<width>610</width>
				<height>360</height>
				<usecontrolcoords>true</usecontrolcoords>
				<control type="button">
					<label>[COLOR $VAR[ColorHighlightVar]]$LOCALIZE[146][/COLOR][CR]$INFO[ListItem.Property(Addon.Type)]</label>
					<width>610</width>
					<include>ShowCaseInfoPanelButtonsValues</include>
					<visible>!IsEmpty(ListItem.Property(Addon.Type))</visible>
				</control>
				<control type="button">
					<label>[COLOR $VAR[ColorHighlightVar]]$LOCALIZE[21863]:[/COLOR][CR]$INFO[ListItem.Property(Addon.Creator)]</label>
					<width>610</width>
					<include>ShowCaseInfoPanelButtonsValues</include>
					<visible>!IsEmpty(ListItem.Property(Addon.Creator))</visible>
				</control>
			</control>
			<control type="group">
				<left>1295</left>
				<top>829</top>
				<control type="textbox" id="70">
					<label>$INFO[ListItem.Property(Addon.Description)]</label>
					<width>595</width>
					<height>220</height>
					<font>font14_textbox4</font>
					<include>ShowCaseInfoPanelButtonsValues</include>
					<autoscroll time="3000" delay="4000" repeat="5000">Skin.HasSetting(Enable.AutoScroll)</autoscroll>
				</control>
			</control>
			<control type="list" id="501">
				<left>463</left>
				<top>648</top>
				<width>976</width>
				<height>402</height>
				<onleft>SetProperty(MediaMenu,True,home)</onleft>
				<onleft>SetFocus(9050)</onleft>
				<onright>60</onright>
				<onup>501</onup>
				<ondown>501</ondown>
				<pagecontrol>60</pagecontrol>
				<viewtype label="31003">list</viewtype>
				<scrolltime tween="quadratic" easing="out">200</scrolltime>
				<itemlayout height="67" width="806">
					<control type="label">
						<left>15</left>
						<width>775</width>
						<height>67</height>
						<font>font15</font>
						<textcolor>$VAR[ColorTextVar]</textcolor>
						<selectedcolor>$VAR[ColorHighlightVar]</selectedcolor>
						<label>$INFO[ListItem.Label]</label>
					</control>
					<control type="label">
						<left>110</left>
						<width>680</width>
						<height>67</height>
						<font>font15</font>
						<align>right</align>
						<textcolor>$VAR[ColorTextVar]</textcolor>
						<selectedcolor>$VAR[ColorHighlightVar]</selectedcolor>
						<aligny>center</aligny>
						<label>$INFO[ListItem.Label2]</label>
					</control>
				</itemlayout>
				<focusedlayout height="67" width="806">
					<control type="image">
						<width>806</width>
						<height>67</height>
						<texture>listselect_fo.png</texture>
						<colordiffuse>$VAR[ColorHighlightVar]</colordiffuse>
						<visible>Control.HasFocus(501)</visible>
						<include>VisibleFadeEffect</include>
					</control>
					<control type="label">
						<left>15</left>
						<width>775</width>
						<height>67</height>
						<font>font15</font>
						<selectedcolor>$VAR[ColorTextVar]</selectedcolor>
						<label>$INFO[ListItem.Label]</label>
						<animation effect="fade" start="100" end="70" time="300" tween="sine" easing="inout" condition="!Control.HasFocus(501)">Conditional</animation>
					</control>
					<control type="label">
						<left>110</left>
						<width>680</width>
						<height>67</height>
						<font>font15</font>
						<align>right</align>
						<selectedcolor>$VAR[ColorTextVar]</selectedcolor>
						<aligny>center</aligny>
						<label>$INFO[ListItem.label2]</label>
						<animation effect="fade" start="100" end="70" time="300" tween="sine" easing="inout" condition="!Control.HasFocus(501)">Conditional</animation>
					</control>
				</focusedlayout>
			</control>
			<control type="scrollbar" id="60">
				<left>1906</left>
				<top>617</top>
				<width>14</width>
				<height>463</height>
				<onup>60</onup>
				<ondown>60</ondown>
				<onleft>50</onleft>
				<onright>50</onright>
				<showonepage>false</showonepage>
				<orientation>vertical</orientation>
			</control>
		</control>
	</include>
</includes>