<?xml version="1.0" encoding="UTF-8"?>
<includes>
	<!-- Video List -->
	<include name="VideoList">
		<control type="group">
			<visible>Control.IsVisible(50) + !Window.IsActive(addoninformation)</visible>
			<include>ViewAnimation</include>
			<control type="group">
				<left>90</left>
				<top>-50</top>
				<animation effect="slide" start="0,0" end="0,15" time="0" tween="cubic" easing="inout" condition="Window.IsActive(videoplaylist)">Conditional</animation>
				<control type="list" id="50">
					<left>0</left>
					<top>155</top>
					<width>1150</width>
					<height>840</height>
					<onleft>SetProperty(MediaMenu,True,home)</onleft>
					<onleft>SetFocus(9050)</onleft>
					<onright>60</onright>
					<onup>50</onup>
					<ondown>50</ondown>
					<viewtype label="535">list</viewtype>
					<pagecontrol>60</pagecontrol>
					<scrolltime tween="quadratic" easing="out">200</scrolltime>
					<itemlayout height="120" width="1150" condition="Container.Content(movies) + !Skin.HasSetting(Enable.SlimList)">
						<control type="image">
							<visible>!StringCompare(Container.SortMethod,$LOCALIZE[13409]) + !substring(Container.FolderPath,plugin.video)</visible>
							<left>15</left>
							<top>8</top>
							<width>105</width>
							<height>105</height>
							<aspectratio>keep</aspectratio>
							<texture fallback="flags/studios/default-studio.png">$VAR[StudioIconVar]</texture>
							<colordiffuse>$VAR[ColorTextVar]</colordiffuse>
						</control>
						<control type="image">
							<visible>substring(Container.FolderPath,plugin.video)</visible>
							<left>15</left>
							<top>8</top>
							<width>105</width>
							<height>105</height>
							<aspectratio>keep</aspectratio>
							<texture>$INFO[ListItem.Icon]</texture>
						</control>
						<control type="label">
							<visible>StringCompare(Container.SortMethod,$LOCALIZE[13409])</visible>
							<left>15</left>
							<top>6</top>
							<width>105</width>
							<height>105</height>
							<font>font35_title</font>
							<textcolor>$VAR[ColorTextVar]</textcolor>
							<selectedcolor>$VAR[ColorHighlightVar]</selectedcolor>
							<align>center</align>
							<aligny>center</aligny>
							<label>$INFO[ListItem.Top250]</label>
						</control>
						<control type="label">
							<left>135</left>
							<top>0</top>
							<width>790</width>
							<height>70</height>
							<font>font30</font>
							<textcolor>$VAR[ColorTextVar]</textcolor>
							<selectedcolor>$VAR[ColorHighlightVar]</selectedcolor>
							<align>left</align>
							<aligny>center</aligny>
							<label>$INFO[ListItem.Label]</label>
						</control>
						<control type="label">
							<left>135</left>
							<top>55</top>
							<width>790</width>
							<height>60</height>
							<font>font15</font>
							<textcolor>$VAR[ColorHighlightVar]</textcolor>
							<selectedcolor>$VAR[ColorHighlightVar]</selectedcolor>
							<align>left</align>
							<aligny>center</aligny>
							<label>$INFO[ListItem.Year,, • ]$VAR[VideoListLabel2Var]</label>
						</control>
						<control type="image">
							<left>935</left>
							<top>46</top>
							<width>42</width>
							<height>28</height>
							<aspectratio>keep</aspectratio>
							<texture>$VAR[UnFocusHDIndicator]</texture>
							<colordiffuse>$VAR[ColorTextVar]</colordiffuse>
							<visible>StringCompare(ListItem.Label2,ListItem.Rating) | StringCompare(ListItem.Label2,ListItem.Year)</visible>
						</control>
						<control type="label">
							<width>1060</width>
							<height>116</height>
							<font>font30</font>
							<align>right</align>
							<textcolor>$VAR[ColorTextVar]</textcolor>
							<selectedcolor>$VAR[ColorHighlightVar]</selectedcolor>
							<aligny>center</aligny>
							<label>$INFO[ListItem.Label2]</label>
							<visible>StringCompare(ListItem.Label2,ListItem.Rating)</visible>
						</control>
						<control type="label">
							<left>5</left>
							<width>1060</width>
							<height>116</height>
							<font>font15</font>
							<align>right</align>
							<textcolor>$VAR[ColorTextVar]</textcolor>
							<selectedcolor>$VAR[ColorHighlightVar]</selectedcolor>
							<aligny>center</aligny>
							<label>$INFO[ListItem.Label2]</label>
							<visible>!StringCompare(ListItem.Label2,ListItem.Rating)</visible>
						</control>
						<control type="image">
							<left>1076</left>
							<top>28</top>
							<width>64</width>
							<height>64</height>
							<aspectratio>keep</aspectratio>
							<texture colordiffuse="$VAR[ColorTextVar]">$VAR[ListItem.Overlay]</texture>
						</control>
					</itemlayout>
					<focusedlayout height="120" width="1150" condition="Container.Content(movies) + !Skin.HasSetting(Enable.SlimList)">
						<control type="image">
							<left>0</left>
							<top>0</top>
							<width>1150</width>
							<height>120</height>
							<texture>listselect_fo.png</texture>
							<colordiffuse>$VAR[ColorHighlightVar]</colordiffuse>
							<visible>Control.HasFocus(50)</visible>
							<include>VisibleFadeEffect</include>
						</control>
						<control type="image">
							<visible>!StringCompare(Container.SortMethod,$LOCALIZE[13409]) + !substring(Container.FolderPath,plugin.video)</visible>
							<left>15</left>
							<top>8</top>
							<width>105</width>
							<height>105</height>
							<aspectratio>keep</aspectratio>
							<texture fallback="flags/studios/default-studio.png">$VAR[StudioIconVar]</texture>
							<colordiffuse>$VAR[ColorTextVar]</colordiffuse>
						</control>
						<control type="image">
							<visible>!StringCompare(Container.SortMethod,$LOCALIZE[13409]) + substring(Container.FolderPath,plugin.video)</visible>
							<left>15</left>
							<top>8</top>
							<width>105</width>
							<height>105</height>
							<aspectratio>keep</aspectratio>
							<texture>$INFO[ListItem.Icon]</texture>
						</control>
						<control type="label">
							<visible>StringCompare(Container.SortMethod,$LOCALIZE[13409])</visible>
							<left>15</left>
							<top>6</top>
							<width>105</width>
							<height>105</height>
							<font>font35_title</font>
							<textcolor>$VAR[ColorTextVar]</textcolor>
							<selectedcolor>$VAR[ColorTextVar]</selectedcolor>
							<align>center</align>
							<aligny>center</aligny>
							<label>$INFO[ListItem.Top250]</label>
						</control>
						<control type="label">
							<left>135</left>
							<width>790</width>
							<height>70</height>
							<font>font30</font>
							<textcolor>$VAR[ColorTextVar]</textcolor>
							<selectedcolor>$VAR[ColorTextVar]</selectedcolor>
							<align>left</align>
							<aligny>center</aligny>
							<label>$INFO[ListItem.Label]</label>
							<animation effect="fade" start="100" end="70" time="300" tween="sine" easing="inout" condition="!Control.HasFocus(50)">Conditional</animation>
						</control>
						<control type="label">
							<left>135</left>
							<top>55</top>
							<width>790</width>
							<height>60</height>
							<font>font15</font>
							<textcolor>$VAR[ColorTextVar]</textcolor>
							<selectedcolor>$VAR[ColorTextVar]</selectedcolor>
							<align>left</align>
							<aligny>center</aligny>
							<label>$INFO[ListItem.Year,, • ]$VAR[VideoListLabel2Var]</label>
							<animation effect="fade" start="100" end="30" time="300" tween="sine" easing="inout" condition="!Control.HasFocus(50)">Conditional</animation>
						</control>
						<control type="image">
							<left>935</left>
							<top>46</top>
							<width>42</width>
							<height>28</height>
							<aspectratio>keep</aspectratio>
							<texture>$VAR[UnFocusHDIndicator]</texture>
							<colordiffuse>$VAR[ColorTextVar]</colordiffuse>
							<animation effect="fade" start="100" end="60" time="300" tween="sine" easing="inout" condition="!Control.HasFocus(50)">Conditional</animation>
							<visible>StringCompare(ListItem.Label2,ListItem.Rating) | StringCompare(ListItem.Label2,ListItem.Year)</visible>
						</control>
						<control type="label">
							<width>1060</width>
							<height>116</height>
							<font>font30</font>
							<align>right</align>
							<textcolor>$VAR[ColorTextVar]</textcolor>
							<selectedcolor>$VAR[ColorTextVar]</selectedcolor>
							<aligny>center</aligny>
							<label>$INFO[ListItem.Label2]</label>
							<animation effect="fade" start="100" end="70" time="300" tween="sine" easing="inout" condition="!Control.HasFocus(50)">Conditional</animation>
							<visible>StringCompare(ListItem.Label2,ListItem.Rating)</visible>
						</control>
						<control type="label">
							<left>5</left>
							<width>1060</width>
							<height>116</height>
							<font>font15</font>
							<align>right</align>
							<textcolor>$VAR[ColorTextVar]</textcolor>
							<selectedcolor>$VAR[ColorTextVar]</selectedcolor>
							<aligny>center</aligny>
							<label>$INFO[ListItem.Label2]</label>
							<animation effect="fade" start="100" end="70" time="300" tween="sine" easing="inout" condition="!Control.HasFocus(50)">Conditional</animation>
							<visible>!StringCompare(ListItem.Label2,ListItem.Rating)</visible>
						</control>
						<control type="image">
							<left>1076</left>
							<top>28</top>
							<width>64</width>
							<height>64</height>
							<aspectratio>keep</aspectratio>
							<texture colordiffuse="$VAR[ColorTextVar]">$VAR[ListItem.Overlay]</texture>
						</control>
					</focusedlayout>
					<itemlayout height="120" width="1150" condition="Container.Content(episodes) + !Skin.HasSetting(Enable.SlimList)">
						<control type="image">
							<left>15</left>
							<top>8</top>
							<width>105</width>
							<height>105</height>
							<aspectratio>keep</aspectratio>
							<texture background="true">$INFO[ListItem.Icon]</texture>
							<colordiffuse>$VAR[ColorTextVar]</colordiffuse>
							<visible>SubString(ListItem.Icon,Default,left)</visible>
						</control>
						<control type="image">
							<left>15</left>
							<top>8</top>
							<width>105</width>
							<height>105</height>
							<aspectratio>keep</aspectratio>
							<texture background="true">$INFO[ListItem.Icon]</texture>
							<visible>!SubString(ListItem.Icon,Default,left)</visible>
						</control>
						<control type="label">
							<left>135</left>
							<top>0</top>
							<width>790</width>
							<height>70</height>
							<font>font30</font>
							<textcolor>$VAR[ColorTextVar]</textcolor>
							<selectedcolor>$VAR[ColorHighlightVar]</selectedcolor>
							<align>left</align>
							<aligny>center</aligny>
							<label>$INFO[ListItem.Label]</label>
						</control>
						<control type="label">
							<left>135</left>
							<top>55</top>
							<width>790</width>
							<height>60</height>
							<font>font15</font>
							<textcolor>$VAR[ColorHighlightVar]</textcolor>
							<selectedcolor>$VAR[ColorHighlightVar]</selectedcolor>
							<align>left</align>
							<aligny>center</aligny>
							<label>$VAR[VideoListLabel2Var]</label>
						</control>
						<control type="image">
							<left>935</left>
							<top>46</top>
							<width>42</width>
							<height>28</height>
							<aspectratio>keep</aspectratio>
							<texture>$VAR[UnFocusHDIndicator]</texture>
							<colordiffuse>$VAR[ColorTextVar]</colordiffuse>
							<visible>StringCompare(ListItem.Label2,ListItem.Rating)</visible>
						</control>
						<control type="label">
							<width>1060</width>
							<height>116</height>
							<font>font30</font>
							<align>right</align>
							<textcolor>$VAR[ColorTextVar]</textcolor>
							<selectedcolor>$VAR[ColorHighlightVar]</selectedcolor>
							<aligny>center</aligny>
							<label>$INFO[ListItem.Label2]</label>
							<visible>StringCompare(ListItem.Label2,ListItem.Rating)</visible>
						</control>
						<control type="label">
							<left>5</left>
							<width>1060</width>
							<height>116</height>
							<font>font15</font>
							<align>right</align>
							<textcolor>$VAR[ColorTextVar]</textcolor>
							<selectedcolor>$VAR[ColorHighlightVar]</selectedcolor>
							<aligny>center</aligny>
							<label>$INFO[ListItem.Label2]</label>
							<visible>!StringCompare(ListItem.Label2,ListItem.Rating)</visible>
						</control>
						<control type="image">
							<left>1076</left>
							<top>28</top>
							<width>64</width>
							<height>64</height>
							<aspectratio>keep</aspectratio>
							<texture colordiffuse="$VAR[ColorTextVar]">$VAR[ListItem.Overlay]</texture>
						</control>
					</itemlayout>
					<focusedlayout height="120" width="1150" condition="Container.Content(episodes) + !Skin.HasSetting(Enable.SlimList)">
						<control type="image">
							<left>0</left>
							<top>0</top>
							<width>1150</width>
							<height>120</height>
							<texture>listselect_fo.png</texture>
							<colordiffuse>$VAR[ColorHighlightVar]</colordiffuse>
							<visible>Control.HasFocus(50)</visible>
							<include>VisibleFadeEffect</include>
						</control>
						<control type="image">
							<left>15</left>
							<top>8</top>
							<width>105</width>
							<height>105</height>
							<aspectratio>keep</aspectratio>
							<texture background="true">$INFO[ListItem.Icon]</texture>
							<colordiffuse>$VAR[ColorTextVar]</colordiffuse>
							<visible>SubString(ListItem.Icon,Default,left)</visible>
						</control>
						<control type="image">
							<left>15</left>
							<top>8</top>
							<width>105</width>
							<height>105</height>
							<aspectratio>keep</aspectratio>
							<texture background="true">$INFO[ListItem.Icon]</texture>
							<visible>!SubString(ListItem.Icon,Default,left)</visible>
						</control>
						<control type="label">
							<left>135</left>
							<top>0</top>
							<width>790</width>
							<height>70</height>
							<font>font30</font>
							<textcolor>$VAR[ColorTextVar]</textcolor>
							<selectedcolor>$VAR[ColorTextVar]</selectedcolor>
							<align>left</align>
							<aligny>center</aligny>
							<label>$INFO[ListItem.Label]</label>
							<animation effect="fade" start="100" end="70" time="300" tween="sine" easing="inout" condition="!Control.HasFocus(50)">Conditional</animation>
						</control>
						<control type="label">
							<left>135</left>
							<top>55</top>
							<width>790</width>
							<height>60</height>
							<font>font15</font>
							<textcolor>$VAR[ColorTextVar]</textcolor>
							<selectedcolor>$VAR[ColorTextVar]</selectedcolor>
							<align>left</align>
							<aligny>center</aligny>
							<label>$VAR[VideoListLabel2Var]</label>
							<animation effect="fade" start="100" end="30" time="300" tween="sine" easing="inout" condition="!Control.HasFocus(50)">Conditional</animation>
						</control>
						<control type="image">
							<left>935</left>
							<top>46</top>
							<width>42</width>
							<height>28</height>
							<aspectratio>keep</aspectratio>
							<texture>$VAR[UnFocusHDIndicator]</texture>
							<colordiffuse>$VAR[ColorTextVar]</colordiffuse>
							<animation effect="fade" start="100" end="60" time="300" tween="sine" easing="inout" condition="!Control.HasFocus(50)">Conditional</animation>
							<visible>StringCompare(ListItem.Label2,ListItem.Rating)</visible>
						</control>
						<control type="label">
							<width>1060</width>
							<height>116</height>
							<font>font30</font>
							<align>right</align>
							<textcolor>$VAR[ColorTextVar]</textcolor>
							<selectedcolor>$VAR[ColorTextVar]</selectedcolor>
							<aligny>center</aligny>
							<label>$INFO[ListItem.Label2]</label>
							<animation effect="fade" start="100" end="70" time="300" tween="sine" easing="inout" condition="!Control.HasFocus(50)">Conditional</animation>
							<visible>StringCompare(ListItem.Label2,ListItem.Rating)</visible>
						</control>
						<control type="label">
							<left>5</left>
							<width>1060</width>
							<height>116</height>
							<font>font15</font>
							<align>right</align>
							<textcolor>$VAR[ColorTextVar]</textcolor>
							<selectedcolor>$VAR[ColorTextVar]</selectedcolor>
							<aligny>center</aligny>
							<label>$INFO[ListItem.Label2]</label>
							<animation effect="fade" start="100" end="70" time="300" tween="sine" easing="inout" condition="!Control.HasFocus(50)">Conditional</animation>
							<visible>!StringCompare(ListItem.Label2,ListItem.Rating)</visible>
						</control>
						<control type="image">
							<left>1076</left>
							<top>28</top>
							<width>64</width>
							<height>64</height>
							<aspectratio>keep</aspectratio>
							<texture colordiffuse="$VAR[ColorTextVar]">$VAR[ListItem.Overlay]</texture>
						</control>
					</focusedlayout>
					<itemlayout height="120" width="1150" condition="Container.Content(tvshows) + !Skin.HasSetting(Enable.SlimList)">
						<control type="image">
							<visible>!substring(Container.FolderPath,plugin.video)</visible>
							<left>15</left>
							<top>8</top>
							<width>105</width>
							<height>105</height>
							<aspectratio>keep</aspectratio>
							<texture fallback="flags/studios/default-studio.png">$VAR[StudioIconVar]</texture>
							<colordiffuse>$VAR[ColorTextVar]</colordiffuse>
						</control>
						<control type="image">
							<visible>substring(Container.FolderPath,plugin.video)</visible>
							<left>15</left>
							<top>8</top>
							<width>105</width>
							<height>105</height>
							<aspectratio>keep</aspectratio>
							<texture>$INFO[ListItem.Icon]</texture>
						</control>
						<control type="label">
							<left>135</left>
							<top>0</top>
							<width>790</width>
							<height>70</height>
							<font>font30</font>
							<textcolor>$VAR[ColorTextVar]</textcolor>
							<selectedcolor>$VAR[ColorHighlightVar]</selectedcolor>
							<align>left</align>
							<aligny>center</aligny>
							<label>$INFO[ListItem.Label]</label>
						</control>
						<control type="label">
							<left>135</left>
							<top>55</top>
							<width>790</width>
							<height>60</height>
							<font>font15</font>
							<textcolor>$VAR[ColorHighlightVar]</textcolor>
							<selectedcolor>$VAR[ColorHighlightVar]</selectedcolor>
							<align>left</align>
							<aligny>center</aligny>
							<label>$VAR[VideoListLabel2Var]</label>
						</control>
						<control type="label">
							<width>1060</width>
							<height>116</height>
							<font>font15</font>
							<align>right</align>
							<textcolor>$VAR[ColorTextVar]</textcolor>
							<selectedcolor>$VAR[ColorHighlightVar]</selectedcolor>
							<aligny>center</aligny>
							<label>$INFO[ListItem.Label2]</label>
						</control>
						<control type="image">
							<left>1076</left>
							<top>28</top>
							<width>64</width>
							<height>64</height>
							<aspectratio>keep</aspectratio>
							<texture colordiffuse="$VAR[ColorTextVar]">$VAR[ListItem.Overlay]</texture>
						</control>
					</itemlayout>
					<focusedlayout height="120" width="1150" condition="Container.Content(tvshows) + !Skin.HasSetting(Enable.SlimList)">
						<control type="image">
							<left>0</left>
							<top>0</top>
							<width>1150</width>
							<height>120</height>
							<texture>listselect_fo.png</texture>
							<colordiffuse>$VAR[ColorHighlightVar]</colordiffuse>
							<visible>Control.HasFocus(50)</visible>
							<include>VisibleFadeEffect</include>
						</control>
						<control type="image">
							<visible>!substring(Container.FolderPath,plugin.video)</visible>
							<left>15</left>
							<top>8</top>
							<width>105</width>
							<height>105</height>
							<aspectratio>keep</aspectratio>
							<texture fallback="flags/studios/default-studio.png">$VAR[StudioIconVar]</texture>
							<colordiffuse>$VAR[ColorTextVar]</colordiffuse>
						</control>
						<control type="image">
							<visible>substring(Container.FolderPath,plugin.video)</visible>
							<left>15</left>
							<top>8</top>
							<width>105</width>
							<height>105</height>
							<aspectratio>keep</aspectratio>
							<texture>$INFO[ListItem.Icon]</texture>
						</control>
						<control type="label">
							<left>135</left>
							<top>0</top>
							<width>790</width>
							<height>70</height>
							<font>font30</font>
							<textcolor>$VAR[ColorTextVar]</textcolor>
							<selectedcolor>$VAR[ColorTextVar]</selectedcolor>
							<align>left</align>
							<aligny>center</aligny>
							<label>$INFO[ListItem.Label]</label>
							<animation effect="fade" start="100" end="70" time="300" tween="sine" easing="inout" condition="!Control.HasFocus(50)">Conditional</animation>
						</control>
						<control type="label">
							<left>135</left>
							<top>55</top>
							<width>790</width>
							<height>60</height>
							<font>font15</font>
							<textcolor>$VAR[ColorTextVar]</textcolor>
							<selectedcolor>$VAR[ColorTextVar]</selectedcolor>
							<align>left</align>
							<aligny>center</aligny>
							<label>$VAR[VideoListLabel2Var]</label>
							<animation effect="fade" start="100" end="30" time="300" tween="sine" easing="inout" condition="!Control.HasFocus(50)">Conditional</animation>
						</control>
						<control type="label">
							<width>1060</width>
							<height>116</height>
							<font>font15</font>
							<align>right</align>
							<textcolor>$VAR[ColorTextVar]</textcolor>
							<selectedcolor>$VAR[ColorTextVar]</selectedcolor>
							<aligny>center</aligny>
							<label>$INFO[ListItem.Label2]</label>
							<animation effect="fade" start="100" end="70" time="300" tween="sine" easing="inout" condition="!Control.HasFocus(50)">Conditional</animation>
						</control>
						<control type="image">
							<left>1076</left>
							<top>28</top>
							<width>64</width>
							<height>64</height>
							<aspectratio>keep</aspectratio>
							<texture colordiffuse="$VAR[ColorTextVar]">$VAR[ListItem.Overlay]</texture>
						</control>
					</focusedlayout>
					<itemlayout height="120" width="1150" condition="Container.Content(seasons) + !Skin.HasSetting(Enable.SlimList)">
						<control type="image">
							<left>15</left>
							<top>8</top>
							<width>105</width>
							<height>105</height>
							<aspectratio>keep</aspectratio>
							<texture background="true">$INFO[ListItem.Icon]</texture>
							<visible>!SubString(ListItem.Icon,Default,left)</visible>
						</control>
						<control type="image">
							<left>15</left>
							<top>8</top>
							<width>105</width>
							<height>105</height>
							<aspectratio>keep</aspectratio>
							<texture background="true">$INFO[ListItem.Icon]</texture>
							<colordiffuse>$VAR[ColorTextVar]</colordiffuse>
							<visible>SubString(ListItem.Icon,Default,left)</visible>
						</control>
						<control type="label">
							<left>135</left>
							<width>960</width>
							<height>120</height>
							<font>font30</font>
							<textcolor>$VAR[ColorTextVar]</textcolor>
							<selectedcolor>$VAR[ColorHighlightVar]</selectedcolor>
							<align>left</align>
							<aligny>center</aligny>
							<label>$INFO[ListItem.Label]</label>
						</control>
						<control type="label">
							<width>1060</width>
							<height>116</height>
							<font>font15</font>
							<align>right</align>
							<textcolor>$VAR[ColorTextVar]</textcolor>
							<selectedcolor>$VAR[ColorHighlightVar]</selectedcolor>
							<aligny>center</aligny>
							<label>$INFO[ListItem.Property(TotalEpisodes),, $LOCALIZE[20453]]</label>
						</control>
						<control type="image">
							<left>1076</left>
							<top>28</top>
							<width>64</width>
							<height>64</height>
							<aspectratio>keep</aspectratio>
							<texture colordiffuse="$VAR[ColorTextVar]">$VAR[ListItem.Overlay]</texture>
						</control>
					</itemlayout>
					<focusedlayout height="120" width="1150" condition="Container.Content(seasons) + !Skin.HasSetting(Enable.SlimList)">
						<control type="image">
							<left>0</left>
							<top>0</top>
							<width>1150</width>
							<height>120</height>
							<texture>listselect_fo.png</texture>
							<colordiffuse>$VAR[ColorHighlightVar]</colordiffuse>
							<visible>Control.HasFocus(50)</visible>
							<include>VisibleFadeEffect</include>
						</control>
						<control type="image">
							<left>15</left>
							<top>8</top>
							<width>105</width>
							<height>105</height>
							<aspectratio>keep</aspectratio>
							<texture background="true">$INFO[ListItem.Icon]</texture>
							<visible>!SubString(ListItem.Icon,Default,left)</visible>
						</control>
						<control type="image">
							<left>15</left>
							<top>8</top>
							<width>105</width>
							<height>105</height>
							<aspectratio>keep</aspectratio>
							<texture background="true">$INFO[ListItem.Icon]</texture>
							<visible>SubString(ListItem.Icon,Default,left)</visible>
						</control>
						<control type="label">
							<left>135</left>
							<width>960</width>
							<height>120</height>
							<font>font30</font>
							<textcolor>$VAR[ColorTextVar]</textcolor>
							<selectedcolor>$VAR[ColorTextVar]</selectedcolor>
							<align>left</align>
							<aligny>center</aligny>
							<label>$INFO[ListItem.Label]</label>
							<animation effect="fade" start="100" end="70" time="300" tween="sine" easing="inout" condition="!Control.HasFocus(50)">Conditional</animation>
						</control>
						<control type="label">
							<width>1060</width>
							<height>116</height>
							<font>font15</font>
							<align>right</align>
							<textcolor>$VAR[ColorTextVar]</textcolor>
							<selectedcolor>$VAR[ColorTextVar]</selectedcolor>
							<aligny>center</aligny>
							<label>$INFO[ListItem.Property(TotalEpisodes),, $LOCALIZE[20453]]</label>
							<animation effect="fade" start="100" end="70" time="300" tween="sine" easing="inout" condition="!Control.HasFocus(50)">Conditional</animation>
						</control>
						<control type="image">
							<left>1076</left>
							<top>28</top>
							<width>64</width>
							<height>64</height>
							<aspectratio>keep</aspectratio>
							<texture colordiffuse="$VAR[ColorTextVar]">$VAR[ListItem.Overlay]</texture>
						</control>
					</focusedlayout>
					<itemlayout height="120" width="1150" condition="Container.Content(addons) + !Skin.HasSetting(Enable.SlimList)">
						<control type="image">
							<left>15</left>
							<top>8</top>
							<width>105</width>
							<height>105</height>
							<aspectratio>keep</aspectratio>
							<texture background="true">$INFO[ListItem.Icon]</texture>
							<colordiffuse>$VAR[ColorTextVar]</colordiffuse>
							<visible>SubString(ListItem.Icon,Default,left)</visible>
						</control>
						<control type="image">
							<left>15</left>
							<top>8</top>
							<width>105</width>
							<height>105</height>
							<aspectratio>keep</aspectratio>
							<texture background="true">$INFO[ListItem.Icon]</texture>
							<visible>!SubString(ListItem.Icon,Default,left)</visible>
						</control>
						<control type="label">
							<left>135</left>
							<width>905</width>
							<height>70</height>
							<font>font30</font>
							<textcolor>$VAR[ColorTextVar]</textcolor>
							<selectedcolor>$VAR[ColorHighlightVar]</selectedcolor>
							<align>left</align>
							<aligny>center</aligny>
							<label>$INFO[ListItem.Label]</label>
							<animation effect="slide" start="0,0" end="0,25" time="0" condition="IsEmpty(ListItem.Property(Addon.Summary))">Conditional</animation>
						</control>
						<control type="label">
							<left>135</left>
							<top>50</top>
							<width>905</width>
							<height>60</height>
							<font>font15</font>
							<textcolor>$VAR[ColorTextVar]</textcolor>
							<selectedcolor>$VAR[ColorHighlightVar]</selectedcolor>
							<align>left</align>
							<aligny>center</aligny>
							<label>$INFO[ListItem.Property(Addon.Summary)]</label>
						</control>
						<control type="label">
							<left>60</left>
							<width>1060</width>
							<height>120</height>
							<font>font15</font>
							<align>right</align>
							<textcolor>$VAR[ColorHighlightVar]</textcolor>
							<selectedcolor>$VAR[ColorHighlightVar]</selectedcolor>
							<aligny>center</aligny>
							<label>$INFO[ListItem.Label2]</label>
						</control>
					</itemlayout>
					<focusedlayout height="120" width="1150" condition="Container.Content(addons) + !Skin.HasSetting(Enable.SlimList)">
						<control type="image">
							<left>0</left>
							<top>0</top>
							<width>1150</width>
							<height>120</height>
							<texture>listselect_fo.png</texture>
							<colordiffuse>$VAR[ColorHighlightVar]</colordiffuse>
							<visible>Control.HasFocus(50)</visible>
							<include>VisibleFadeEffect</include>
						</control>
						<control type="image">
							<left>15</left>
							<top>8</top>
							<width>105</width>
							<height>105</height>
							<aspectratio>keep</aspectratio>
							<texture background="true">$INFO[ListItem.Icon]</texture>
							<colordiffuse>$VAR[ColorTextVar]</colordiffuse>
							<visible>SubString(ListItem.Icon,Default,left)</visible>
						</control>
						<control type="image">
							<left>15</left>
							<top>8</top>
							<width>105</width>
							<height>105</height>
							<aspectratio>keep</aspectratio>
							<texture background="true">$INFO[ListItem.Icon]</texture>
							<visible>!SubString(ListItem.Icon,Default,left)</visible>
						</control>
						<control type="label">
							<left>135</left>
							<width>905</width>
							<height>70</height>
							<font>font30</font>
							<textcolor>$VAR[ColorTextVar]</textcolor>
							<selectedcolor>$VAR[ColorTextVar]</selectedcolor>
							<align>left</align>
							<aligny>center</aligny>
							<label>$INFO[ListItem.Label]</label>
							<animation effect="fade" start="100" end="70" time="300" tween="sine" easing="inout" condition="!Control.HasFocus(50)">Conditional</animation>
							<animation effect="slide" start="0,0" end="0,25" time="0" condition="IsEmpty(ListItem.Property(Addon.Summary))">Conditional</animation>
						</control>
						<control type="label">
							<left>135</left>
							<top>50</top>
							<width>905</width>
							<height>60</height>
							<font>font15</font>
							<textcolor>$VAR[ColorTextVar]</textcolor>
							<selectedcolor>$VAR[ColorTextVar]</selectedcolor>
							<align>left</align>
							<aligny>center</aligny>
							<label>$INFO[ListItem.Property(Addon.Summary)]</label>
							<animation effect="fade" start="100" end="30" time="300" tween="sine" easing="inout" condition="!Control.HasFocus(50)">Conditional</animation>
						</control>
						<control type="label">
							<left>60</left>
							<width>1060</width>
							<height>120</height>
							<font>font15</font>
							<align>right</align>
							<textcolor>$VAR[ColorTextVar]</textcolor>
							<selectedcolor>$VAR[ColorTextVar]</selectedcolor>
							<aligny>center</aligny>
							<label>$INFO[ListItem.Label2]</label>
							<animation effect="fade" start="100" end="70" time="300" tween="sine" easing="inout" condition="!Control.HasFocus(50)">Conditional</animation>
						</control>
					</focusedlayout>
					<itemlayout height="120" width="1150" condition="![Container.Content(movies) | Container.Content(tvshows) | Container.Content(episodes) | Container.Content(addons) | Container.Content(seasons) | Skin.HasSetting(Enable.SlimList)]">
						<control type="image">
							<left>15</left>
							<top>8</top>
							<width>105</width>
							<height>105</height>
							<aspectratio>keep</aspectratio>
							<texture background="true">$INFO[ListItem.Icon]</texture>
							<colordiffuse>$VAR[ColorTextVar]</colordiffuse>
							<visible>SubString(ListItem.Icon,Default,left) + !Container.Content(studios)</visible>
						</control>
						<control type="image">
							<left>15</left>
							<top>8</top>
							<width>105</width>
							<height>105</height>
							<aspectratio>keep</aspectratio>
							<texture fallback="flags/studios/default-studio.png">$INFO[ListItem.Label,flags/studios/,.png]</texture>
							<colordiffuse>$VAR[ColorTextVar]</colordiffuse>
							<visible>SubString(ListItem.Icon,Default,left) + Container.Content(studios)</visible>
						</control>
						<control type="image">
							<left>15</left>
							<top>8</top>
							<width>105</width>
							<height>105</height>
							<aspectratio>keep</aspectratio>
							<texture background="true">$INFO[ListItem.Icon]</texture>
							<visible>!SubString(ListItem.Icon,Default,left)</visible>
						</control>
						<control type="label">
							<left>135</left>
							<top>0</top>
							<width>960</width>
							<height>120</height>
							<font>font30</font>
							<textcolor>$VAR[ColorTextVar]</textcolor>
							<selectedcolor>$VAR[ColorHighlightVar]</selectedcolor>
							<align>left</align>
							<aligny>center</aligny>
							<label>$INFO[ListItem.Label]</label>
						</control>
						<control type="label">
							<left>100</left>
							<width>960</width>
							<height>120</height>
							<font>font15</font>
							<align>right</align>
							<textcolor>$VAR[ColorHighlightVar]</textcolor>
							<selectedcolor>$VAR[ColorHighlightVar]</selectedcolor>
							<aligny>center</aligny>
							<label>$INFO[ListItem.Label2]</label>
						</control>
						<control type="image">
							<left>1076</left>
							<top>28</top>
							<width>64</width>
							<height>64</height>
							<aspectratio>keep</aspectratio>
							<texture colordiffuse="$VAR[ColorTextVar]">$VAR[ListItem.Overlay]</texture>
						</control>
					</itemlayout>
					<focusedlayout height="120" width="1150" condition="![Container.Content(movies) | Container.Content(tvshows) | Container.Content(episodes) | Container.Content(addons) | Container.Content(seasons) | Skin.HasSetting(Enable.SlimList)]">
						<control type="image">
							<left>0</left>
							<top>0</top>
							<width>1150</width>
							<height>120</height>
							<texture>listselect_fo.png</texture>
							<colordiffuse>$VAR[ColorHighlightVar]</colordiffuse>
							<visible>Control.HasFocus(50)</visible>
							<include>VisibleFadeEffect</include>
						</control>
						<control type="image">
							<left>15</left>
							<top>8</top>
							<width>105</width>
							<height>105</height>
							<aspectratio>keep</aspectratio>
							<texture background="true">$INFO[ListItem.Icon]</texture>
							<colordiffuse>$VAR[ColorTextVar]</colordiffuse>
							<visible>SubString(ListItem.Icon,Default,left) + !Container.Content(studios)</visible>
						</control>
						<control type="image">
							<left>15</left>
							<top>8</top>
							<width>105</width>
							<height>105</height>
							<aspectratio>keep</aspectratio>
							<texture fallback="flags/studios/default-studio.png">$INFO[ListItem.Label,flags/studios/,.png]</texture>
							<colordiffuse>$VAR[ColorTextVar]</colordiffuse>
							<visible>SubString(ListItem.Icon,Default,left) + Container.Content(studios)</visible>
						</control>
						<control type="image">
							<left>15</left>
							<top>8</top>
							<width>105</width>
							<height>105</height>
							<aspectratio>keep</aspectratio>
							<texture background="true">$INFO[ListItem.Icon]</texture>
							<visible>!SubString(ListItem.Icon,Default,left)</visible>
						</control>
						<control type="label">
							<left>135</left>
							<top>0</top>
							<width>960</width>
							<height>120</height>
							<font>font30</font>
							<textcolor>$VAR[ColorTextVar]</textcolor>
							<selectedcolor>$VAR[ColorTextVar]</selectedcolor>
							<align>left</align>
							<aligny>center</aligny>
							<label>$INFO[ListItem.Label]</label>
							<animation effect="fade" start="100" end="70" time="300" tween="sine" easing="inout" condition="!Control.HasFocus(50)">Conditional</animation>
						</control>
						<control type="label">
							<left>100</left>
							<width>960</width>
							<height>120</height>
							<font>font15</font>
							<align>right</align>
							<textcolor>$VAR[ColorTextVar]</textcolor>
							<selectedcolor>$VAR[ColorTextVar]</selectedcolor>
							<aligny>center</aligny>
							<label>$INFO[ListItem.Label2]</label>
							<animation effect="fade" start="100" end="70" time="300" tween="sine" easing="inout" condition="!Control.HasFocus(50)">Conditional</animation>
						</control>
						<control type="image">
							<left>1076</left>
							<top>28</top>
							<width>64</width>
							<height>64</height>
							<aspectratio>keep</aspectratio>
							<texture colordiffuse="$VAR[ColorTextVar]">$VAR[ListItem.Overlay]</texture>
						</control>
					</focusedlayout>
					<itemlayout height="60" width="1150" condition="!Container.Content(addons) + Skin.HasSetting(Enable.SlimList)">
						<control type="label">
							<left>20</left>
							<width>895</width>
							<height>60</height>
							<font>font15</font>
							<textcolor>$VAR[ColorTextVar]</textcolor>
							<selectedcolor>$VAR[ColorHighlightVar]</selectedcolor>
							<align>left</align>
							<aligny>center</aligny>
							<label>$INFO[ListItem.Label]</label>
						</control>
						<control type="image">
							<left>960</left>
							<top>17</top>
							<width>42</width>
							<height>28</height>
							<aspectratio>keep</aspectratio>
							<texture>$VAR[UnFocusHDIndicator]</texture>
							<colordiffuse>$VAR[ColorTextVar]</colordiffuse>
							<visible>StringCompare(ListItem.Label2,ListItem.Rating)</visible>
						</control>
						<control type="label">
							<left>10</left>
							<width>1060</width>
							<height>60</height>
							<font>font15</font>
							<align>right</align>
							<textcolor>$VAR[ColorTextVar]</textcolor>
							<selectedcolor>$VAR[ColorHighlightVar]</selectedcolor>
							<aligny>center</aligny>
							<label>$INFO[ListItem.Label2]</label>
						</control>
						<control type="image">
							<left>1081</left>
							<top>0</top>
							<width>64</width>
							<height>64</height>
							<aspectratio>keep</aspectratio>
							<texture colordiffuse="$VAR[ColorTextVar]">$VAR[ListItem.Overlay]</texture>
						</control>
					</itemlayout>
					<focusedlayout height="60" width="1150" condition="!Container.Content(addons) + Skin.HasSetting(Enable.SlimList)">
						<control type="image">
							<width>1150</width>
							<height>60</height>
							<texture>listselect_fo.png</texture>
							<colordiffuse>$VAR[ColorHighlightVar]</colordiffuse>
							<visible>Control.HasFocus(50)</visible>
							<include>VisibleFadeEffect</include>
						</control>
						<control type="label">
							<left>20</left>
							<width>895</width>
							<height>60</height>
							<font>font15</font>
							<textcolor>$VAR[ColorTextVar]</textcolor>
							<selectedcolor>$VAR[ColorTextVar]</selectedcolor>
							<align>left</align>
							<aligny>center</aligny>
							<label>$INFO[ListItem.Label]</label>
							<animation effect="fade" start="100" end="70" time="300" tween="sine" easing="inout" condition="!Control.HasFocus(50)">Conditional</animation>
						</control>
						<control type="image">
							<left>960</left>
							<top>17</top>
							<width>42</width>
							<height>28</height>
							<aspectratio>keep</aspectratio>
							<texture>$VAR[UnFocusHDIndicator]</texture>
							<colordiffuse>$VAR[ColorTextVar]</colordiffuse>
							<animation effect="fade" start="100" end="60" time="300" tween="sine" easing="inout" condition="!Control.HasFocus(50)">Conditional</animation>
							<visible>StringCompare(ListItem.Label2,ListItem.Rating)</visible>
						</control>
						<control type="label">
							<left>10</left>
							<width>1060</width>
							<height>60</height>
							<font>font15</font>
							<align>right</align>
							<textcolor>$VAR[ColorTextVar]</textcolor>
							<selectedcolor>$VAR[ColorTextVar]</selectedcolor>
							<aligny>center</aligny>
							<label>$INFO[ListItem.Label2]</label>
							<animation effect="fade" start="100" end="70" time="300" tween="sine" easing="inout" condition="!Control.HasFocus(50)">Conditional</animation>
						</control>
						<control type="image">
							<left>1081</left>
							<top>0</top>
							<width>64</width>
							<height>64</height>
							<aspectratio>keep</aspectratio>
							<texture colordiffuse="$VAR[ColorTextVar]">$VAR[ListItem.Overlay]</texture>
						</control>
					</focusedlayout>
					<itemlayout height="60" width="1150" condition="Container.Content(addons) + Skin.HasSetting(Enable.SlimList)">
						<control type="label">
							<left>20</left>
							<width>1080</width>
							<height>60</height>
							<font>font15</font>
							<textcolor>$VAR[ColorTextVar]</textcolor>
							<selectedcolor>$VAR[ColorHighlightVar]</selectedcolor>
							<align>left</align>
							<aligny>center</aligny>
							<label>$INFO[ListItem.Label]</label>
						</control>
						<control type="label">
							<left>50</left>
							<width>1080</width>
							<height>60</height>
							<font>font15</font>
							<align>right</align>
							<textcolor>$VAR[ColorTextVar]</textcolor>
							<selectedcolor>$VAR[ColorHighlightVar]</selectedcolor>
							<aligny>center</aligny>
							<label>$INFO[ListItem.Label2]</label>
						</control>
					</itemlayout>
					<focusedlayout height="60" width="1150" condition="Container.Content(addons) + Skin.HasSetting(Enable.SlimList)">
						<control type="image">
							<width>1150</width>
							<height>60</height>
							<texture>listselect_fo.png</texture>
							<colordiffuse>$VAR[ColorHighlightVar]</colordiffuse>
							<visible>Control.HasFocus(50)</visible>
							<include>VisibleFadeEffect</include>
						</control>
						<control type="label">
							<left>20</left>
							<width>1080</width>
							<height>60</height>
							<font>font15</font>
							<textcolor>$VAR[ColorTextVar]</textcolor>
							<selectedcolor>$VAR[ColorTextVar]</selectedcolor>
							<align>left</align>
							<aligny>center</aligny>
							<label>$INFO[ListItem.Label]</label>
							<animation effect="fade" start="100" end="70" time="300" tween="sine" easing="inout" condition="!Control.HasFocus(50)">Conditional</animation>
						</control>
						<control type="label">
							<left>50</left>
							<width>1080</width>
							<height>60</height>
							<font>font15</font>
							<align>right</align>
							<textcolor>$VAR[ColorTextVar]</textcolor>
							<selectedcolor>$VAR[ColorTextVar]</selectedcolor>
							<aligny>center</aligny>
							<label>$INFO[ListItem.Label2]</label>
							<animation effect="fade" start="100" end="70" time="300" tween="sine" easing="inout" condition="!Control.HasFocus(50)">Conditional</animation>
						</control>
					</focusedlayout>
				</control>
				<control type="scrollbar" id="60">
					<left>1816</left>
					<top>80</top>
					<width>14</width>
					<height>1035</height>
					<onup>60</onup>
					<ondown>60</ondown>
					<onleft>50</onleft>
					<onright>50</onright>
					<orientation>vertical</orientation>
				</control>
			</control>
			<control type="group">
				<left>1276</left>
				<top>105</top>
				<visible>[Container.Content(movies) | Container.Content(tvshows) | Container.Content(seasons) | Container.Content(sets)] + !substring(Container.FolderPath,plugin.video)</visible>
				<include>VisibleFadeEffect</include>
				<control type="image">
					<width>560</width>
					<height>840</height>
					<aspectratio align="center" aligny="center">scale</aspectratio>
					<texture background="true">$VAR[PosterThumb]</texture>
					<fadetime>IconCrossfadeTime</fadetime>
				</control>
			</control>
			<control type="grouplist">
				<left>1276</left>
				<top>105</top>
				<itemgap>15</itemgap>
				<visible>Container.Content(addons) | Container.Content(musicvideos)</visible>
				<control type="image">
					<visible>[!IsEmpty(ListItem.Property(Addon.Description)) | Container.Content(musicvideos)] + !IsEmpty(ListItem.Art(thumb))</visible>
					<width>560</width>
					<height>560</height>
					<aspectratio align="center" aligny="center">scale</aspectratio>
					<texture background="true">$INFO[ListItem.Art(thumb)]</texture>
					<fadetime>IconCrossfadeTime</fadetime>
				</control>
				<control type="label">
					<visible>Container.Content(musicvideos)</visible>
					<width>560</width>
					<height>30</height>
					<font>font14</font>
					<textcolor>$VAR[ColorTextVar]</textcolor>
					<label>$INFO[ListItem.Genre]</label>
				</control>
				<control type="textbox">
					<visible>!IsEmpty(ListItem.Property(Addon.Description))</visible>
					<description>Description</description>
					<width>560</width>
					<height>275</height>
					<font>font14_textbox5</font>
					<textcolor>$VAR[ColorTextVar]</textcolor>
					<label>$INFO[ListItem.Property(Addon.Description)]</label>
					<autoscroll time="3000" delay="4000" repeat="5000">Skin.HasSetting(Enable.AutoScroll)</autoscroll>
				</control>
				<control type="textbox">
					<visible>Container.Content(musicvideos)</visible>
					<description>Description</description>
					<width>560</width>
					<height>220</height>
					<font>font14_textbox4</font>
					<textcolor>$VAR[ColorTextVar]</textcolor>
					<label>$INFO[ListItem.Plot]</label>
					<autoscroll time="3000" delay="4000" repeat="5000">Skin.HasSetting(Enable.AutoScroll)</autoscroll>
				</control>
				<control type="image">
					<visible>IsEmpty(ListItem.Property(Addon.Description)) + !Container.Content(musicvideos)</visible>
					<width>560</width>
					<height>840</height>
					<aspectratio align="center" aligny="top">keep</aspectratio>
					<texture background="true">$INFO[ListItem.Art(thumb)]</texture>
					<fadetime>IconCrossfadeTime</fadetime>
				</control>
			</control>
			<control type="group">
				<left>1276</left>
				<top>105</top>
				<visible>[Container.Content(files) | Container.Content(actors) | Container.Content(artists) | [substring(Container.FolderPath,plugin.video) + !Container.Content(episodes)] | Window.IsActive(videoplaylist)] + !IsEmpty(ListItem.Art(thumb))</visible>
				<animation effect="slide" start="0,0" end="0,15" time="0" tween="cubic" easing="inout" condition="Window.IsActive(videoplaylist)">Conditional</animation>
				<include>VisibleFadeEffect</include>
				<control type="image">
					<width>560</width>
					<height>840</height>
					<aspectratio align="center" aligny="top">keep</aspectratio>
					<texture background="true">$INFO[ListItem.Art(thumb)]</texture>
					<fadetime>IconCrossfadeTime</fadetime>
				</control>
			</control>
			<control type="group">
				<left>1276</left>
				<top>105</top>
				<visible>Container.Content(episodes)</visible>
				<include>VisibleFadeEffect</include>
				<control type="image">
					<width>560</width>
					<height>342</height>
					<aspectratio align="center" aligny="center">scale</aspectratio>
					<texture background="true">$INFO[ListItem.Icon]</texture>
					<fadetime>IconCrossfadeTime</fadetime>
					<visible>!IsEmpty(ListItem.Plot)</visible>
				</control>
				<control type="textbox" id="70">
					<label>$VAR[VideoPlotVar]</label>
					<top>360</top>
					<width>540</width>
					<height>458</height>
					<font>font15_textbox</font>
					<autoscroll time="3000" delay="4000" repeat="5000">Skin.HasSetting(Enable.AutoScroll)</autoscroll>
					<include>ShowCaseInfoPanelButtonsValues</include>
					<visible>!IsEmpty(ListItem.Plot)</visible>
				</control>
				<control type="image">
					<width>560</width>
					<height>840</height>
					<aspectratio align="center" aligny="top">keep</aspectratio>
					<texture background="true">$INFO[ListItem.Art(thumb)]</texture>
					<fadetime>IconCrossfadeTime</fadetime>
					<visible>IsEmpty(ListItem.Plot)</visible>
				</control>
			</control>
		</control>
	</include>
	<!-- Music List -->
	<include name="MusicList">
		<control type="group">
			<visible>Control.IsVisible(50) + !Window.IsActive(addoninformation)</visible>
			<include>ViewAnimation</include>
			<animation effect="slide" start="0,0" end="0,15" time="720" tween="cubic" easing="inout" condition="Container.Content(files)">Conditional</animation>
			<control type="group">
				<control type="list" id="50">
					<left>90</left>
					<top>105</top>
					<width>1150</width>
					<height>840</height>
					<onleft>SetProperty(MediaMenu,True,home)</onleft>
					<onleft>SetFocus(9050)</onleft>
					<onright>60</onright>
					<onup>50</onup>
					<ondown>50</ondown>
					<viewtype label="535">list</viewtype>
					<pagecontrol>60</pagecontrol>
					<scrolltime tween="quadratic" easing="out">200</scrolltime>
					<itemlayout height="120" width="1150" condition="[Container.Content(albums) | Container.Content(songs)] + !Skin.HasSetting(Enable.SlimList)">
						<control type="image">
							<left>15</left>
							<top>8</top>
							<width>105</width>
							<height>105</height>
							<aspectratio>keep</aspectratio>
							<texture background="true">$INFO[ListItem.Icon]</texture>
							<colordiffuse>$VAR[ColorTextVar]</colordiffuse>
							<visible>!Container.Content(songs) + SubString(ListItem.Icon,Default,left)</visible>
						</control>
						<control type="image">
							<left>15</left>
							<top>8</top>
							<width>105</width>
							<height>105</height>
							<aspectratio>keep</aspectratio>
							<texture background="true">$INFO[ListItem.Icon]</texture>
							<visible>!Container.Content(songs) + !SubString(ListItem.Icon,Default,left)</visible>
						</control>
						<control type="label">
							<left>15</left>
							<top>8</top>
							<width>105</width>
							<height>105</height>
							<font>font45caps_title</font>
							<textcolor>$VAR[ColorTextVar]</textcolor>
							<selectedcolor>$VAR[ColorHighlightVar]</selectedcolor>
							<align>center</align>
							<aligny>center</aligny>
							<label>[B]$INFO[ListItem.Tracknumber][/B]</label>
							<visible>Container.Content(songs)</visible>
						</control>
						<control type="label">
							<left>135</left>
							<width>985</width>
							<height>70</height>
							<font>font30</font>
							<textcolor>$VAR[ColorTextVar]</textcolor>
							<selectedcolor>$VAR[ColorHighlightVar]</selectedcolor>
							<align>left</align>
							<aligny>center</aligny>
							<label>$VAR[MusicListLabel3Var]</label>
							<animation effect="slide" start="0,0" end="0,25" time="0" condition="IsEmpty(ListItem.Artist)">Conditional</animation>
						</control>
						<control type="label">
							<left>135</left>
							<top>50</top>
							<width>810</width>
							<height>60</height>
							<font>font15</font>
							<textcolor>$VAR[ColorHighlightVar]</textcolor>
							<selectedcolor>$VAR[ColorHighlightVar]</selectedcolor>
							<align>left</align>
							<aligny>center</aligny>
							<label>$INFO[ListItem.Artist]</label>
						</control>
						<control type="label">
							<left>60</left>
							<width>1060</width>
							<height>70</height>
							<font>font30</font>
							<align>right</align>
							<textcolor>$VAR[ColorTextVar]</textcolor>
							<selectedcolor>$VAR[ColorHighlightVar]</selectedcolor>
							<aligny>center</aligny>
							<label fallback="• • • •">$VAR[MusicListLabel4Var]</label>
							<visible>!IsEmpty(ListItem.Title)</visible>
						</control>
						<control type="image">
							<left>950</left>
							<top>50</top>
							<width>180</width>
							<height>70</height>
							<aspectratio>keep</aspectratio>
							<colordiffuse>$VAR[ColorHighlightVar]</colordiffuse>
							<texture fallback="rating0.png">$INFO[ListItem.StarRating]</texture>
							<visible>!IsEmpty(ListItem.Title) + ![ListItem.IsPlaying | ListItem.IsSelected] + StringCompare(ListItem.StarRating,rating0.png)</visible>
						</control>
						<control type="image">
							<left>950</left>
							<top>50</top>
							<width>180</width>
							<height>70</height>
							<aspectratio>keep</aspectratio>
							<colordiffuse>$VAR[ColorHighlightVar]</colordiffuse>
							<texture fallback="rating0.png">$INFO[ListItem.StarRating]</texture>
							<visible>!IsEmpty(ListItem.Title) + ![ListItem.IsPlaying | ListItem.IsSelected] + !StringCompare(ListItem.StarRating,rating0.png)</visible>
						</control>
						<control type="image">
							<left>950</left>
							<top>50</top>
							<width>180</width>
							<height>70</height>
							<aspectratio>keep</aspectratio>
							<colordiffuse>$VAR[ColorHighlightVar]</colordiffuse>
							<texture fallback="rating0.png">$INFO[ListItem.StarRating]</texture>
							<visible>!IsEmpty(ListItem.Title) + [ListItem.IsPlaying | ListItem.IsSelected]</visible>
						</control>
					</itemlayout>
					<focusedlayout height="120" width="1150" condition="[Container.Content(albums) | Container.Content(songs)] + !Skin.HasSetting(Enable.SlimList)">
						<control type="image">
							<width>1150</width>
							<height>120</height>
							<texture>listselect_fo.png</texture>
							<colordiffuse>$VAR[ColorHighlightVar]</colordiffuse>
							<visible>Control.HasFocus(50)</visible>
							<include>VisibleFadeEffect</include>
						</control>
						<control type="image">
							<left>15</left>
							<top>8</top>
							<width>105</width>
							<height>105</height>
							<aspectratio>keep</aspectratio>
							<texture background="true">$INFO[ListItem.Icon]</texture>
							<colordiffuse>$VAR[ColorTextVar]</colordiffuse>
							<visible>!Container.Content(songs) + SubString(ListItem.Icon,Default,left)</visible>
						</control>
						<control type="image">
							<left>15</left>
							<top>8</top>
							<width>105</width>
							<height>105</height>
							<aspectratio>keep</aspectratio>
							<texture background="true">$INFO[ListItem.Icon]</texture>
							<visible>!Container.Content(songs) + !SubString(ListItem.Icon,Default,left)</visible>
						</control>
						<control type="label">
							<left>15</left>
							<top>8</top>
							<width>105</width>
							<height>105</height>
							<font>font45caps_title</font>
							<textcolor>$VAR[ColorTextVar]</textcolor>
							<selectedcolor>$VAR[ColorTextVar]</selectedcolor>
							<align>center</align>
							<aligny>center</aligny>
							<label>[B]$INFO[ListItem.Tracknumber][/B]</label>
							<visible>Container.Content(songs)</visible>
						</control>
						<control type="label">
							<left>135</left>
							<width>985</width>
							<height>70</height>
							<font>font30</font>
							<textcolor>$VAR[ColorTextVar]</textcolor>
							<selectedcolor>$VAR[ColorTextVar]</selectedcolor>
							<align>left</align>
							<aligny>center</aligny>
							<label>$VAR[MusicListLabel3Var]</label>
							<animation effect="fade" start="100" end="70" time="300" tween="sine" easing="inout" condition="!Control.HasFocus(50)">Conditional</animation>
							<animation effect="slide" start="0,0" end="0,25" time="0" condition="IsEmpty(ListItem.Artist)">Conditional</animation>
						</control>
						<control type="label">
							<left>135</left>
							<top>50</top>
							<width>810</width>
							<height>60</height>
							<font>font15</font>
							<textcolor>$VAR[ColorTextVar]</textcolor>
							<selectedcolor>$VAR[ColorTextVar]</selectedcolor>
							<align>left</align>
							<aligny>center</aligny>
							<label>$INFO[ListItem.Artist]</label>
							<animation effect="fade" start="100" end="30" time="300" tween="sine" easing="inout" condition="!Control.HasFocus(50)">Conditional</animation>
						</control>
						<control type="label">
							<left>60</left>
							<width>1060</width>
							<height>70</height>
							<font>font30</font>
							<align>right</align>
							<textcolor>$VAR[ColorTextVar]</textcolor>
							<selectedcolor>$VAR[ColorTextVar]</selectedcolor>
							<aligny>center</aligny>
							<label fallback="• • • •">$VAR[MusicListLabel4Var]</label>
							<animation effect="fade" start="100" end="70" time="300" tween="sine" easing="inout" condition="!Control.HasFocus(50)">Conditional</animation>
							<visible>!IsEmpty(ListItem.Title)</visible>
						</control>
						<control type="image">
							<left>950</left>
							<top>50</top>
							<width>180</width>
							<height>70</height>
							<aspectratio>keep</aspectratio>
							<colordiffuse>$VAR[StarRatingDiffuseVar]</colordiffuse>
							<texture colordiffuse="$VAR[ColorTextVar]" fallback="rating0.png">$INFO[ListItem.StarRating]</texture>
							<visible>!IsEmpty(ListItem.Title)</visible>
						</control>
					</focusedlayout>
					<itemlayout height="120" width="1150" condition="Container.Content(addons) + !Skin.HasSetting(Enable.SlimList)">
						<control type="image">
							<left>15</left>
							<top>8</top>
							<width>105</width>
							<height>105</height>
							<aspectratio>keep</aspectratio>
							<texture background="true">$INFO[ListItem.Icon]</texture>
							<colordiffuse>$VAR[ColorTextVar]</colordiffuse>
							<visible>SubString(ListItem.Icon,Default,left)</visible>
						</control>
						<control type="image">
							<left>15</left>
							<top>8</top>
							<width>105</width>
							<height>105</height>
							<aspectratio>keep</aspectratio>
							<texture background="true">$INFO[ListItem.Icon]</texture>
							<visible>!SubString(ListItem.Icon,Default,left)</visible>
						</control>
						<control type="label">
							<left>135</left>
							<width>905</width>
							<height>70</height>
							<font>font30</font>
							<textcolor>$VAR[ColorTextVar]</textcolor>
							<selectedcolor>$VAR[ColorHighlightVar]</selectedcolor>
							<align>left</align>
							<aligny>center</aligny>
							<label>$INFO[ListItem.Label]</label>
							<animation effect="slide" start="0,0" end="0,25" time="0" condition="IsEmpty(ListItem.Property(Addon.Summary))">Conditional</animation>
						</control>
						<control type="label">
							<left>135</left>
							<top>50</top>
							<width>905</width>
							<height>60</height>
							<font>font15</font>
							<textcolor>$VAR[ColorHighlightVar]</textcolor>
							<selectedcolor>$VAR[ColorHighlightVar]</selectedcolor>
							<align>left</align>
							<aligny>center</aligny>
							<label>$INFO[ListItem.Property(Addon.Summary)]</label>
						</control>
						<control type="label">
							<left>60</left>
							<width>1060</width>
							<height>120</height>
							<font>font15</font>
							<align>right</align>
							<textcolor>$VAR[ColorTextVar]</textcolor>
							<selectedcolor>$VAR[ColorHighlightVar]</selectedcolor>
							<aligny>center</aligny>
							<label>$INFO[ListItem.Label2]</label>
						</control>
					</itemlayout>
					<focusedlayout height="120" width="1150" condition="Container.Content(addons) + !Skin.HasSetting(Enable.SlimList)">
						<control type="image">
							<width>1150</width>
							<height>120</height>
							<texture>listselect_fo.png</texture>
							<colordiffuse>$VAR[ColorHighlightVar]</colordiffuse>
							<visible>Control.HasFocus(50)</visible>
							<include>VisibleFadeEffect</include>
						</control>
						<control type="image">
							<left>15</left>
							<top>8</top>
							<width>105</width>
							<height>105</height>
							<aspectratio>keep</aspectratio>
							<texture background="true">$INFO[ListItem.Icon]</texture>
							<colordiffuse>$VAR[ColorTextVar]</colordiffuse>
							<visible>SubString(ListItem.Icon,Default,left)</visible>
						</control>
						<control type="image">
							<left>15</left>
							<top>8</top>
							<width>105</width>
							<height>105</height>
							<aspectratio>keep</aspectratio>
							<texture background="true">$INFO[ListItem.Icon]</texture>
							<visible>!SubString(ListItem.Icon,Default,left)</visible>
						</control>
						<control type="label">
							<left>135</left>
							<width>905</width>
							<height>70</height>
							<font>font30</font>
							<textcolor>$VAR[ColorTextVar]</textcolor>
							<selectedcolor>$VAR[ColorTextVar]</selectedcolor>
							<align>left</align>
							<aligny>center</aligny>
							<label>$INFO[ListItem.Label]</label>
							<animation effect="fade" start="100" end="70" time="300" tween="sine" easing="inout" condition="!Control.HasFocus(50)">Conditional</animation>
							<animation effect="slide" start="0,0" end="0,25" time="0" condition="IsEmpty(ListItem.Property(Addon.Summary))">Conditional</animation>
						</control>
						<control type="label">
							<left>135</left>
							<top>50</top>
							<width>905</width>
							<height>60</height>
							<font>font15</font>
							<textcolor>$VAR[ColorTextVar]</textcolor>
							<selectedcolor>$VAR[ColorTextVar]</selectedcolor>
							<align>left</align>
							<aligny>center</aligny>
							<label>$INFO[ListItem.Property(Addon.Summary)]</label>
							<animation effect="fade" start="100" end="30" time="300" tween="sine" easing="inout" condition="!Control.HasFocus(50)">Conditional</animation>
						</control>
						<control type="label">
							<left>60</left>
							<width>1060</width>
							<height>120</height>
							<font>font15</font>
							<align>right</align>
							<textcolor>$VAR[ColorTextVar]</textcolor>
							<selectedcolor>$VAR[ColorTextVar]</selectedcolor>
							<aligny>center</aligny>
							<label>$INFO[ListItem.Label2]</label>
							<animation effect="fade" start="100" end="70" time="300" tween="sine" easing="inout" condition="!Control.HasFocus(50)">Conditional</animation>
						</control>
					</focusedlayout>
					<itemlayout height="120" width="1150" condition="![Container.Content(albums) | Container.Content(songs) | Container.Content(addons) | Skin.HasSetting(Enable.SlimList)]">
						<control type="image">
							<left>15</left>
							<top>8</top>
							<width>105</width>
							<height>105</height>
							<aspectratio>keep</aspectratio>
							<texture background="true">$INFO[ListItem.Icon]</texture>
							<colordiffuse>$VAR[ColorTextVar]</colordiffuse>
							<visible>SubString(ListItem.Icon,Default,left)</visible>
						</control>
						<control type="image">
							<left>15</left>
							<top>8</top>
							<width>105</width>
							<height>105</height>
							<aspectratio>keep</aspectratio>
							<texture background="true">$INFO[ListItem.Icon]</texture>
							<visible>!SubString(ListItem.Icon,Default,left)</visible>
						</control>
						<control type="label">
							<left>135</left>
							<top>0</top>
							<width>1005</width>
							<height>120</height>
							<font>font30</font>
							<textcolor>$VAR[ColorTextVar]</textcolor>
							<selectedcolor>$VAR[ColorHighlightVar]</selectedcolor>
							<align>left</align>
							<aligny>center</aligny>
							<label>$INFO[ListItem.Label]</label>
						</control>
						<control type="label">
							<left>60</left>
							<width>1005</width>
							<height>120</height>
							<font>font15</font>
							<align>right</align>
							<textcolor>$VAR[ColorTextVar]</textcolor>
							<selectedcolor>$VAR[ColorHighlightVar]</selectedcolor>
							<aligny>center</aligny>
							<label>$INFO[ListItem.Label2]</label>
						</control>
					</itemlayout>
					<focusedlayout height="120" width="1150" condition="![Container.Content(albums) | Container.Content(songs) |  Container.Content(addons) | Skin.HasSetting(Enable.SlimList)]">
						<control type="image">
							<width>1150</width>
							<height>120</height>
							<texture>listselect_fo.png</texture>
							<colordiffuse>$VAR[ColorHighlightVar]</colordiffuse>
							<visible>Control.HasFocus(50)</visible>
							<include>VisibleFadeEffect</include>
						</control>
						<control type="image">
							<left>15</left>
							<top>8</top>
							<width>105</width>
							<height>105</height>
							<aspectratio>keep</aspectratio>
							<texture background="true">$INFO[ListItem.Icon]</texture>
							<colordiffuse>$VAR[ColorTextVar]</colordiffuse>
							<visible>SubString(ListItem.Icon,Default,left)</visible>
						</control>
						<control type="image">
							<left>15</left>
							<top>8</top>
							<width>105</width>
							<height>105</height>
							<aspectratio>keep</aspectratio>
							<texture background="true">$INFO[ListItem.Icon]</texture>
							<visible>!SubString(ListItem.Icon,Default,left)</visible>
						</control>
						<control type="label">
							<left>135</left>
							<top>0</top>
							<width>1005</width>
							<height>120</height>
							<font>font30</font>
							<textcolor>$VAR[ColorTextVar]</textcolor>
							<selectedcolor>$VAR[ColorTextVar]</selectedcolor>
							<align>left</align>
							<aligny>center</aligny>
							<label>$INFO[ListItem.Label]</label>
							<animation effect="fade" start="100" end="70" time="300" tween="sine" easing="inout" condition="!Control.HasFocus(50)">Conditional</animation>
						</control>
						<control type="label">
							<left>60</left>
							<width>1005</width>
							<height>120</height>
							<font>font15</font>
							<align>right</align>
							<textcolor>$VAR[ColorTextVar]</textcolor>
							<selectedcolor>$VAR[ColorTextVar]</selectedcolor>
							<aligny>center</aligny>
							<label>$INFO[ListItem.Label2]</label>
							<animation effect="fade" start="100" end="70" time="300" tween="sine" easing="inout" condition="!Control.HasFocus(50)">Conditional</animation>
						</control>
					</focusedlayout>
					<itemlayout height="60" width="1150" condition="[Container.Content(albums) | Container.Content(songs)] + Skin.HasSetting(Enable.SlimList)">
						<control type="label">
							<left>20</left>
							<width>830</width>
							<height>60</height>
							<font>font15</font>
							<textcolor>$VAR[ColorTextVar]</textcolor>
							<selectedcolor>$VAR[ColorHighlightVar]</selectedcolor>
							<align>left</align>
							<aligny>center</aligny>
							<label>$INFO[ListItem.Label]</label>
						</control>
						<control type="image">
							<left>860</left>
							<top>6</top>
							<width>180</width>
							<height>50</height>
							<aspectratio align="right">keep</aspectratio>
							<texture fallback="rating0.png">$INFO[ListItem.StarRating]</texture>
							<colordiffuse>$VAR[ColorHighlightVar]</colordiffuse>
							<visible>!IsEmpty(ListItem.Title) + Container.Content(songs)</visible>
						</control>
						<control type="label">
							<left>230</left>
							<width>900</width>
							<height>60</height>
							<font>font15</font>
							<align>right</align>
							<textcolor>$VAR[ColorTextVar]</textcolor>
							<selectedcolor>$VAR[ColorHighlightVar]</selectedcolor>
							<aligny>center</aligny>
							<label>$INFO[ListItem.Label2]</label>
						</control>
					</itemlayout>
					<focusedlayout height="60" width="1150" condition="[Container.Content(albums) | Container.Content(songs)] + Skin.HasSetting(Enable.SlimList)">
						<control type="image">
							<width>1150</width>
							<height>60</height>
							<texture>listselect_fo.png</texture>
							<colordiffuse>$VAR[ColorHighlightVar]</colordiffuse>
							<visible>Control.HasFocus(50)</visible>
							<include>VisibleFadeEffect</include>
						</control>	
						<control type="label">
							<left>20</left>
							<width>830</width>
							<height>60</height>
							<font>font15</font>
							<textcolor>$VAR[ColorTextVar]</textcolor>
							<selectedcolor>$VAR[ColorTextVar]</selectedcolor>
							<align>left</align>
							<aligny>center</aligny>
							<label>$INFO[ListItem.Label]</label>
							<animation effect="fade" start="100" end="70" time="300" tween="sine" easing="inout" condition="!Control.HasFocus(50)">Conditional</animation>
						</control>
						<control type="image">
							<left>860</left>
							<top>6</top>
							<width>180</width>
							<height>50</height>
							<aspectratio align="right">keep</aspectratio>
							<texture colordiffuse="$VAR[ColorTextVar]" fallback="rating0.png">$INFO[ListItem.StarRating]</texture>
							<visible>!IsEmpty(ListItem.Title) + Container.Content(songs)</visible>
						</control>
						<control type="label">
							<left>230</left>
							<width>900</width>
							<height>60</height>
							<font>font15</font>
							<align>right</align>
							<textcolor>$VAR[ColorTextVar]</textcolor>
							<selectedcolor>$VAR[ColorTextVar]</selectedcolor>
							<aligny>center</aligny>
							<label>$INFO[ListItem.Label2]</label>
							<animation effect="fade" start="100" end="70" time="300" tween="sine" easing="inout" condition="!Control.HasFocus(50)">Conditional</animation>
						</control>
					</focusedlayout>
					<itemlayout height="60" width="1150" condition="![Container.Content(albums) | Container.Content(songs)] + Skin.HasSetting(Enable.SlimList)">
						<control type="label">
							<left>20</left>
							<width>1080</width>
							<height>60</height>
							<font>font15</font>
							<textcolor>$VAR[ColorTextVar]</textcolor>
							<selectedcolor>$VAR[ColorHighlightVar]</selectedcolor>
							<align>left</align>
							<aligny>center</aligny>
							<label>$INFO[ListItem.Label]</label>
						</control>
						<control type="label">
							<left>50</left>
							<width>1080</width>
							<height>60</height>
							<font>font15</font>
							<align>right</align>
							<textcolor>$VAR[ColorTextVar]</textcolor>
							<selectedcolor>$VAR[ColorHighlightVar]</selectedcolor>
							<aligny>center</aligny>
							<label>$INFO[ListItem.Label2]</label>
						</control>
					</itemlayout>
					<focusedlayout height="60" width="1150" condition="![Container.Content(albums) | Container.Content(songs)] + Skin.HasSetting(Enable.SlimList)">
						<control type="image">
							<width>1150</width>
							<height>60</height>
							<texture>listselect_fo.png</texture>
							<colordiffuse>$VAR[ColorHighlightVar]</colordiffuse>
							<visible>Control.HasFocus(50)</visible>
							<include>VisibleFadeEffect</include>
						</control>
						<control type="label">
							<left>20</left>
							<width>1080</width>
							<height>60</height>
							<font>font15</font>
							<textcolor>$VAR[ColorTextVar]</textcolor>
							<selectedcolor>$VAR[ColorTextVar]</selectedcolor>
							<align>left</align>
							<aligny>center</aligny>
							<label>$INFO[ListItem.Label]</label>
							<animation effect="fade" start="100" end="70" time="300" tween="sine" easing="inout" condition="!Control.HasFocus(50)">Conditional</animation>
						</control>
						<control type="label">
							<left>50</left>
							<width>1080</width>
							<height>60</height>
							<font>font15</font>
							<align>right</align>
							<textcolor>$VAR[ColorTextVar]</textcolor>
							<selectedcolor>$VAR[ColorTextVar]</selectedcolor>
							<aligny>center</aligny>
							<label>$INFO[ListItem.Label2]</label>
							<animation effect="fade" start="100" end="70" time="300" tween="sine" easing="inout" condition="!Control.HasFocus(50)">Conditional</animation>
						</control>
					</focusedlayout>
				</control>
				<control type="scrollbar" id="60">
					<left>1906</left>
					<top>30</top>
					<width>14</width>
					<height>1035</height>
					<onup>60</onup>
					<ondown>60</ondown>
					<onleft>50</onleft>
					<onright>50</onright>
					<orientation>vertical</orientation>
				</control>
			</control>
			<control type="image">
				<left>1276</left>
				<top>105</top>
				<width>560</width>
				<height>840</height>
				<aspectratio align="center" aligny="center">scale</aspectratio>
				<texture background="true">$INFO[ListItem.Art(thumb)]</texture>
				<visible>Container.Content(actors) + !IsEmpty(ListItem.Art(thumb))</visible>
				<fadetime>IconCrossfadeTime</fadetime>
			</control>
			<control type="grouplist">
				<left>1276</left>
				<top>105</top>
				<itemgap>15</itemgap>
				<control type="image">
					<width>560</width>
					<height>560</height>
					<aspectratio align="center" aligny="center">scale</aspectratio>
					<texture background="true">$INFO[ListItem.Art(thumb)]</texture>
					<visible>[Container.Content(artists) | Container.Content(albums) | Container.Content(songs) | Container.Content(addons) | Container.Content(files) | Container.Content(musicvideos)] + !IsEmpty(ListItem.Art(thumb))</visible>
					<fadetime>IconCrossfadeTime</fadetime>
				</control>
				<control type="textbox">
					<visible>Container.Content(addons)</visible>
					<description>Description</description>
					<width>560</width>
					<height>275</height>
					<font>font14_textbox5</font>
					<textcolor>$VAR[ColorTextVar]</textcolor>
					<label>$INFO[ListItem.Property(Addon.Description)]</label>
					<autoscroll time="3000" delay="4000" repeat="5000">Skin.HasSetting(Enable.AutoScroll)</autoscroll>
				</control>
				<control type="label">
					<visible>Container.Content(albums) | Container.Content(musicvideos)</visible>
					<width>560</width>
					<height>30</height>
					<font>font14</font>
					<textcolor>$VAR[ColorTextVar]</textcolor>
					<label>$INFO[ListItem.Genre]</label>
				</control>
				<control type="label">
					<visible>Container.Content(artists)</visible>
					<width>560</width>
					<height>30</height>
					<font>font14</font>
					<textcolor>$VAR[ColorTextVar]</textcolor>
					<label>$INFO[ListItem.Property(Artist_Genre)]</label>
				</control>
				<control type="label">
					<visible>Container.Content(songs)</visible>
					<width>560</width>
					<height>30</height>
					<font>font14</font>
					<textcolor>$VAR[ColorTextVar]</textcolor>
					<label>$INFO[ListItem.Album]</label>
				</control>
				<control type="label">
					<visible>Container.Content(songs)</visible>
					<width>560</width>
					<height>30</height>
					<font>font14</font>
					<textcolor>$VAR[ColorTextVar]</textcolor>
					<label>$INFO[ListItem.Year]</label>
				</control>
				<control type="textbox">
					<visible>Container.Content(artists) | Container.Content(albums)</visible>
					<label>$VAR[MusicPlotVar]</label>
					<width>560</width>
					<height>220</height>
					<font>font14_textbox4</font>
					<autoscroll time="3000" delay="4000" repeat="5000">Skin.HasSetting(Enable.AutoScroll)</autoscroll>
					<include>ShowCaseInfoPanelButtonsValues</include>
				</control>
				<control type="textbox">
					<visible>Container.Content(musicvideos)</visible>
					<label>$INFO[ListItem.Plot]</label>
					<width>560</width>
					<height>220</height>
					<font>font14_textbox4</font>
					<autoscroll time="3000" delay="4000" repeat="5000">Skin.HasSetting(Enable.AutoScroll)</autoscroll>
					<include>ShowCaseInfoPanelButtonsValues</include>
				</control>
			</control>
			<control type="image">
				<visible>Container.Content(songs) | Container.Content(files)</visible>
				<left>1670</left>
				<top>885</top>
				<width>198</width>
				<include>MediaFlagVars</include>
				<texture colordiffuse="$VAR[ColorTextVar]">$INFO[ListItem.FileExtension,flags/audio/,.png]</texture>
			</control>
		</control>
	</include>
	<!-- Addon List -->
	<include name="AddonList">
		<control type="group">
			<visible>Control.IsVisible(50) + !Window.IsActive(addoninformation)</visible>
			<include>ViewAnimation</include>
			<control type="group">
				<left>90</left>
				<top>-60</top>
				<control type="list" id="50">
					<left>0</left>
					<top>180</top>
					<width>1150</width>
					<height>840</height>
					<onleft>SetProperty(MediaMenu,True,home)</onleft>
					<onleft>SetFocus(9050)</onleft>
					<onright>60</onright>
					<onup>50</onup>
					<ondown>50</ondown>
					<viewtype label="535">list</viewtype>
					<pagecontrol>60</pagecontrol>
					<scrolltime tween="quadratic" easing="out">200</scrolltime>
					<itemlayout height="120" width="1150" condition="!Skin.HasSetting(Enable.SlimList)">
						<control type="image">
							<left>15</left>
							<top>8</top>
							<width>105</width>
							<height>105</height>
							<aspectratio>keep</aspectratio>
							<texture background="true">$INFO[ListItem.Icon]</texture>
							<colordiffuse>$VAR[ColorTextVar]</colordiffuse>
							<visible>SubString(ListItem.Icon,Default,left)</visible>
						</control>
						<control type="image">
							<left>15</left>
							<top>8</top>
							<width>105</width>
							<height>105</height>
							<aspectratio>keep</aspectratio>
							<texture background="true">$INFO[ListItem.Icon]</texture>
							<visible>!SubString(ListItem.Icon,Default,left)</visible>
						</control>
						<control type="label">
							<left>135</left>
							<top>0</top>
							<width>985</width>
							<height>70</height>
							<font>font30</font>
							<textcolor>$VAR[ColorTextVar]</textcolor>
							<selectedcolor>$VAR[ColorHighlightVar]</selectedcolor>
							<align>left</align>
							<aligny>center</aligny>
							<label>$INFO[ListItem.Label]</label>
							<animation effect="slide" start="0,0" end="0,25" time="0" condition="IsEmpty(ListItem.Property(Addon.Summary))">Conditional</animation>
						</control>
						<control type="label">
							<left>135</left>
							<top>50</top>
							<width>985</width>
							<height>60</height>
							<font>font15</font>
							<textcolor>$VAR[ColorHighlightVar]</textcolor>
							<selectedcolor>$VAR[ColorHighlightVar]</selectedcolor>
							<align>left</align>
							<aligny>center</aligny>
							<label>$INFO[ListItem.Property(Addon.Summary)]</label>
						</control>
						<control type="label">
							<left>60</left>
							<top>0</top>
							<width>1060</width>
							<height>120</height>
							<font>font15</font>
							<align>right</align>
							<textcolor>$VAR[ColorTextVar]</textcolor>
							<selectedcolor>$VAR[ColorHighlightVar]</selectedcolor>
							<aligny>center</aligny>
							<label>$INFO[ListItem.Label2]</label>
						</control>
					</itemlayout>
					<focusedlayout height="120" width="1150" condition="!Skin.HasSetting(Enable.SlimList)">
						<control type="image">
							<left>0</left>
							<top>0</top>
							<width>1150</width>
							<height>120</height>
							<texture>listselect_fo.png</texture>
							<colordiffuse>$VAR[ColorHighlightVar]</colordiffuse>
							<visible>Control.HasFocus(50)</visible>
							<include>VisibleFadeEffect</include>
						</control>
						<control type="image">
							<left>15</left>
							<top>8</top>
							<width>105</width>
							<height>105</height>
							<aspectratio>keep</aspectratio>
							<texture background="true">$INFO[ListItem.Icon]</texture>
							<colordiffuse>$VAR[ColorTextVar]</colordiffuse>
							<visible>SubString(ListItem.Icon,Default,left)</visible>
						</control>
						<control type="image">
							<left>15</left>
							<top>8</top>
							<width>105</width>
							<height>105</height>
							<aspectratio>keep</aspectratio>
							<texture background="true">$INFO[ListItem.Icon]</texture>
							<visible>!SubString(ListItem.Icon,Default,left)</visible>
						</control>
						<control type="label">
							<left>135</left>
							<top>0</top>
							<width>985</width>
							<height>70</height>
							<font>font30</font>
							<textcolor>$VAR[ColorTextVar]</textcolor>
							<selectedcolor>$VAR[ColorTextVar]</selectedcolor>
							<align>left</align>
							<aligny>center</aligny>
							<label>$INFO[ListItem.Label]</label>
							<animation effect="fade" start="100" end="70" time="300" tween="sine" easing="inout" condition="!Control.HasFocus(50)">Conditional</animation>
							<animation effect="slide" start="0,0" end="0,25" time="0" condition="IsEmpty(ListItem.Property(Addon.Summary))">Conditional</animation>
						</control>
						<control type="label">
							<left>135</left>
							<top>50</top>
							<width>985</width>
							<height>60</height>
							<font>font15</font>
							<textcolor>$VAR[ColorTextVar]</textcolor>
							<selectedcolor>$VAR[ColorTextVar]</selectedcolor>
							<align>left</align>
							<aligny>center</aligny>
							<label>$INFO[ListItem.Property(Addon.Summary)]</label>
							<animation effect="fade" start="100" end="30" time="300" tween="sine" easing="inout" condition="!Control.HasFocus(50)">Conditional</animation>
						</control>
						<control type="label">
							<left>60</left>
							<top>0</top>
							<width>1060</width>
							<height>120</height>
							<font>font15</font>
							<align>right</align>
							<textcolor>$VAR[ColorTextVar]</textcolor>
							<selectedcolor>$VAR[ColorTextVar]</selectedcolor>
							<aligny>center</aligny>
							<label>$INFO[ListItem.Label2]</label>
							<animation effect="fade" start="100" end="70" time="300" tween="sine" easing="inout" condition="!Control.HasFocus(50)">Conditional</animation>
						</control>
					</focusedlayout>
					<itemlayout height="60" width="1150" condition="Skin.HasSetting(Enable.SlimList)">
						<control type="label">
							<left>20</left>
							<width>1080</width>
							<height>60</height>
							<font>font15</font>
							<textcolor>$VAR[ColorTextVar]</textcolor>
							<selectedcolor>$VAR[ColorHighlightVar]</selectedcolor>
							<align>left</align>
							<aligny>center</aligny>
							<label>$INFO[ListItem.Label]</label>
						</control>
						<control type="label">
							<left>50</left>
							<width>1080</width>
							<height>60</height>
							<font>font15</font>
							<align>right</align>
							<textcolor>$VAR[ColorTextVar]</textcolor>
							<selectedcolor>$VAR[ColorHighlightVar]</selectedcolor>
							<aligny>center</aligny>
							<label>$INFO[ListItem.Label2]</label>
						</control>
					</itemlayout>
					<focusedlayout height="60" width="1150" condition="Skin.HasSetting(Enable.SlimList)">
						<control type="image">
							<width>1150</width>
							<height>60</height>
							<texture>listselect_fo.png</texture>
							<colordiffuse>$VAR[ColorHighlightVar]</colordiffuse>
							<visible>Control.HasFocus(50)</visible>
							<include>VisibleFadeEffect</include>
						</control>
						<control type="label">
							<left>20</left>
							<width>1080</width>
							<height>60</height>
							<font>font15</font>
							<textcolor>$VAR[ColorTextVar]</textcolor>
							<selectedcolor>$VAR[ColorTextVar]</selectedcolor>
							<align>left</align>
							<aligny>center</aligny>
							<label>$INFO[ListItem.Label]</label>
							<animation effect="fade" start="100" end="70" time="300" tween="sine" easing="inout" condition="!Control.HasFocus(50)">Conditional</animation>
						</control>
						<control type="label">
							<left>50</left>
							<width>1080</width>
							<height>60</height>
							<font>font15</font>
							<align>right</align>
							<textcolor>$VAR[ColorTextVar]</textcolor>
							<selectedcolor>$VAR[ColorTextVar]</selectedcolor>
							<aligny>center</aligny>
							<label>$INFO[ListItem.Label2]</label>
							<animation effect="fade" start="100" end="70" time="300" tween="sine" easing="inout" condition="!Control.HasFocus(50)">Conditional</animation>
						</control>
					</focusedlayout>
				</control>
				<control type="scrollbar" id="60">
					<left>1816</left>
					<top>105</top>
					<width>14</width>
					<height>1035</height>
					<onup>60</onup>
					<ondown>60</ondown>
					<onleft>50</onleft>
					<onright>50</onright>
					<orientation>vertical</orientation>
				</control>
			</control>
			<control type="grouplist">
				<left>1276</left>
				<top>120</top>
				<itemgap>10</itemgap>
				<control type="image">
					<visible>!IsEmpty(ListItem.Art(thumb)) + !SubString(ListItem.Art(thumb),Default) + !substring(Container.FolderPath,plugin.program.advanced.launcher)</visible>
					<width>560</width>
					<height>560</height>
					<aspectratio align="center" aligny="center">scale</aspectratio>
					<texture fallback="DefaultFallbackAddon.png" background="true">$INFO[ListItem.Art(thumb)]</texture>
					<fadetime>IconCrossfadeTime</fadetime>
				</control>
				<control type="textbox">
					<visible>!IsEmpty(ListItem.Property(Addon.Description))</visible>
					<description>Description</description>
					<width>560</width>
					<height>275</height>
					<font>font14_textbox5</font>
					<textcolor>$VAR[ColorTextVar]</textcolor>
					<label>$INFO[ListItem.Property(Addon.Description)]</label>
					<autoscroll time="3000" delay="4000" repeat="5000">Skin.HasSetting(Enable.AutoScroll)</autoscroll>
				</control>
			</control>
			<control type="group">
				<left>1276</left>
				<top>120</top>
				<visible>substring(Container.FolderPath,plugin.program.advanced.launcher) + !IsEmpty(ListItem.Art(thumb))</visible>
				<animation effect="slide" start="0,0" end="0,15" time="0" tween="cubic" easing="inout" condition="Window.IsActive(videoplaylist)">Conditional</animation>
				<include>VisibleFadeEffect</include>
				<control type="image">
					<width>560</width>
					<height>840</height>
					<aspectratio align="center" aligny="top">keep</aspectratio>
					<texture background="true">$INFO[ListItem.Art(thumb)]</texture>
					<fadetime>IconCrossfadeTime</fadetime>
				</control>
			</control>
		</control>
	</include>
	<!-- Picture List -->
	<include name="PictureList">
		<control type="group">
			<visible>Control.IsVisible(50) + !Window.IsActive(addoninformation)</visible>
			<include>ViewAnimation</include>
			<control type="group">
				<left>90</left>
				<top>-50</top>
				<control type="list" id="50">
					<left>0</left>
					<top>155</top>
					<width>1150</width>
					<height>840</height>
					<onleft>SetProperty(MediaMenu,True,home)</onleft>
					<onleft>SetFocus(9050)</onleft>
					<onright>60</onright>
					<onup>50</onup>
					<ondown>50</ondown>
					<viewtype label="535">list</viewtype>
					<pagecontrol>60</pagecontrol>
					<scrolltime tween="quadratic" easing="out">200</scrolltime>
					<itemlayout height="120" width="1150" condition="Container.Content(addons) + !Skin.HasSetting(Enable.SlimList)">
						<control type="image">
							<left>15</left>
							<top>8</top>
							<width>105</width>
							<height>105</height>
							<aspectratio>keep</aspectratio>
							<texture background="true">$INFO[ListItem.Icon]</texture>
							<colordiffuse>$VAR[ColorTextVar]</colordiffuse>
							<visible>SubString(ListItem.Icon,Default,left)</visible>
						</control>
						<control type="image">
							<left>15</left>
							<top>8</top>
							<width>105</width>
							<height>105</height>
							<aspectratio>keep</aspectratio>
							<texture background="true">$INFO[ListItem.Icon]</texture>
							<visible>!SubString(ListItem.Icon,Default,left)</visible>
						</control>
						<control type="label">
							<left>135</left>
							<top>0</top>
							<width>985</width>
							<height>70</height>
							<font>font30</font>
							<textcolor>$VAR[ColorTextVar]</textcolor>
							<selectedcolor>$VAR[ColorHighlightVar]</selectedcolor>
							<align>left</align>
							<aligny>center</aligny>
							<label>$INFO[ListItem.Label]</label>
							<animation effect="slide" start="0,0" end="0,25" time="0" condition="IsEmpty(ListItem.Property(Addon.Summary))">Conditional</animation>
						</control>
						<control type="label">
							<left>135</left>
							<top>50</top>
							<width>985</width>
							<height>60</height>
							<font>font15</font>
							<textcolor>$VAR[ColorHighlightVar]</textcolor>
							<selectedcolor>$VAR[ColorHighlightVar]</selectedcolor>
							<align>left</align>
							<aligny>center</aligny>
							<label>$INFO[ListItem.Property(Addon.Summary)]</label>
						</control>
						<control type="label">
							<left>60</left>
							<top>0</top>
							<width>1060</width>
							<height>120</height>
							<font>font15</font>
							<align>right</align>
							<textcolor>$VAR[ColorTextVar]</textcolor>
							<selectedcolor>$VAR[ColorHighlightVar]</selectedcolor>
							<aligny>center</aligny>
							<label>$INFO[ListItem.Label2]</label>
						</control>
					</itemlayout>
					<focusedlayout height="120" width="1150" condition="Container.Content(addons) + !Skin.HasSetting(Enable.SlimList)">
						<control type="image">
							<left>0</left>
							<top>0</top>
							<width>1150</width>
							<height>120</height>
							<texture>listselect_fo.png</texture>
							<colordiffuse>$VAR[ColorHighlightVar]</colordiffuse>
							<visible>Control.HasFocus(50)</visible>
							<include>VisibleFadeEffect</include>
						</control>
						<control type="image">
							<left>15</left>
							<top>8</top>
							<width>105</width>
							<height>105</height>
							<aspectratio>keep</aspectratio>
							<texture background="true">$INFO[ListItem.Icon]</texture>
							<colordiffuse>$VAR[ColorTextVar]</colordiffuse>
							<visible>SubString(ListItem.Icon,Default,left)</visible>
						</control>
						<control type="image">
							<left>15</left>
							<top>8</top>
							<width>105</width>
							<height>105</height>
							<aspectratio>keep</aspectratio>
							<texture background="true">$INFO[ListItem.Icon]</texture>
							<visible>!SubString(ListItem.Icon,Default,left)</visible>
						</control>
						<control type="label">
							<left>135</left>
							<top>0</top>
							<width>985</width>
							<height>70</height>
							<font>font30</font>
							<textcolor>$VAR[ColorTextVar]</textcolor>
							<selectedcolor>$VAR[ColorTextVar]</selectedcolor>
							<align>left</align>
							<aligny>center</aligny>
							<label>$INFO[ListItem.Label]</label>
							<animation effect="fade" start="100" end="70" time="300" tween="sine" easing="inout" condition="!Control.HasFocus(50)">Conditional</animation>
							<animation effect="slide" start="0,0" end="0,25" time="0" condition="IsEmpty(ListItem.Property(Addon.Summary))">Conditional</animation>
						</control>
						<control type="label">
							<left>135</left>
							<top>50</top>
							<width>985</width>
							<height>60</height>
							<font>font15</font>
							<textcolor>$VAR[ColorTextVar]</textcolor>
							<selectedcolor>$VAR[ColorTextVar]</selectedcolor>
							<align>left</align>
							<aligny>center</aligny>
							<label>$INFO[ListItem.Property(Addon.Summary)]</label>
							<animation effect="fade" start="100" end="30" time="300" tween="sine" easing="inout" condition="!Control.HasFocus(50)">Conditional</animation>
						</control>
						<control type="label">
							<left>60</left>
							<top>0</top>
							<width>1060</width>
							<height>120</height>
							<font>font15</font>
							<align>right</align>
							<textcolor>$VAR[ColorTextVar]</textcolor>
							<selectedcolor>$VAR[ColorTextVar]</selectedcolor>
							<aligny>center</aligny>
							<label>$INFO[ListItem.Label2]</label>
							<animation effect="fade" start="100" end="70" time="300" tween="sine" easing="inout" condition="!Control.HasFocus(50)">Conditional</animation>
						</control>
					</focusedlayout>
					<itemlayout height="120" width="1150" condition="!Container.Content(addons) + !Skin.HasSetting(Enable.SlimList)">
						<control type="image">
							<left>15</left>
							<top>8</top>
							<width>105</width>
							<height>105</height>
							<aspectratio>keep</aspectratio>
							<texture background="true">$INFO[ListItem.Icon]</texture>
							<colordiffuse>$VAR[ColorTextVar]</colordiffuse>
							<visible>SubString(ListItem.Icon,Default,left)</visible>
						</control>
						<control type="image">
							<left>15</left>
							<top>8</top>
							<width>105</width>
							<height>105</height>
							<aspectratio>keep</aspectratio>
							<texture background="true">$INFO[ListItem.Icon]</texture>
							<visible>!SubString(ListItem.Icon,Default,left) + !ListItem.IsFolder</visible>
						</control>
						<control type="image">
							<left>15</left>
							<top>8</top>
							<width>105</width>
							<height>105</height>
							<aspectratio>keep</aspectratio>
							<texture background="true">DefaultFolder.png</texture>
							<fadetime>IconCrossfadeTime</fadetime>
							<colordiffuse>$VAR[ColorTextVar]</colordiffuse>
							<visible>ListItem.IsFolder + Container.HasFiles</visible>
						</control>
						<control type="label">
							<left>135</left>
							<top>0</top>
							<width>1005</width>
							<height>120</height>
							<font>font30</font>
							<textcolor>$VAR[ColorTextVar]</textcolor>
							<selectedcolor>$VAR[ColorHighlightVar]</selectedcolor>
							<align>left</align>
							<aligny>center</aligny>
							<label>$INFO[ListItem.Label]</label>
						</control>
						<control type="label">
							<left>115</left>
							<top>0</top>
							<width>1005</width>
							<height>120</height>
							<font>font15</font>
							<align>right</align>
							<textcolor>$VAR[ColorTextVar]</textcolor>
							<selectedcolor>$VAR[ColorHighlightVar]</selectedcolor>
							<aligny>center</aligny>
							<label>$INFO[ListItem.Label2]</label>
						</control>
					</itemlayout>
					<focusedlayout height="120" width="1150" condition="!Container.Content(addons) + !Skin.HasSetting(Enable.SlimList)">
						<control type="image">
							<left>0</left>
							<top>0</top>
							<width>1150</width>
							<height>120</height>
							<texture>listselect_fo.png</texture>
							<colordiffuse>$VAR[ColorHighlightVar]</colordiffuse>
							<visible>Control.HasFocus(50)</visible>
							<include>VisibleFadeEffect</include>
						</control>
						<control type="image">
							<left>15</left>
							<top>8</top>
							<width>105</width>
							<height>105</height>
							<aspectratio>keep</aspectratio>
							<texture background="true">$INFO[ListItem.Icon]</texture>
							<colordiffuse>$VAR[ColorTextVar]</colordiffuse>
							<visible>SubString(ListItem.Icon,Default,left)</visible>
						</control>
						<control type="image">
							<left>15</left>
							<top>8</top>
							<width>105</width>
							<height>105</height>
							<aspectratio>keep</aspectratio>
							<texture background="true">$INFO[ListItem.Icon]</texture>
							<visible>!SubString(ListItem.Icon,Default,left) + !ListItem.IsFolder</visible>
						</control>
						<control type="image">
							<left>15</left>
							<top>8</top>
							<width>105</width>
							<height>105</height>
							<aspectratio>keep</aspectratio>
							<texture background="true">DefaultFolder.png</texture>
							<fadetime>IconCrossfadeTime</fadetime>
							<visible>ListItem.IsFolder + Container.HasFiles</visible>
						</control>
						<control type="label">
							<left>135</left>
							<top>0</top>
							<width>1005</width>
							<height>120</height>
							<font>font30</font>
							<textcolor>$VAR[ColorTextVar]</textcolor>
							<selectedcolor>$VAR[ColorTextVar]</selectedcolor>
							<align>left</align>
							<aligny>center</aligny>
							<label>$INFO[ListItem.Label]</label>
							<animation effect="fade" start="100" end="70" time="300" tween="sine" easing="inout" condition="!Control.HasFocus(50)">Conditional</animation>
						</control>
						<control type="label">
							<left>115</left>
							<top>0</top>
							<width>1005</width>
							<height>120</height>
							<font>font15</font>
							<align>right</align>
							<textcolor>$VAR[ColorTextVar]</textcolor>
							<selectedcolor>$VAR[ColorTextVar]</selectedcolor>
							<aligny>center</aligny>
							<label>$INFO[ListItem.Label2]</label>
							<animation effect="fade" start="100" end="70" time="300" tween="sine" easing="inout" condition="!Control.HasFocus(50)">Conditional</animation>
						</control>
					</focusedlayout>
					<itemlayout height="60" width="1150" condition="Skin.HasSetting(Enable.SlimList)">
						<control type="label">
							<left>20</left>
							<width>1080</width>
							<height>60</height>
							<font>font15</font>
							<textcolor>$VAR[ColorTextVar]</textcolor>
							<selectedcolor>$VAR[ColorHighlightVar]</selectedcolor>
							<align>left</align>
							<aligny>center</aligny>
							<label>$INFO[ListItem.Label]</label>
						</control>
						<control type="label">
							<left>50</left>
							<width>1080</width>
							<height>60</height>
							<font>font15</font>
							<align>right</align>
							<textcolor>$VAR[ColorTextVar]</textcolor>
							<selectedcolor>$VAR[ColorHighlightVar]</selectedcolor>
							<aligny>center</aligny>
							<label>$INFO[ListItem.Label2]</label>
						</control>
					</itemlayout>
					<focusedlayout height="60" width="1150" condition="Skin.HasSetting(Enable.SlimList)">
						<control type="image">
							<width>1150</width>
							<height>60</height>
							<texture>listselect_fo.png</texture>
							<colordiffuse>$VAR[ColorHighlightVar]</colordiffuse>
							<visible>Control.HasFocus(50)</visible>
							<include>VisibleFadeEffect</include>
						</control>
						<control type="label">
							<left>20</left>
							<width>1080</width>
							<height>60</height>
							<font>font15</font>
							<textcolor>$VAR[ColorTextVar]</textcolor>
							<selectedcolor>$VAR[ColorTextVar]</selectedcolor>
							<align>left</align>
							<aligny>center</aligny>
							<label>$INFO[ListItem.Label]</label>
							<animation effect="fade" start="100" end="70" time="300" tween="sine" easing="inout" condition="!Control.HasFocus(50)">Conditional</animation>
						</control>
						<control type="label">
							<left>50</left>
							<width>1080</width>
							<height>60</height>
							<font>font15</font>
							<align>right</align>
							<textcolor>$VAR[ColorTextVar]</textcolor>
							<selectedcolor>$VAR[ColorTextVar]</selectedcolor>
							<aligny>center</aligny>
							<label>$INFO[ListItem.Label2]</label>
							<animation effect="fade" start="100" end="70" time="300" tween="sine" easing="inout" condition="!Control.HasFocus(50)">Conditional</animation>
						</control>
					</focusedlayout>
				</control>
				<control type="scrollbar" id="60">
					<left>1816</left>
					<top>80</top>
					<width>14</width>
					<height>1035</height>
					<onup>60</onup>
					<ondown>60</ondown>
					<onleft>50</onleft>
					<onright>50</onright>
					<orientation>vertical</orientation>
				</control>
			</control>
			<control type="group">
				<left>1276</left>
				<top>105</top>
				<visible>!Container.Content(addons)</visible>
				<control type="image">
					<width>560</width>
					<height>840</height>
					<aspectratio align="center" aligny="top">keep</aspectratio>
					<texture background="true">$INFO[ListItem.Art(thumb)]</texture>
					<visible>!StringCompare(ListItem.Label,Picture Add-ons)</visible>
					<fadetime>IconCrossfadeTime</fadetime>
				</control>
			</control>
			<control type="grouplist">
				<left>1276</left>
				<top>105</top>
				<itemgap>15</itemgap>
				<visible>Container.Content(addons)</visible>
				<control type="image">
					<visible>!IsEmpty(ListItem.Art(thumb))</visible>
					<width>560</width>
					<height>560</height>
					<aspectratio align="center" aligny="center">scale</aspectratio>
					<texture background="true">$INFO[ListItem.Art(thumb)]</texture>
					<fadetime>IconCrossfadeTime</fadetime>
				</control>
				<control type="textbox">
					<description>Description</description>
					<width>560</width>
					<height>275</height>
					<font>font14_textbox5</font>
					<textcolor>$VAR[ColorTextVar]</textcolor>
					<label>$INFO[ListItem.Property(Addon.Description)]</label>
					<autoscroll time="3000" delay="4000" repeat="5000">Skin.HasSetting(Enable.AutoScroll)</autoscroll>
				</control>
			</control>
		</control>
	</include>
</includes>