<?xml version="1.0" encoding="UTF-8"?>
<includes>
	<include name="Video_56_Posters">
		<control type="group">
			<visible>Control.IsVisible(56)</visible>
			<include>ViewAnimation</include>
			<control type="group">
				<left>8</left>
				<top>-45</top>
				<control type="group" id="5801">
					<visible>Container(56).OnPrevious</visible>
					<animation effect="slide" end="0,0" time="200" reversible="false">Hidden</animation>
					<!-- Hide Far Right Thumb On Move Previous -->
					<control type="group">
						<left>1731</left>
						<top>498</top>
						<width>216</width>
						<height>506</height>
						<visible>Container(56).OnPrevious</visible>
						<animation type="Hidden" reversible="false">
							<effect type="fade" start="100" end="0" time="200" />
							<effect type="slide" end="48,0" time="200" />
						</animation>
						<control type="group">
							<visible>!IsEmpty(Container.ListItemNoWrap(9).FolderPath)</visible>
							<control type="image">
								<left>7</left>
								<top>4</top>
								<width>200</width>
								<height>282</height>
								<aspectratio>scale</aspectratio>
								<texture background="true" fallback="thumbs/diffuse.png">$VAR[ShowcaseItem9Var]</texture>
								<bordersize>20</bordersize>
								<fadetime>0</fadetime>
							</control>
							<control type="image">
								<left>7</left>
								<top>4</top>
								<width>200</width>
								<height>282</height>
								<texture>thumbs/diffuse.png</texture>
								<bordersize>20</bordersize>
								<fadetime>0</fadetime>
							</control>
							<control type="image">
								<left>157</left>
								<top>24</top>
								<width>30</width>
								<height>30</height>
								<texture>$VAR[IconOverlay9Var]</texture>
							</control>
						</control>
					</control>
					<!-- Move Panel 8 to 9-->
					<control type="group">
						<left>1617</left>
						<top>468</top>
						<width>260</width>
						<height>608</height>
						<visible>Container(56).OnPrevious</visible>
						<animation effect="zoom" start="1617,468,260,608" end="1731,498,216,506" time="200" reversible="false">Hidden</animation>
						<control type="group">
							<visible>!IsEmpty(Container.ListItemNoWrap(8).FolderPath)</visible>
							<control type="image">
								<left>13</left>
								<top>8</top>
								<width>234</width>
								<height>331</height>
								<aspectratio>scale</aspectratio>
								<texture background="true" fallback="thumbs/diffuse.png">$VAR[ShowcaseItem8Var]</texture>
								<bordersize>20</bordersize>
								<fadetime>0</fadetime>
							</control>
							<control type="image">
								<left>13</left>
								<top>8</top>
								<width>234</width>
								<height>331</height>
								<texture>thumbs/diffuse.png</texture>
								<bordersize>20</bordersize>
								<fadetime>0</fadetime>
							</control>
							<control type="image">
								<left>189</left>
								<top>28</top>
								<width>38</width>
								<height>38</height>
								<texture>$VAR[IconOverlay8Var]</texture>
							</control>
						</control>
					</control>
					<!-- Move Panel 7 to 8-->
					<control type="group">
						<left>1488</left>
						<top>436</top>
						<width>304</width>
						<height>711</height>
						<visible>Container(56).OnPrevious</visible>
						<animation effect="zoom" start="1488,436,304,711" end="1617,468,260,608" time="200" reversible="false">Hidden</animation>
						<control type="group">
							<visible>!IsEmpty(Container.ListItemNoWrap(7).FolderPath)</visible>
							<control type="image">
								<left>19</left>
								<top>13</top>
								<width>266</width>
								<height>380</height>
								<aspectratio>scale</aspectratio>
								<texture background="true" fallback="thumbs/diffuse.png">$VAR[ShowcaseItem7Var]</texture>
								<bordersize>20</bordersize>
								<fadetime>0</fadetime>
							</control>
							<control type="image">
								<left>19</left>
								<top>13</top>
								<width>266</width>
								<height>380</height>
								<texture>thumbs/diffuse.png</texture>
								<bordersize>20</bordersize>
								<fadetime>0</fadetime>
							</control>
							<control type="image">
								<left>220</left>
								<top>33</top>
								<width>45</width>
								<height>45</height>
								<texture>$VAR[IconOverlay7Var]</texture>
							</control>
						</control>
					</control>
					<!-- Move Panel 6 to 7-->
					<control type="group">
						<left>1335</left>
						<top>406</top>
						<width>348</width>
						<height>814</height>
						<visible>Container(56).OnPrevious</visible>
						<animation effect="zoom" start="1335,406,348,814" end="1488,436,304,711" time="200" reversible="false">Hidden</animation>
						<control type="group">
							<visible>!IsEmpty(Container.ListItemNoWrap(6).FolderPath)</visible>
							<control type="image">
								<left>25</left>
								<top>19</top>
								<width>300</width>
								<height>427</height>
								<aspectratio>scale</aspectratio>
								<texture background="true" fallback="thumbs/diffuse.png">$VAR[ShowcaseItem6Var]</texture>
								<bordersize>20</bordersize>
								<fadetime>0</fadetime>
							</control>
							<control type="image">
								<left>25</left>
								<top>19</top>
								<width>300</width>
								<height>427</height>
								<texture>thumbs/diffuse.png</texture>
								<bordersize>20</bordersize>
								<fadetime>0</fadetime>
							</control>
							<control type="image">
								<left>253</left>
								<top>39</top>
								<width>52</width>
								<height>52</height>
								<texture>$VAR[IconOverlay6Var]</texture>
							</control>
						</control>
					</control>
					<!-- Move Panel 5 to 6-->
					<control type="group">
						<left>1152</left>
						<top>375</top>
						<width>393</width>
						<height>918</height>
						<visible>Container(56).OnPrevious</visible>
						<animation effect="zoom" start="1152,375,393,918" end="1335,406,348,814" time="200" reversible="false">Hidden</animation>
						<control type="group">
							<visible>!IsEmpty(Container.ListItemNoWrap(5).FolderPath)</visible>
							<control type="image">
								<left>30</left>
								<top>24</top>
								<width>332</width>
								<height>478</height>
								<aspectratio>scale</aspectratio>
								<texture background="true" fallback="thumbs/diffuse.png">$VAR[ShowcaseItem5Var]</texture>
								<bordersize>20</bordersize>
								<fadetime>0</fadetime>
							</control>
							<control type="image">
								<left>30</left>
								<top>24</top>
								<width>332</width>
								<height>478</height>
								<texture>thumbs/diffuse.png</texture>
								<bordersize>20</bordersize>
								<fadetime>0</fadetime>
							</control>
							<control type="image">
								<left>282</left>
								<top>44</top>
								<width>60</width>
								<height>60</height>
								<texture>$VAR[IconOverlay5Var]</texture>
							</control>
						</control>
					</control>
					<!-- Move Panel 4 to 5-->
					<control type="group">
						<left>933</left>
						<top>339</top>
						<width>436</width>
						<height>1022</height>
						<visible>Container(56).OnPrevious</visible>
						<animation effect="zoom" start="933,339,436,1022" end="1152,375,393,918" time="200" reversible="false">Hidden</animation>
						<control type="group">
							<visible>!IsEmpty(Container.ListItemNoWrap(4).FolderPath)</visible>
							<control type="image">
								<left>36</left>
								<top>28</top>
								<width>366</width>
								<height>528</height>
								<aspectratio>scale</aspectratio>
								<texture background="true" fallback="thumbs/diffuse.png">$VAR[ShowcaseItem4Var]</texture>
								<bordersize>20</bordersize>
								<fadetime>0</fadetime>
							</control>
							<control type="image">
								<left>36</left>
								<top>28</top>
								<width>366</width>
								<height>528</height>
								<texture>thumbs/diffuse.png</texture>
								<bordersize>20</bordersize>
								<fadetime>0</fadetime>
							</control>
							<control type="image">
								<left>314</left>
								<top>48</top>
								<width>68</width>
								<height>68</height>
								<texture>$VAR[IconOverlay4Var]</texture>
							</control>
						</control>
					</control>
					<!-- Move Panel 3 to 4-->
					<control type="group">
						<left>669</left>
						<top>308</top>
						<width>482</width>
						<height>1125</height>
						<visible>Container(56).OnPrevious</visible>
						<animation effect="zoom" start="669,308,482,1125" end="933,339,436,1022" time="200" reversible="false">Hidden</animation>
						<control type="group">
							<visible>!IsEmpty(Container.ListItemNoWrap(3).FolderPath)</visible>
							<control type="image">
								<left>42</left>
								<top>32</top>
								<width>398</width>
								<height>577</height>
								<aspectratio>scale</aspectratio>
								<texture background="true" fallback="thumbs/diffuse.png">$VAR[ShowcaseItem3Var]</texture>
								<bordersize>20</bordersize>
								<fadetime>0</fadetime>
							</control>
							<control type="image">
								<left>42</left>
								<top>32</top>
								<width>398</width>
								<height>577</height>
								<texture>thumbs/diffuse.png</texture>
								<bordersize>20</bordersize>
								<fadetime>0</fadetime>
							</control>
							<control type="image">
								<left>344</left>
								<top>52</top>
								<width>75</width>
								<height>75</height>
								<texture>$VAR[IconOverlay3Var]</texture>
							</control>
						</control>
					</control>
					<!-- Move Panel 2 to 3-->
					<control type="group">
						<left>354</left>
						<top>278</top>
						<width>525</width>
						<height>1228</height>
						<visible>Container(56).OnPrevious</visible>
						<animation effect="zoom" start="354,278,525,1228" end="669,308,482,1125" time="200" reversible="false">Hidden</animation>
						<control type="group">
							<visible>!IsEmpty(Container.ListItemNoWrap(2).FolderPath)</visible>
							<control type="image">
								<left>48</left>
								<top>37</top>
								<width>432</width>
								<height>626</height>
								<aspectratio>scale</aspectratio>
								<texture background="true" fallback="thumbs/diffuse.png">$VAR[ShowcaseItem2Var]</texture>
								<bordersize>20</bordersize>
								<fadetime>0</fadetime>
							</control>
							<control type="image">
								<left>48</left>
								<top>37</top>
								<width>432</width>
								<height>626</height>
								<texture>thumbs/diffuse.png</texture>
								<bordersize>20</bordersize>
								<fadetime>0</fadetime>
							</control>
							<control type="image">
								<left>377</left>
								<top>57</top>
								<width>82</width>
								<height>82</height>
								<texture>$VAR[IconOverlay2Var]</texture>
							</control>
						</control>
					</control>
					<!-- Move Panel 1 to 2-->
					<control type="group">
						<left>-26</left>
						<top>246</top>
						<width>570</width>
						<height>1334</height>
						<visible>Container(56).OnPrevious</visible>
						<animation effect="zoom" start="-26,246,570,1334" end="354,278,525,1228" time="200" reversible="false">Hidden</animation>
						<control type="group">
							<visible>!IsEmpty(Container.ListItemNoWrap(1).FolderPath)</visible>
							<control type="image">
								<left>54</left>
								<top>42</top>
								<width>466</width>
								<height>676</height>
								<aspectratio>scale</aspectratio>
								<texture background="true" fallback="thumbs/diffuse.png">$VAR[ShowcaseItem1Var]</texture>
								<bordersize>20</bordersize>
								<fadetime>0</fadetime>
							</control>
							<control type="image">
								<animation center="auto" easing="inout" effect="fade" end="100" start="0" time="0" tween="sine">Visible</animation>
								<left>54</left>
								<top>42</top>
								<width>466</width>
								<height>676</height>
								<texture>thumbs/diffuse.png</texture>
								<bordersize>20</bordersize>
								<fadetime>0</fadetime>
							</control>
							<control type="image">
								<left>408</left>
								<top>62</top>
								<width>90</width>
								<height>90</height>
								<texture>$VAR[IconOverlay1Var]</texture>
							</control>
						</control>
					</control>
					<!-- Show Far Left Thumb On Move Previous -->
					<control type="group">
						<left>-218</left>
						<top>246</top>
						<width>570</width>
						<height>1334</height>
						<visible>Container(56).OnPrevious</visible>
						<animation type="Hidden" reversible="false">
							<effect type="fade" end="100" time="200" />
							<effect type="slide" end="192,0" time="200" />
						</animation>
						<animation effect="fade" end="0" time="0" reversible="false">Visible</animation>
						<control type="group">
							<visible>!IsEmpty(Container.ListItemNoWrap(0).FolderPath)</visible>
							<control type="image">
								<left>54</left>
								<top>42</top>
								<width>466</width>
								<height>676</height>
								<aspectratio>scale</aspectratio>
								<texture background="true" fallback="thumbs/diffuse.png">$VAR[ShowcaseItem0Var]</texture>
								<bordersize>20</bordersize>
								<fadetime>0</fadetime>
							</control>
							<control type="image">
								<left>408</left>
								<top>62</top>
								<width>90</width>
								<height>90</height>
								<texture>$VAR[IconOverlay0Var]</texture>
							</control>
						</control>
					</control>
				</control>
				<control type="group" id="5802">
					<visible>Container(56).OnNext</visible>
					<animation effect="slide" end="0,0" time="200" reversible="false">Hidden</animation>
					<!-- Show Far Right Thumb On Move Next -->
					<control type="group">
						<left>1731</left>
						<top>498</top>
						<width>216</width>
						<height>506</height>
						<visible>Container(56).OnNext</visible>
						<animation type="Hidden" reversible="false">
							<effect type="fade" end="100" time="200" />
							<effect type="slide" start="48,0" end="0,0" time="200" />
						</animation>
						<animation effect="fade" end="0" time="0" reversible="false">Visible</animation>
						<control type="group">
							<visible>!IsEmpty(Container.ListItemNoWrap(8).FolderPath)</visible>
							<control type="image">
								<left>7</left>
								<top>4</top>
								<width>200</width>
								<height>282</height>
								<aspectratio>scale</aspectratio>
								<texture background="true" fallback="thumbs/diffuse.png">$VAR[ShowcaseItem8Var]</texture>
								<bordersize>20</bordersize>
								<fadetime>0</fadetime>
							</control>
							<control type="image">
								<left>7</left>
								<top>4</top>
								<width>200</width>
								<height>282</height>
								<texture>thumbs/diffuse.png</texture>
								<bordersize>20</bordersize>
								<fadetime>0</fadetime>
							</control>
							<control type="image">
								<left>153</left>
								<top>24</top>
								<width>30</width>
								<height>30</height>
								<texture>$VAR[IconOverlay8Var]</texture>
							</control>
						</control>
					</control>
					<!-- Move Panel 9 to 8-->
					<control type="group">
						<left>1731</left>
						<top>498</top>
						<width>216</width>
						<height>506</height>
						<visible>Container(56).OnNext</visible>
						<animation effect="zoom" start="1731,498,216,506" end="1617,468,260,608" time="200" reversible="false">Hidden</animation>
						<control type="group">
							<visible>!IsEmpty(Container.ListItemNoWrap(7).FolderPath)</visible>
							<control type="image">
								<left>7</left>
								<top>4</top>
								<width>200</width>
								<height>282</height>
								<aspectratio>scale</aspectratio>
								<texture background="true" fallback="thumbs/diffuse.png">$VAR[ShowcaseItem7Var]</texture>
								<bordersize>20</bordersize>
								<fadetime>0</fadetime>
							</control>
							<control type="image">
								<left>7</left>
								<top>4</top>
								<width>200</width>
								<height>282</height>
								<texture>thumbs/diffuse.png</texture>
								<bordersize>20</bordersize>
								<fadetime>0</fadetime>
							</control>
							<control type="image">
								<left>157</left>
								<top>24</top>
								<width>30</width>
								<height>30</height>
								<texture>$VAR[IconOverlay7Var]</texture>
							</control>
						</control>
					</control>
					<!-- Move Panel 8 to 7-->
					<control type="group">
						<left>1617</left>
						<top>468</top>
						<width>260</width>
						<height>608</height>
						<visible>Container(56).OnNext</visible>
						<animation effect="zoom" start="1617,468,260,608" end="1488,436,304,711" time="200" reversible="false">Hidden</animation>
						<control type="group">
							<visible>!IsEmpty(Container.ListItemNoWrap(6).FolderPath)</visible>
							<control type="image">
								<left>13</left>
								<top>8</top>
								<width>234</width>
								<height>331</height>
								<aspectratio>scale</aspectratio>
								<texture background="true" fallback="thumbs/diffuse.png">$VAR[ShowcaseItem6Var]</texture>
								<bordersize>20</bordersize>
								<fadetime>0</fadetime>
							</control>
							<control type="image">
								<left>13</left>
								<top>8</top>
								<width>234</width>
								<height>331</height>
								<texture>thumbs/diffuse.png</texture>
								<bordersize>20</bordersize>
								<fadetime>0</fadetime>
							</control>
							<control type="image">
								<left>190</left>
								<top>28</top>
								<width>38</width>
								<height>38</height>
								<texture>$VAR[IconOverlay6Var]</texture>
							</control>
						</control>
					</control>
					<!-- Move Panel 7 to 6-->
					<control type="group">
						<left>1488</left>
						<top>436</top>
						<width>304</width>
						<height>711</height>
						<visible>Container(56).OnNext</visible>
						<animation effect="zoom" start="1488,436,304,711" end="1335,406,348,814" time="200" reversible="false">Hidden</animation>
						<control type="group">
							<visible>!IsEmpty(Container.ListItemNoWrap(5).FolderPath)</visible>
							<control type="image">
								<left>19</left>
								<top>13</top>
								<width>266</width>
								<height>380</height>
								<aspectratio>scale</aspectratio>
								<texture background="true" fallback="thumbs/diffuse.png">$VAR[ShowcaseItem5Var]</texture>
								<bordersize>20</bordersize>
								<fadetime>0</fadetime>
							</control>
							<control type="image">
								<left>19</left>
								<top>13</top>
								<width>266</width>
								<height>380</height>
								<texture>thumbs/diffuse.png</texture>
								<bordersize>20</bordersize>
								<fadetime>0</fadetime>
							</control>
							<control type="image">
								<left>220</left>
								<top>33</top>
								<width>45</width>
								<height>45</height>
								<texture>$VAR[IconOverlay5Var]</texture>
							</control>
						</control>
					</control>
					<!-- Move Panel 6 to 5-->
					<control type="group">
						<left>1335</left>
						<top>406</top>
						<width>348</width>
						<height>814</height>
						<visible>Container(56).OnNext</visible>
						<animation effect="zoom" start="1335,406,348,814" end="1152,375,393,918" time="200" reversible="false">Hidden</animation>
						<control type="group">
							<visible>!IsEmpty(Container.ListItemNoWrap(4).FolderPath)</visible>
							<control type="image">
								<left>25</left>
								<top>19</top>
								<width>300</width>
								<height>427</height>
								<aspectratio>scale</aspectratio>
								<texture background="true" fallback="thumbs/diffuse.png">$VAR[ShowcaseItem4Var]</texture>
								<bordersize>20</bordersize>
								<fadetime>0</fadetime>
							</control>
							<control type="image">
								<left>25</left>
								<top>19</top>
								<width>300</width>
								<height>427</height>
								<texture>thumbs/diffuse.png</texture>
								<bordersize>20</bordersize>
								<fadetime>0</fadetime>
							</control>
							<control type="image">
								<left>253</left>
								<top>39</top>
								<width>52</width>
								<height>52</height>
								<texture>$VAR[IconOverlay4Var]</texture>
							</control>
						</control>
					</control>
					<!-- Move Panel 5 to 4-->
					<control type="group">
						<left>1152</left>
						<top>375</top>
						<width>393</width>
						<height>918</height>
						<visible>Container(56).OnNext</visible>
						<animation effect="zoom" start="1152,375,393,918" end="933,339,436,1022" time="200" reversible="false">Hidden</animation>
						<control type="group">
							<visible>!IsEmpty(Container.ListItemNoWrap(3).FolderPath)</visible>
							<control type="image">
								<left>30</left>
								<top>24</top>
								<width>332</width>
								<height>478</height>
								<aspectratio>scale</aspectratio>
								<texture background="true" fallback="thumbs/diffuse.png">$VAR[ShowcaseItem3Var]</texture>
								<bordersize>20</bordersize>
								<fadetime>0</fadetime>
							</control>
							<control type="image">
								<left>30</left>
								<top>24</top>
								<width>332</width>
								<height>478</height>
								<texture>thumbs/diffuse.png</texture>
								<bordersize>20</bordersize>
								<fadetime>0</fadetime>
							</control>
							<control type="image">
								<left>283</left>
								<top>44</top>
								<width>60</width>
								<height>60</height>
								<texture>$VAR[IconOverlay3Var]</texture>
							</control>
						</control>
					</control>
					<!-- Move Panel 4 to 3-->
					<control type="group">
						<left>933</left>
						<top>339</top>
						<width>436</width>
						<height>1022</height>
						<visible>Container(56).OnNext</visible>
						<animation effect="zoom" start="933,339,436,1022" end="669,308,482,1125" time="200" reversible="false">Hidden</animation>
						<control type="group">
							<visible>!IsEmpty(Container.ListItemNoWrap(2).FolderPath)</visible>
							<control type="image">
								<left>36</left>
								<top>28</top>
								<width>366</width>
								<height>528</height>
								<aspectratio>scale</aspectratio>
								<texture background="true" fallback="thumbs/diffuse.png">$VAR[ShowcaseItem2Var]</texture>
								<bordersize>20</bordersize>
								<fadetime>0</fadetime>
							</control>
							<control type="image">
								<left>36</left>
								<top>28</top>
								<width>366</width>
								<height>528</height>
								<texture>thumbs/diffuse.png</texture>
								<bordersize>20</bordersize>
								<fadetime>0</fadetime>
							</control>
							<control type="image">
								<left>314</left>
								<top>48</top>
								<width>68</width>
								<height>68</height>
								<texture>$VAR[IconOverlay2Var]</texture>
							</control>
						</control>
					</control>
					<!-- Move Panel 3 to 2-->
					<control type="group">
						<left>669</left>
						<top>308</top>
						<width>482</width>
						<height>1125</height>
						<visible>Container(56).OnNext</visible>
						<animation effect="zoom" start="669,308,482,1125" end="354,278,525,1228" time="200" reversible="false">Hidden</animation>
						<control type="group">
							<visible>!IsEmpty(Container.ListItemNoWrap(1).FolderPath)</visible>
							<control type="image">
								<left>42</left>
								<top>32</top>
								<width>398</width>
								<height>577</height>
								<aspectratio>scale</aspectratio>
								<texture background="true" fallback="thumbs/diffuse.png">$VAR[ShowcaseItem1Var]</texture>
								<bordersize>20</bordersize>
								<fadetime>0</fadetime>
							</control>
							<control type="image">
								<left>42</left>
								<top>32</top>
								<width>398</width>
								<height>577</height>
								<texture>thumbs/diffuse.png</texture>
								<bordersize>20</bordersize>
								<fadetime>0</fadetime>
							</control>
							<control type="image">
								<left>346</left>
								<top>52</top>
								<width>75</width>
								<height>75</height>
								<texture>$VAR[IconOverlay1Var]</texture>
							</control>
						</control>
					</control>
					<!-- Move Panel 2 to 1-->
					<control type="group">
						<left>354</left>
						<top>278</top>
						<width>525</width>
						<height>1228</height>
						<visible>Container(56).OnNext</visible>
						<animation effect="zoom" start="354,278,525,1228" end="-26,246,570,1334" time="200" reversible="false">Hidden</animation>
						<control type="group">
							<visible>!IsEmpty(Container.ListItemNoWrap(0).FolderPath)</visible>
							<control type="image">
								<left>48</left>
								<top>37</top>
								<width>432</width>
								<height>626</height>
								<aspectratio>scale</aspectratio>
								<texture background="true" fallback="thumbs/diffuse.png">$VAR[ShowcaseItem0Var]</texture>
								<bordersize>20</bordersize>
								<fadetime>0</fadetime>
							</control>
							<control type="image">
								<animation center="auto" easing="inout" effect="fade" end="0" start="100" time="0" tween="sine">Visible</animation>
								<left>48</left>
								<top>37</top>
								<width>432</width>
								<height>626</height>
								<texture>thumbs/diffuse.png</texture>
								<bordersize>20</bordersize>
								<fadetime>0</fadetime>
							</control>
							<control type="image">
								<left>377</left>
								<top>57</top>
								<width>82</width>
								<height>82</height>
								<texture>$VAR[IconOverlay0Var]</texture>
							</control>
						</control>
					</control>
					<!-- Hide Far Left Thumb On Move Next -->
					<control type="group">
						<left>16</left>
						<top>308</top>
						<width>484</width>
						<height>1272</height>
						<visible>Container(56).OnNext</visible>
						<animation type="Hidden" reversible="false">
							<effect type="fade" start="100" end="0" time="200" />
							<effect type="slide" end="-192,0" time="200" />
						</animation>
						<control type="group">
							<visible>!IsEmpty(Container.ListItemNoWrap(-1).FolderPath)</visible>
							<control type="image">
								<left>0</left>
								<top>-20</top>
								<width>466</width>
								<height>676</height>
								<aspectratio>scale</aspectratio>
								<texture background="true" fallback="thumbs/diffuse.png">$VAR[ShowcaseItem-1Var]</texture>
								<bordersize>20</bordersize>
								<fadetime>0</fadetime>
							</control>
							<control type="image">
								<left>364</left>
								<width>90</width>
								<height>90</height>
								<texture>$VAR[IconOverlay-1Var]</texture>
							</control>
						</control>
					</control>
				</control>
				<!-- Static Panels -->
				<control type="group" id="5800">
					<visible>!Control.IsVisible(5801) + !Control.IsVisible(5802)</visible>
					<!-- Panel 9 -->
					<control type="group">
						<left>1731</left>
						<top>498</top>
						<width>216</width>
						<height>506</height>
						<control type="group">
							<visible>!IsEmpty(Container.ListItemNoWrap(8).FolderPath)</visible>
							<control type="image">
								<left>7</left>
								<top>4</top>
								<width>200</width>
								<height>282</height>
								<aspectratio>scale</aspectratio>
								<texture background="true" fallback="thumbs/diffuse.png">$VAR[ShowcaseItem8Var]</texture>
								<bordersize>20</bordersize>
								<fadetime>0</fadetime>
							</control>
							<control type="image">
								<left>7</left>
								<top>4</top>
								<width>200</width>
								<height>282</height>
								<texture>thumbs/diffuse.png</texture>
								<bordersize>20</bordersize>
								<fadetime>0</fadetime>
							</control>
							<control type="image">
								<left>153</left>
								<top>24</top>
								<width>30</width>
								<height>30</height>
								<texture>$VAR[IconOverlay8Var]</texture>
							</control>
						</control>
					</control>
					<!-- Panel 8 -->
					<control type="group">
						<left>1617</left>
						<top>468</top>
						<width>260</width>
						<height>608</height>
						<control type="group">
							<visible>!IsEmpty(Container.ListItemNoWrap(7).FolderPath)</visible>
							<control type="image">
								<left>13</left>
								<top>8</top>
								<width>234</width>
								<height>331</height>
								<aspectratio>scale</aspectratio>
								<texture background="true" fallback="thumbs/diffuse.png">$VAR[ShowcaseItem7Var]</texture>
								<bordersize>20</bordersize>
								<fadetime>0</fadetime>
							</control>
							<control type="image">
								<left>13</left>
								<top>8</top>
								<width>234</width>
								<height>331</height>
								<texture>thumbs/diffuse.png</texture>
								<bordersize>20</bordersize>
								<fadetime>0</fadetime>
							</control>
							<control type="image">
								<left>189</left>
								<top>28</top>
								<width>38</width>
								<height>38</height>
								<texture>$VAR[IconOverlay7Var]</texture>
							</control>
						</control>
					</control>
					<!-- Panel 7 -->
					<control type="group">
						<left>1488</left>
						<top>436</top>
						<width>304</width>
						<height>711</height>
						<control type="group">
							<visible>!IsEmpty(Container.ListItemNoWrap(6).FolderPath)</visible>
							<control type="image">
								<left>19</left>
								<top>13</top>
								<width>266</width>
								<height>380</height>
								<aspectratio>scale</aspectratio>
								<texture background="true" fallback="thumbs/diffuse.png">$VAR[ShowcaseItem6Var]</texture>
								<bordersize>20</bordersize>
								<fadetime>0</fadetime>
							</control>
							<control type="image">
								<left>19</left>
								<top>13</top>
								<width>266</width>
								<height>380</height>
								<texture>thumbs/diffuse.png</texture>
								<bordersize>20</bordersize>
								<fadetime>0</fadetime>
							</control>
							<control type="image">
								<left>220</left>
								<top>33</top>
								<width>45</width>
								<height>45</height>
								<texture>$VAR[IconOverlay6Var]</texture>
							</control>
						</control>
					</control>
					<!-- Panel 6 -->
					<control type="group">
						<left>1335</left>
						<top>406</top>
						<width>348</width>
						<height>814</height>
						<control type="group">
							<visible>!IsEmpty(Container.ListItemNoWrap(5).FolderPath)</visible>
							<control type="image">
								<left>25</left>
								<top>19</top>
								<width>300</width>
								<height>427</height>
								<aspectratio>scale</aspectratio>
								<texture background="true" fallback="thumbs/diffuse.png">$VAR[ShowcaseItem5Var]</texture>
								<bordersize>20</bordersize>
								<fadetime>0</fadetime>
							</control>
							<control type="image">
								<left>25</left>
								<top>19</top>
								<width>300</width>
								<height>427</height>
								<texture>thumbs/diffuse.png</texture>
								<bordersize>20</bordersize>
								<fadetime>0</fadetime>
							</control>
							<control type="image">
								<left>253</left>
								<top>39</top>
								<width>52</width>
								<height>52</height>
								<texture>$VAR[IconOverlay5Var]</texture>
							</control>
						</control>
					</control>
					<!-- Panel 5 -->
					<control type="group">
						<left>1152</left>
						<top>375</top>
						<width>393</width>
						<height>918</height>
						<control type="group">
							<visible>!IsEmpty(Container.ListItemNoWrap(4).FolderPath)</visible>
							<control type="image">
								<left>30</left>
								<top>24</top>
								<width>332</width>
								<height>478</height>
								<aspectratio>scale</aspectratio>
								<texture background="true" fallback="thumbs/diffuse.png">$VAR[ShowcaseItem4Var]</texture>
								<bordersize>20</bordersize>
								<fadetime>0</fadetime>
							</control>
							<control type="image">
								<left>30</left>
								<top>24</top>
								<width>332</width>
								<height>478</height>
								<texture>thumbs/diffuse.png</texture>
								<bordersize>20</bordersize>
								<fadetime>0</fadetime>
							</control>
							<control type="image">
								<left>282</left>
								<top>44</top>
								<width>60</width>
								<height>60</height>
								<texture>$VAR[IconOverlay4Var]</texture>
							</control>
						</control>
					</control>
					<!-- Panel 4 -->
					<control type="group">
						<left>933</left>
						<top>339</top>
						<width>436</width>
						<height>1022</height>
						<control type="group">
							<visible>!IsEmpty(Container.ListItemNoWrap(3).FolderPath)</visible>
							<control type="image">
								<left>36</left>
								<top>28</top>
								<width>366</width>
								<height>528</height>
								<aspectratio>scale</aspectratio>
								<texture background="true" fallback="thumbs/diffuse.png">$VAR[ShowcaseItem3Var]</texture>
								<bordersize>20</bordersize>
								<fadetime>0</fadetime>
							</control>
							<control type="image">
								<left>36</left>
								<top>28</top>
								<width>366</width>
								<height>528</height>
								<texture>thumbs/diffuse.png</texture>
								<bordersize>20</bordersize>
								<fadetime>0</fadetime>
							</control>
							<control type="image">
								<left>314</left>
								<top>48</top>
								<width>68</width>
								<height>68</height>
								<texture>$VAR[IconOverlay3Var]</texture>
							</control>
						</control>
					</control>
					<!-- Panel 3 -->
					<control type="group">
						<left>669</left>
						<top>308</top>
						<width>482</width>
						<height>1125</height>
						<control type="group">
							<visible>!IsEmpty(Container.ListItemNoWrap(2).FolderPath)</visible>
							<control type="image">
								<left>42</left>
								<top>32</top>
								<width>398</width>
								<height>577</height>
								<aspectratio>scale</aspectratio>
								<texture background="true" fallback="thumbs/diffuse.png">$VAR[ShowcaseItem2Var]</texture>
								<bordersize>20</bordersize>
								<fadetime>0</fadetime>
							</control>
							<control type="image">
								<left>42</left>
								<top>32</top>
								<width>398</width>
								<height>577</height>
								<texture>thumbs/diffuse.png</texture>
								<bordersize>20</bordersize>
								<fadetime>0</fadetime>
							</control>
							<control type="image">
								<left>345</left>
								<top>52</top>
								<width>75</width>
								<height>75</height>
								<texture>$VAR[IconOverlay2Var]</texture>
							</control>
						</control>
					</control>
					<!-- Panel 2 -->
					<control type="group">
						<left>354</left>
						<top>278</top>
						<width>525</width>
						<height>1228</height>
						<control type="group">
							<visible>!IsEmpty(Container.ListItemNoWrap(1).FolderPath)</visible>
							<control type="image">
								<left>48</left>
								<top>37</top>
								<width>432</width>
								<height>626</height>
								<aspectratio>scale</aspectratio>
								<texture background="true" fallback="thumbs/diffuse.png">$VAR[ShowcaseItem1Var]</texture>
								<bordersize>20</bordersize>
								<fadetime>0</fadetime>
							</control>
							<control type="image">
								<left>48</left>
								<top>37</top>
								<width>432</width>
								<height>626</height>
								<texture>thumbs/diffuse.png</texture>
								<bordersize>20</bordersize>
								<fadetime>0</fadetime>
							</control>
							<control type="image">
								<left>378</left>
								<top>57</top>
								<width>82</width>
								<height>82</height>
								<texture>$VAR[IconOverlay1Var]</texture>
							</control>
						</control>
					</control>
					<!-- Panel 1 -->
					<control type="group">
						<left>-26</left>
						<top>246</top>
						<width>570</width>
						<height>1334</height>
						<control type="group">
							<visible>!IsEmpty(Container.ListItemNoWrap(0).FolderPath)</visible>
							<control type="image">
								<left>54</left>
								<top>42</top>
								<width>466</width>
								<height>676</height>
								<aspectratio>scale</aspectratio>
								<texture background="true" fallback="thumbs/diffuse.png">$VAR[ShowcaseItem0Var]</texture>
								<bordersize>20</bordersize>
								<fadetime>0</fadetime>
							</control>
							<!--<control type="image">
								<animation center="auto" easing="inout" effect="fade" end="0" start="100" time="300" tween="sine">Visible</animation>
								<left>54</left>
								<top>42</top>
								<width>466</width>
								<height>676</height>
								<texture>thumbs/diffuse.png</texture>
								<bordersize>20</bordersize>
								<fadetime>0</fadetime>
							</control>-->
							<control type="image">
								<left>410</left>
								<top>62</top>
								<width>90</width>
								<height>90</height>
								<texture>$VAR[IconOverlay0Var]</texture>
							</control>
						</control>
					</control>
				</control>
			</control>
			<control type="scrollbar" id="60">
				<left>0</left>
				<top>1051</top>
				<width>FullScreenWidth</width>
				<height>14</height>
				<onup>57</onup>
				<ondown>57</ondown>
				<orientation>horizontal</orientation>
			</control>
			<control type="fixedlist" id="56">
				<left>0</left>
				<top>460</top>
				<width>1890</width>
				<height>560</height>
				<onup>SetProperty(MediaMenu,True,home)</onup>
				<onup>SetFocus(9050)</onup>
				<ondown>60</ondown>
				<orientation>horizontal</orientation>
				<viewtype label="31016">Wraplist of Posters</viewtype>
				<pagecontrol>60</pagecontrol>
				<focusposition>1</focusposition>
				<preloaditems>2</preloaditems>
				<itemlayout width="210" height="750" />
				<focusedlayout width="210" height="750" />
			</control>
			<control type="group">
				<left>25</left>
				<top>920</top>
				<include>VisibleFadeEffect</include>
				<visible>Window.IsActive(videos)</visible>
				<control type="label">
					<left>0</left>
					<top>0</top>
					<width>1150</width>
					<height>42</height>
					<align>left</align>
					<font>font16_title</font>
					<textcolor>$VAR[ColorTextVar]</textcolor>
					<scroll>true</scroll>
					<label>[B]$INFO[ListItem.Label][/B]</label>
					<textoffsetx>30</textoffsetx>
				</control>
				<control type="label">
					<left>0</left>
					<top>45</top>
					<width>1100</width>
					<height>30</height>
					<align>left</align>
					<font>font13_title</font>
					<textcolor>$VAR[ColorTextVar]</textcolor>
					<label>$VAR[FloorSubLabelVar]</label>
					<textoffsetx>30</textoffsetx>
				</control>
			</control>
			<control type="group">
				<left>1500</left>
				<top>920</top>
				<width>1840</width>
				<height>90</height>
				<orientation>horizontal</orientation>
				<include>VisibleFadeEffect</include>
				<visible>Container.Content(tvshows) | Container.Content(seasons)</visible>
				<control type="image" id="800014">
					<left>32</left>
					<width>198</width>
					<include>MediaFlagVars</include>
					<bordersize>2</bordersize>
					<texture>$INFO[ListItem.Studio,flags/studios/,.png]</texture>
					<visible>!IsEmpty(Control.GetLabel(800014))</visible>
				</control>
				<control type="label">
					<left>32</left>
					<width>198</width>
					<height>90</height>
					<align>center</align>
					<label>$INFO[ListItem.Studio]</label>
					<font>font10</font>
					<textcolor>$VAR[ColorTextVar]</textcolor>
					<wrapmultiline>true</wrapmultiline>
					<visible>IsEmpty(Control.GetLabel(800014))</visible>
				</control>
				<control type="image">
					<left>230</left>
					<include>MediaFlagVars</include>
					<texture fallback="flags/mpaa/NR.png">$VAR[RatingFlagVar]</texture>
				</control>
			</control>
			<control type="group">
				<left>1410</left>
				<top>920</top>
				<width>1840</width>
				<height>90</height>
				<include>VisibleFadeEffect</include>
				<visible>![Container.Content(tvshows) | Container.Content(seasons) | Container.Content(files)]</visible>
				<visible>!StringCompare(Container.SortMethod,$LOCALIZE[13409])</visible>
				<control type="image">
					<include>MediaFlagVars</include>
					<texture>$INFO[ListItem.VideoResolution,flags/resolution/,.png]</texture>
					<visible>!IsEmpty(ListItem.VideoResolution)</visible>
				</control>
				<control type="image">
					<left>160</left>
					<include>MediaFlagVars</include>
					<texture>$INFO[ListItem.AudioCodec,flags/audio/,.png]</texture>
					<visible>!IsEmpty(ListItem.AudioCodec)</visible>
				</control>
				<control type="image">
					<left>328</left>
					<include>MediaFlagVars</include>
					<texture>$VAR[SourceFlagVar,flags/video/,.png]</texture>
					<visible>!IsEmpty(ListItem.VideoCodec)</visible>
				</control>
			</control>
			<control type="group">
				<left>1520</left>
				<top>940</top>
				<width>500</width>
				<height>150</height>
				<include>VisibleFadeEffect</include>
				<visible>StringCompare(Container.SortMethod,$LOCALIZE[13409])</visible>
				<control type="image">
					<height>50</height>
					<colordiffuse>$VAR[ColorTextVar]</colordiffuse>
					<texture>imdb.png</texture>
					<aspectratio align="left" aligny="top">keep</aspectratio>
				</control>
				<control type="label">
					<left>15</left>
					<top>3</top>
					<width>200</width>
					<height>42</height>
					<font>font13</font>
					<textcolor>$VAR[ColorTextVar]</textcolor>
					<label>[B][UPPERCASE]$LOCALIZE[13409][/UPPERCASE] $INFO[ListItem.Top250,#][/B]</label>
					<align>left</align>
				</control>
			</control>
		</control>
	</include>
</includes>