<?xml version="1.0" encoding="UTF-8"?>
<includes>
	<!-- Details -->
	<include name="FanartDetails">
		<control type="image">
			<width>FullScreenWidth</width>
			<height>370</height>
			<texture>background.png</texture>
			<colordiffuse>$VAR[ColorBackgroundVar]</colordiffuse>
		</control>
		<control type="group">
			<visible>Container.Content(movies) | Container.Content(tvshows)</visible>
			<control type="image">
				<left>30</left>
				<top>30</top>
				<width>194</width>
				<height>290</height>
				<aspectratio aligny="center" align="center">scale</aspectratio>
				<texture background="true">$VAR[PosterThumb]</texture>
			</control>
			<control type="image">
				<left>164</left>
				<top>30</top>
				<width>60</width>
				<height>60</height>
				<texture>$VAR[OverlayVar]</texture>
				<aspectratio align="center" aligny="top">keep</aspectratio>
			</control>
			<control type="label">
				<top>15</top>
				<left>257</left>
				<width>1233</width>
				<height>70</height>
				<font>font35_title</font>
				<textcolor>$VAR[ColorTextVar]</textcolor>
				<align>left</align>
				<aligny>top</aligny>
				<label>$INFO[ListItem.Label]</label>
				<scroll>true</scroll>
			</control>
			<control type="label">
				<top>77</top>
				<left>257</left>
				<width>1633</width>
				<height>65</height>
				<font>font28_title</font>
				<textcolor>$VAR[ColorHighlightVar]</textcolor>
				<label>$VAR[FloorSubLabelVar]</label>
			</control>
			<control type="textbox">
				<top>140</top>
				<left>257</left>
				<width>1633</width>
				<height>180</height>
				<font>font15_textbox3</font>
				<aligny>top</aligny>
				<autoscroll time="3000" delay="4000" repeat="5000">Skin.HasSetting(Enable.AutoScroll)</autoscroll>
				<!--<include>ShowCaseInfoPanelButtonsValues</include>-->
				<label>$VAR[VideoPlotVar]</label>
			</control>
			<control type="image">
				<left>1585</left>
				<top>25</top>
				<width>400</width>
				<height>45</height>
				<aspectratio>keep</aspectratio>
				<texture colordiffuse="$VAR[ColorHighlightVar]" fallback="rating0.png">$INFO[ListItem.StarRating]</texture>
			</control>
		</control>
		<control type="group">
			<visible>Container.Content(artists)</visible>
			<control type="image">
				<left>30</left>
				<top>30</top>
				<width>290</width>
				<height>290</height>
				<aspectratio aligny="center" align="center">scale</aspectratio>
				<texture background="true">$VAR[MusicThumbVar]</texture>
			</control>
			<control type="label">
				<top>15</top>
				<left>353</left>
				<width>1250</width>
				<height>70</height>
				<font>font35_title</font>
				<textcolor>$VAR[ColorTextVar]</textcolor>
				<align>left</align>
				<aligny>top</aligny>
				<label>$INFO[ListItem.Label]</label>
				<scroll>true</scroll>
			</control>
			<control type="label">
				<top>77</top>
				<left>353</left>
				<width>1250</width>
				<height>65</height>
				<font>font28_title</font>
				<textcolor>$VAR[ColorHighlightVar]</textcolor>
				<label>$INFO[ListItem.Property(Artist_Genre)]</label>
			</control>
			<control type="textbox">
				<top>140</top>
				<left>353</left>
				<width>1537</width>
				<height>180</height>
				<font>font15_textbox3</font>
				<textcolor>$VAR[ColorTextVar]</textcolor>
				<align>left</align>
				<aligny>top</aligny>
				<autoscroll time="3000" delay="4000" repeat="5000">Skin.HasSetting(Enable.AutoScroll)</autoscroll>
				<include>ShowCaseInfoPanelButtonsValues</include>
				<label>$INFO[ListItem.Property(Artist_Description)]</label>
			</control>
		</control>
	</include>
	<include name="View_59_Fanart">
		<control type="group">
			<visible>Control.IsVisible(59) + !Window.IsActive(addoninformation)</visible>
			<animation effect="slide" end="0,-20" start="0,0" time="480" condition="[Player.HasAudio + !Skin.HasSetting(Disable.ShowPlayingMusic)] | [Player.HasVideo + !Skin.HasSetting(Disable.ShowPlayingVideo)]">Conditional</animation>
			<include>ViewAnimation</include>
			<control type="fixedlist" id="59">
				<left>0</left>
				<top>715</top>
				<width>FullScreenWidth</width>
				<height>370</height>
				<onleft>59</onleft>
				<onright>59</onright>
				<onup>SetProperty(MediaMenu,True,home)</onup>
				<onup>SetFocus(9050)</onup>
				<preloaditems>2</preloaditems>
				<focusposition>0</focusposition>
				<viewtype label="20445">list</viewtype>
				<scrolltime tween="quadratic" easing="out">300</scrolltime>
				<visible>[Container.Content(tvshows) | Container.Content(movies) | Container.Content(artists)]</visible>
				<orientation>horizontal</orientation>
				<itemlayout width="1920" height="370">
					<include>FanartDetails</include>
				</itemlayout>
				<focusedlayout width="1920" height="370">
					<include>FanartDetails</include>
				</focusedlayout>
			</control>
		</control>
	</include>
</includes>