<?xml version="1.0" encoding="utf-8"?>
<includes>
	<include name="ShiftFixedList">
		<control type="group">
			<visible>Control.IsVisible(57) + !Window.IsActive(addoninformation)</visible>
			<animation effect="slide" tween="cubic" time="720" start="0,806" end="0,0">VisibleChange</animation>
			<animation effect="slide" time="300" tween="sine" easing="inout" start="0,0" end="0,-230" condition="Window.IsActive(videos) + Skin.HasSetting(Enable.ShiftPlot) + ![Container.Content(addons) | Container.Content(sets)]">Conditional</animation>
			<control type="fixedlist" id="57">
				<include condition="Window.IsActive(videos)">Contents57VideoList</include>
				<include condition="!Window.IsActive(videos)">Contents57AlbumList</include>
			</control>
			<include>ShiftLabels</include>
		</control>
		<include>ShiftScrollbar</include>
	</include>
	<include name="Contents57VideoList">
		<left>-120</left>
		<top>275</top>
		<width>2200</width>
		<height>750</height>
		<onup>SetProperty(MediaMenu,True,home)</onup>
		<onup>SetFocus(9050)</onup>
		<onleft>57</onleft>
		<onright>57</onright>
		<ondown>60</ondown>
		<orientation>horizontal</orientation>
		<viewtype label="31079">BigWrap</viewtype>
		<pagecontrol>60</pagecontrol>
		<preloaditems>2</preloaditems>
		<scrolltime tween="quadratic">400</scrolltime>
		<focusposition>1</focusposition>
		<itemlayout width="315" height="750" condition="[[Container.Content(movies) | Container.Content(tvshows) | Container.Content(sets)] + !Skin.HasSetting(Enable.ShiftLandscape)] | Container.Content(seasons)">
			<control type="image">
				<left>-12</left>
				<top>100</top>
				<width>340</width>
				<height>490</height>
				<aspectratio scalediffuse="false">scale</aspectratio>
				<texture fallback="DefaultFallback.png" background="true">$VAR[PosterThumb]</texture>
				<bordersize>20</bordersize>
			</control>
			<control type="image">
				<left>-12</left>
				<top>100</top>
				<width>340</width>
				<height>490</height>
				<texture>thumbs/diffuse.png</texture>
				<bordersize>20</bordersize>
			</control>
			<control type="image">
				<left>248</left>
				<top>120</top>
				<width>60</width>
				<height>60</height>
				<texture>$VAR[OverlayVar]</texture>
				<aspectratio align="right" aligny="top">keep</aspectratio>
			</control>
		</itemlayout>
		<focusedlayout width="315" height="750" condition="[[Container.Content(movies) | Container.Content(tvshows) | Container.Content(sets)] + !Skin.HasSetting(Enable.ShiftLandscape)] | Container.Content(seasons)">
			<control type="group">
				<animation effect="zoom" center="auto" start="100" end="130" time="400" tween="quadratic" reversible="false">Focus</animation>
				<animation effect="zoom" center="auto" start="130" end="100" time="400" tween="quadratic" reversible="false">Unfocus</animation>
				<control type="image">
					<left>-12</left>
					<top>100</top>
					<width>340</width>
					<height>490</height>
					<aspectratio scalediffuse="false">scale</aspectratio>
					<texture fallback="DefaultFallback.png" background="true">$VAR[PosterThumb]</texture>
					<bordersize>20</bordersize>
				</control>
				<control type="image">
					<animation center="auto" condition="Control.HasFocus(57)" easing="inout" effect="fade" end="0" start="100" time="300" tween="sine">Focus</animation>
					<animation center="auto" condition="Control.HasFocus(57)" easing="inout" effect="fade" end="100" start="0" time="300" tween="sine">UnFocus</animation>
					<left>-12</left>
					<top>100</top>
					<width>340</width>
					<height>490</height>
					<texture>thumbs/diffuse.png</texture>
					<bordersize>20</bordersize>
				</control>
				<control type="image">
					<left>248</left>
					<top>120</top>
					<width>60</width>
					<height>60</height>
					<texture>$VAR[OverlayVar]</texture>
					<aspectratio align="right" aligny="top">keep</aspectratio>
				</control>
			</control>
		</focusedlayout>
		<itemlayout width="315" height="750" condition="Container.Content(musicvideos) | Container.Content(addons)">
			<control type="image">
				<left>-12</left>
				<top>265</top>
				<width>340</width>
				<height>340</height>
				<aspectratio scalediffuse="false">scale</aspectratio>
				<texture background="true">$INFO[ListItem.Icon]</texture>
				<bordersize>20</bordersize>
			</control>
			<control type="image">
				<left>-12</left>
				<top>265</top>
				<width>340</width>
				<height>340</height>
				<texture>thumbs/diffuse.png</texture>
				<bordersize>20</bordersize>
			</control>
			<control type="image">
				<visible>Container.Content(musicvideos)</visible>
				<left>248</left>
				<top>285</top>
				<width>60</width>
				<height>60</height>
				<texture>$VAR[OverlayVar]</texture>
				<aspectratio align="center" aligny="top">keep</aspectratio>
			</control>
		</itemlayout>
		<focusedlayout width="315" height="750" condition="Container.Content(musicvideos) | Container.Content(addons)">
			<control type="group">
				<animation effect="zoom" center="150,450" start="100" end="130" time="400" tween="quadratic" reversible="false">Focus</animation>
				<animation effect="zoom" center="150,450" start="130" end="100" time="400" tween="quadratic" reversible="false">Unfocus</animation>
				<control type="image">
					<left>-12</left>
					<top>265</top>
					<width>340</width>
					<height>340</height>
					<aspectratio scalediffuse="false">scale</aspectratio>
					<texture background="true">$INFO[ListItem.Icon]</texture>
					<bordersize>20</bordersize>
				</control>
				<control type="image">
					<animation center="auto" condition="Control.HasFocus(57)" easing="inout" effect="fade" end="0" start="100" time="300" tween="sine">Focus</animation>
					<animation center="auto" condition="Control.HasFocus(57)" easing="inout" effect="fade" end="100" start="0" time="300" tween="sine">UnFocus</animation>
					<left>-12</left>
					<top>265</top>
					<width>340</width>
					<height>340</height>
					<texture>thumbs/diffuse.png</texture>
					<bordersize>20</bordersize>
				</control>
				<control type="image">
					<visible>Container.Content(musicvideos)</visible>
					<left>248</left>
					<top>285</top>
					<width>60</width>
					<height>60</height>
					<texture>$VAR[OverlayVar]</texture>
					<aspectratio align="center" aligny="top">keep</aspectratio>
				</control>
			</control>
		</focusedlayout>
		<itemlayout width="588" height="750" condition="Container.Content(episodes) | [[Container.Content(movies) | Container.Content(tvshows)] + Skin.HasSetting(Enable.ShiftLandscape)]">
			<control type="image">
				<left>-237</left>
				<top>240</top>
				<width>610</width>
				<height>360</height>
				<aspectratio scalediffuse="false">scale</aspectratio>
				<texture background="true">$VAR[LandscapeArtVar]</texture>
				<bordersize>20</bordersize>
			</control>
			<control type="image">
				<visible>[Container.Content(movies) | Container.Content(tvshows)] + IsEmpty(ListItem.Art(landscape))</visible>
				<top>440</top>
                <left>-237</left>
                <width>610</width>
                <height>120</height>
                <texture background="true">$INFO[ListItem.Art(clearlogo)]</texture>
                <aspectratio align="center" aligny="bottom">keep</aspectratio>
            </control>
			<control type="image">
				<left>-237</left>
				<top>240</top>
				<width>610</width>
				<height>360</height>
				<texture>thumbs/diffuse.png</texture>
				<bordersize>20</bordersize>
			</control>
			<control type="image">
				<left>293</left>
				<top>260</top>
				<width>60</width>
				<height>60</height>
				<texture>$VAR[OverlayVar]</texture>
				<aspectratio align="center" aligny="top">keep</aspectratio>
			</control>
		</itemlayout>
		<focusedlayout width="588" height="750" condition="Container.Content(episodes) | [[Container.Content(movies) | Container.Content(tvshows)] + Skin.HasSetting(Enable.ShiftLandscape)]">
			<control type="group">
				<animation effect="zoom" center="80,426" start="100" end="130" time="400" tween="quadratic" reversible="false">Focus</animation>
				<animation effect="zoom" center="80,426" start="130" end="100" time="400" tween="quadratic" reversible="false">Unfocus</animation>
				<control type="image">
					<left>-237</left>
					<top>240</top>
					<width>610</width>
					<height>360</height>
					<aspectratio scalediffuse="false">scale</aspectratio>
					<texture background="true">$VAR[LandscapeArtVar]</texture>
					<bordersize>20</bordersize>
				</control>
				<control type="image">
					<visible>[Container.Content(movies) | Container.Content(tvshows)] + IsEmpty(ListItem.Art(landscape))</visible>
					<top>440</top>
	                <left>-237</left>
	                <width>610</width>
	                <height>120</height>
	                <texture background="true">$INFO[ListItem.Art(clearlogo)]</texture>
	                <aspectratio align="center" aligny="bottom">keep</aspectratio>
	            </control>
				<control type="image">
					<animation center="auto" condition="Control.HasFocus(57)" easing="inout" effect="fade" end="0" start="100" time="300" tween="sine">Focus</animation>
					<animation center="auto" condition="Control.HasFocus(57)" easing="inout" effect="fade" end="100" start="0" time="300" tween="sine">UnFocus</animation>
					<left>-237</left>
					<top>240</top>
					<width>610</width>
					<height>360</height>
					<texture>thumbs/diffuse.png</texture>
					<bordersize>20</bordersize>
				</control>
				<control type="image">
					<left>293</left>
					<top>260</top>
					<width>60</width>
					<height>60</height>
					<texture>$VAR[OverlayVar]</texture>
					<aspectratio align="center" aligny="top">keep</aspectratio>
				</control>
			</control>
		</focusedlayout>
	</include>
	<include name="Contents57AlbumList">
		<animation effect="slide" time="300" tween="sine" easing="inout" start="0,0" end="0,-230" condition="Skin.HasSetting(Enable.ShiftDescription) + !Container.Content(addons)">Conditional</animation>
		<left>-120</left>
		<top>275</top>
		<width>2100</width>
		<height>750</height>
		<onup>SetProperty(MediaMenu,True,home)</onup>
		<onup>SetFocus(9050)</onup>
		<onleft>57</onleft>
		<onright>57</onright>
		<ondown>60</ondown>
		<orientation>horizontal</orientation>
		<viewtype label="31079">BigWrap</viewtype>
		<pagecontrol>60</pagecontrol>
		<scrolltime tween="quadratic">400</scrolltime>
		<focusposition>1</focusposition>
		<itemlayout width="315" height="750">
			<control type="image">
				<left>-12</left>
				<top>265</top>
				<width>340</width>
				<height>340</height>
				<aspectratio scalediffuse="false">scale</aspectratio>
				<texture background="true">$INFO[ListItem.Icon]</texture>
				<bordersize>20</bordersize>
			</control>
			<control type="image">
				<left>-12</left>
				<top>265</top>
				<width>340</width>
				<height>340</height>
				<texture>thumbs/diffuse.png</texture>
				<bordersize>20</bordersize>
			</control>
			<control type="image">
				<left>248</left>
				<top>285</top>
				<width>60</width>
				<height>60</height>
				<texture>$VAR[OverlayVar]</texture>
				<aspectratio align="center" aligny="top">keep</aspectratio>
			</control>
		</itemlayout>
		<focusedlayout width="315" height="750">
			<control type="group">
				<animation effect="zoom" center="150,450" start="100" end="130" time="400" tween="quadratic" reversible="false">Focus</animation>
				<animation effect="zoom" center="150,450" start="130" end="100" time="400" tween="quadratic" reversible="false">Unfocus</animation>
				<control type="image">
					<left>-12</left>
					<top>265</top>
					<width>340</width>
					<height>340</height>
					<aspectratio scalediffuse="false">scale</aspectratio>
					<texture background="true">$INFO[ListItem.Icon]</texture>
					<bordersize>20</bordersize>
				</control>
				<control type="image">
					<animation center="auto" condition="Control.HasFocus(57)" easing="inout" effect="fade" end="0" start="100" time="300" tween="sine">Focus</animation>
					<animation center="auto" condition="Control.HasFocus(57)" easing="inout" effect="fade" end="100" start="0" time="300" tween="sine">UnFocus</animation>
					<left>-12</left>
					<top>265</top>
					<width>340</width>
					<height>340</height>
					<texture>thumbs/diffuse.png</texture>
					<bordersize>20</bordersize>
				</control>
				<control type="image">
					<left>248</left>
					<top>285</top>
					<width>60</width>
					<height>60</height>
					<texture>$VAR[OverlayVar]</texture>
					<aspectratio align="center" aligny="top">keep</aspectratio>
				</control>
			</control>
		</focusedlayout>
	</include>
	<include name="ShiftScrollbar">
		<control type="group">
			<visible>Control.IsVisible(57)</visible>
			<animation effect="slide" tween="cubic" time="720" start="0,806" end="0,0">VisibleChange</animation>
			<top>230</top>
			<control type="scrollbar" id="60">
				<animation effect="slide" time="0" start="0,0" end="0,15" condition="Container.Content(addons) + !Window.IsActive(videos) + !Window.IsActive(pictures)">Conditional</animation>
				<left>0</left>
				<top>821</top>
				<width>FullScreenWidth</width>
				<height>14</height>
				<onup>57</onup>
				<ondown>57</ondown>
				<orientation>horizontal</orientation>
			</control>
		</control>
	</include>
	<include name="ShiftLabels">
		<control type="group">
			<left>130</left>
			<top>920</top>
			<include>VisibleFadeEffect</include>
			<visible>Window.IsActive(videos)</visible>
			<control type="label">
				<left>0</left>
				<top>0</top>
				<width>1150</width>
				<height>42</height>
				<align>left</align>
				<font>font16_title</font>
				<textcolor>$VAR[ColorTextVar]</textcolor>
				<scroll>true</scroll>
				<label>[B]$INFO[ListItem.Label][/B]</label>
				<textoffsetx>30</textoffsetx>
			</control>
			<control type="label">
				<left>0</left>
				<top>45</top>
				<width>1100</width>
				<height>30</height>
				<align>left</align>
				<font>font13_title</font>
				<textcolor>$VAR[ColorTextVar]</textcolor>
				<label>$VAR[FloorSubLabelVar]</label>
				<textoffsetx>30</textoffsetx>
			</control>
			<control type="group">
				<left>30</left>
				<top>90</top>
				<control type="textbox">
					<visible>Skin.HasSetting(Enable.ShiftPlot)</visible>
					<animation effect="fade" time="300" tween="sine" easing="inout" start="0" end="100" delay="300">Visible</animation>
					<width>1633</width>
					<height>220</height>
					<font>font14_textbox4</font>
					<textcolor>$VAR[ColorTextVar]</textcolor>
					<align>left</align>
					<aligny>top</aligny>
					<autoscroll time="3000" delay="4000" repeat="5000">Skin.HasSetting(Enable.AutoScroll)</autoscroll>
					<include>ShowCaseInfoPanelButtonsValues</include>
					<label>$VAR[VideoPlotVar]</label>
				</control>
			</control>
		</control>
		<control type="group">
			<left>1444</left>
			<top>910</top>
			<width>1840</width>
			<height>90</height>
			<orientation>horizontal</orientation>
			<include>VisibleFadeEffect</include>
			<visible>Container.Content(tvshows) | Container.Content(seasons)</visible>
			<control type="image" id="800012">
				<left>32</left>
				<width>198</width>
				<include>MediaFlagVars</include>
				<bordersize>2</bordersize>
				<texture>$INFO[ListItem.Studio,flags/studios/,.png]</texture>
				<visible>!IsEmpty(Control.GetLabel(800012))</visible>
			</control>
			<control type="label">
				<left>32</left>
				<width>198</width>
				<height>90</height>
				<align>center</align>
				<label>$INFO[ListItem.Studio]</label>
				<font>font10</font>
				<textcolor>$VAR[ColorTextVar]</textcolor>
				<wrapmultiline>true</wrapmultiline>
				<visible>IsEmpty(Control.GetLabel(800012))</visible>
			</control>
			<control type="image">
				<left>230</left>
				<include>MediaFlagVars</include>
				<texture fallback="flags/mpaa/NR.png">$VAR[RatingFlagVar]</texture>
			</control>
		</control>
		<control type="group">
			<left>1325</left>
			<top>910</top>
			<width>1840</width>
			<height>90</height>
			<include>VisibleFadeEffect</include>
			<visible>Container.Content(movies) | Container.Content(episodes)</visible>
			<visible>!StringCompare(Container.SortMethod,$LOCALIZE[13409])</visible>
			<control type="image">
				<include>MediaFlagVars</include>
				<texture>$INFO[ListItem.VideoResolution,flags/resolution/,.png]</texture>
				<visible>!IsEmpty(ListItem.VideoResolution)</visible>
			</control>
			<control type="image">
				<left>160</left>
				<include>MediaFlagVars</include>
				<texture>$INFO[ListItem.AudioCodec,flags/audio/,.png]</texture>
				<visible>!IsEmpty(ListItem.AudioCodec)</visible>
			</control>
			<control type="image">
				<left>328</left>
				<include>MediaFlagVars</include>
				<texture>$VAR[SourceFlagVar,flags/video/,.png]</texture>
				<visible>!IsEmpty(ListItem.VideoCodec)</visible>
			</control>
		</control>
		<control type="group">
			<left>1477</left>
			<top>927</top>
			<width>500</width>
			<height>150</height>
			<include>VisibleFadeEffect</include>
			<visible>Container.Content(movies) + StringCompare(Container.SortMethod,$LOCALIZE[13409])</visible>
			<control type="image">
				<height>50</height>
				<colordiffuse>$VAR[ColorTextVar]</colordiffuse>
				<texture>imdb.png</texture>
				<aspectratio align="left" aligny="top">keep</aspectratio>
			</control>
			<control type="label">
				<left>15</left>
				<top>3</top>
				<width>200</width>
				<height>42</height>
				<font>font13</font>
				<textcolor>$VAR[ColorTextVar]</textcolor>
				<label>[B][UPPERCASE]$LOCALIZE[13409][/UPPERCASE] $INFO[ListItem.Top250,#][/B]</label>
				<align>left</align>
			</control>
		</control>
		<control type="group">
			<visible>Container.Content(artists) | Container.Content(albums) | Container.Content(addons) | [Container.Content(musicvideos) + !Window.IsActive(videos)]</visible>
			<animation effect="slide" time="300" tween="sine" easing="inout" start="0,0" end="0,-230" condition="Skin.HasSetting(Enable.ShiftDescription) + !Container.Content(addons)">Conditional</animation>
			<control type="group">
				<left>130</left>
				<top>920</top>
				<control type="label">
					<left>0</left>
					<top>0</top>
					<width>1300</width>
					<height>42</height>
					<align>left</align>
					<font>font16_title</font>
					<textcolor>$VAR[ColorTextVar]</textcolor>
					<scroll>true</scroll>
					<label>[B]$INFO[ListItem.Label][/B]</label>
					<textoffsety>-2</textoffsety>
					<textoffsetx>30</textoffsetx>
				</control>
				<control type="label">
					<left>0</left>
					<top>45</top>
					<width>1300</width>
					<height>30</height>
					<align>left</align>
					<font>font13_title</font>
					<textcolor>$VAR[ColorTextVar]</textcolor>
					<label>$VAR[FloorLabel2Var]</label>
					<textoffsetx>30</textoffsetx>
				</control>
				<control type="textbox">
					<visible>Skin.HasSetting(Enable.ShiftDescription) + !Container.Content(addons)</visible>
					<animation effect="fade" time="300" tween="sine" easing="inout" start="0" end="100" delay="300">Visible</animation>
					<top>90</top>
					<left>30</left>
					<width>1633</width>
					<height>220</height>
					<font>font14_textbox4</font>
					<textcolor>$VAR[ColorTextVar]</textcolor>
					<align>left</align>
					<aligny>top</aligny>
					<autoscroll time="3000" delay="4000" repeat="5000">Skin.HasSetting(Enable.AutoScroll)</autoscroll>
					<include>ShowCaseInfoPanelButtonsValues</include>
					<label>$VAR[MusicPlotVar]</label>
				</control>
			</control>
			<control type="grouplist">
				<top>915</top>
				<width>1820</width>
				<height>90</height>
				<align>right</align>
				<aligny>center</aligny>
				<itemgap>0</itemgap>
				<orientation>horizontal</orientation>
				<visible>Container.Content(albums)</visible>
				<control type="image">
					<width>198</width>
					<include>MediaFlagVars</include>
					<texture>$INFO[ListItem.FileExtension,flags/audio/,.png]</texture>
				</control>
				<control type="image">
					<width>198</width>
					<include>MediaFlagVars</include>
					<texture fallback="rating0.png">$INFO[ListItem.StarRating]</texture>
				</control>
				<control type="label">
					<width>198</width>
					<height>90</height>
					<align>center</align>
					<label fallback="• • • •">$INFO[ListItem.Year,[B],[/B]]</label>
					<font>font35_title</font>
					<textcolor>$VAR[ColorTextVar]</textcolor>
					<wrapmultiline>true</wrapmultiline>
				</control>
			</control>
		</control>
	</include>
</includes>