<?xml version="1.0" encoding="UTF-8"?>
<addon
  id="skin.mimic"
  version="2.3.0.0"
  name="Mimic"
  provider-name="bryanbrazil">
	<requires>
		<import addon="xbmc.gui" version="5.9.0"/>
		<import addon="script.grab.fanart" version="0.13.2"/>
		<import addon="script.skinshortcuts" version="0.4.5"/>
		<import addon="service.library.data.provider" version="0.0.7"/>
		<import addon="script.toolbox" version="1.1.0"/>
		<import addon="script.favourites" version="6.0.1"/>
	</requires>
	<extension
	  point="xbmc.gui.skin"
	  debugging="false"
	  effectslowdown="0.75">
		<res width="1920" height="1080" aspect="16:9" default="true" folder="1080i" />
	</extension>
	<extension point="xbmc.addon.metadata">
		<summary lang="de">Mimic von bryanbrazil</summary>
		<summary lang="en">Mimic by bryanbrazil</summary>
		<summary lang="en_AU">Mimic by bryanbrazil</summary>
		<summary lang="en_NZ">Mimic by bryanbrazil</summary>
		<summary lang="en_US">Mimic by bryanbrazil</summary>
		<summary lang="et">Mimic autorilt bryanbrazil</summary>
		<summary lang="fr">Mimic par bryanbrazil</summary>
		<summary lang="fr_CA">Mimique par bryanbrazil</summary>
		<summary lang="it">Mimic by bryanbrazil</summary>
		<summary lang="ko">bryanbrazil이 만든 Mimic</summary>
		<summary lang="lt">Mimic, sukurta bryanbrazil</summary>
		<summary lang="ms">Mimic oleh byranbrazil</summary>
		<summary lang="nl">Mimic door bryanbrazil</summary>
		<summary lang="pl">Mimic autorstwa bryanbrazil</summary>
		<summary lang="pt_BR">Mimic por bryanbrazil</summary>
		<summary lang="sr">Mimic od bryanbrazil</summary>
		<summary lang="sv">Mimic av bryanbrazil</summary>
		<summary lang="tr">Mimic, yazan: bryanbrazil</summary>
		<description lang="de">Mimic: Ein Kodi-Skin mit Einflüssen von reFocus und Aeon Nox. Vielen Dank an BigNoid und Jeroen.</description>
		<description lang="en">Mimic: A Kodi skin with touches of reFocus and Aeon Nox. Many thanks to BigNoid and Jeroen.</description>
		<description lang="en_AU">Mimic: A Kodi skin with touches of reFocus and Aeon Nox. Many thanks to BigNoid and Jeroen.</description>
		<description lang="en_NZ">Mimic: A Kodi skin with touches of reFocus and Aeon Nox. Many thanks to BigNoid and Jeroen.</description>
		<description lang="en_US">Mimic: A Kodi skin with touches of reFocus and Aeon Nox. Many thanks to BigNoid and Jeroen.</description>
		<description lang="et">Mimic on Kodi rüü, mis on saanud mõjutusi reFocus ja Aeon Nox rüüdest. Suured tänud, BigNoid ja Jeroen.</description>
		<description lang="fr">Mimic : un habillage pour Kodi avec des touches d'inspiration de reFocus et Aeon Nox. De grands mercis à BigNoid et Jeroen.</description>
		<description lang="fr_CA">Mimique : un habillage de Kodi avec des airs de reFocus et d'Aeon Nox grâce à BigNoid et Jeroen.</description>
		<description lang="ko">Mimic: reFocus와 Aeon Nox를 수정한 Kodi 스킨. BigNoid와 Jeroen에게 깊은 감사를 드립니다.</description>
		<description lang="lt">Mimic: Kodi teminė išvaizda, kurioje panaudoti elementai iš reFocus ir Aeon Nox. Didelis ačiū BigNoid ir Jeroen.</description>
		<description lang="ms">Mimic: Kulit Kodi dengan sentuhan reFocus dan Aeon Nox. Ucapan terima kasih buat BigNoid dan Jeroen.</description>
		<description lang="nl">Mimic is een Kodi skin geinspireerd door reFocus en Aeon Nox. Met dank aan BigNoid en Jeroen.</description>
		<description lang="pl">Mimic: Skóra Kodi z domieszką skór reFocus i Aeon Nox. Wielkie podziękowania dla BigNoid i Jeroen.</description>
		<description lang="pt_BR">Mimic: Uma skin Kodi con toques da reFocus e Aeon Nox. Meus agradecimentos a BigNoid e Jeroen.</description>
		<description lang="sr">Mimic: Kodi maska sa dozom reFocus i Aeon Nox. Mnogo hvala BigNoid i Jeroen.</description>
		<description lang="sv">Mimic: Ett Kodi-skal med en touch av reFocus och Aeon Nox. Många tack till BigNoid och Jeroen.</description>
		<description lang="tr">Mimic: reFocus ve Aeon Nox rötuşlarının kullanıldığı bir Kodi dış görünümü. BigNoid ve Jeroen'e çok teşekkürler.</description>
		<platform>all</platform>
		<license>GNU GENERAL PUBLIC LICENSE. Version 2, June 1991</license>
		<forum>http://forum.kodi.tv/showthread.php?tid=221728</forum>
		<website></website>
		<email></email>
		<source>https://github.com/bryanbrazil/skin.mimic</source>
	</extension>
</addon>
