<?xml version="1.0" encoding="UTF-8" standalone="yes"?>
<addon id="plugin.video.cbckids"
       name="CBC Kids & Sports"
       version="2016.07.07"
       provider-name="t1m">
  <requires>
    <import addon="xbmc.python" version="2.20.0"/>
    <import addon="script.module.t1mlib" version="1.0.14"/>
  </requires>
  <extension point="xbmc.python.pluginsource"
            library="default.py">
        <provides>video</provides>
  </extension>
  <extension point="xbmc.addon.metadata">
    <summary lang="en">CBC Kids & Sports</summary>
    <description lang="en">CBC Videos - Kid Shows & Sports Updates (OLYMPICS!)</description>
    <disclaimer lang="en">Feel free to use this script. For information visit the wiki.</disclaimer>
    <platform>all</platform>
    <language>en</language>
    <license>GNU GENERAL PUBLIC LICENSE. Version 2, June 1991</license>
    <forum></forum>
    <website>http://www.cbc.ca/player/</website>
    <email></email>
    <source>https://github.com/learningit/plugin.video.cbc</source>
  </extension>
</addon>
